{"refraction":{"VD":{"unit":"mm","value":0},"R":{"List":{"1":{"Sphere":{"unit":"D","value":-0.6},"Cylinder":{"unit":"D","value":-5.7},"Axis":{"unit":"deg","value":130}},"2":{"Sphere":{"unit":"D","value":-4.29},"Cylinder":{"unit":"D","value":-6.02},"Axis":{"unit":"deg","value":159}},"3":{"Sphere":{"unit":"D","value":-9.77},"Cylinder":{"unit":"D","value":-2.17},"Axis":{"unit":"deg","value":34}}},"Median":{"Sphere":{"unit":"D","value":-4.29},"Cylinder":{"unit":"D","value":-6.02},"Axis":{"unit":"deg","value":130}},"TargetEye":"Bino"},"L":{"List":{"1":{"Sphere":{"unit":"D","value":0.5},"Cylinder":{"unit":"D","value":-1.51},"Axis":{"unit":"deg","value":63}},"2":{"Sphere":{"unit":"D","value":-9.01},"Cylinder":{"unit":"D","value":-1.03},"Axis":{"unit":"deg","value":14}},"3":{"Sphere":{"unit":"D","value":-1.79},"Cylinder":{"unit":"D","value":4.56},"Axis":{"unit":"deg","value":100}}},"Median":{"Sphere":{"unit":"D","value":-9.01},"Cylinder":{"unit":"D","value":4.56},"Axis":{"unit":"deg","value":100}},"TargetEye":"Bino"}},"PD":{"Distance":{"value":62.599999999999994,"unit":"mm"}}}