{"date":{"first":"2019-03-13T14:17:20+05:30","last":""},"name":"One cycle of eye examination","private":{"sessionDate":"20190313","sessionTime":"141720","patientID":""},"children":[{"date":{"first":"2019-03-13T14:17:22+05:30","last":"2019-03-13T14:17:22+05:30"},"name":"objective measurement","private":[],"children":[{"date":{"first":"2019-03-13T14:17:22+05:30","last":"2019-03-13T14:17:22+05:30"},"name":"ChronosAlignment2","private":{"param":{"RangeXY":0.2,"RangeZ":0.375,"CorneaDetection":false,"infoForLog":{"sessionDate":"20190313","sessionPatientID":"empty141720","execTime":"20190313T141722+0530"}},"result":{"L":{"return":true,"HPD":{"unit":"mm","value":49.9}},"R":{"return":true,"HPD":{"unit":"mm","value":12.7}},"return":true}},"children":[]},{"date":{"first":"2019-03-13T14:17:22+05:30","last":"2019-03-13T14:17:22+05:30"},"name":"ChronosRef2","private":{"param":{"RoughMeasure":true,"infoForLog":{"sessionDate":"20190313","sessionPatientID":"empty141720","execTime":"20190313T141722+0530"}},"result":{"L":{"return":true,"Records":[{"Sphere":{"unit":"D","value":-8.93},"Cylinder":{"unit":"D","value":2.93},"Axis":{"unit":"deg","value":171}},{"Sphere":{"unit":"D","value":4.96},"Cylinder":{"unit":"D","value":3.25},"Axis":{"unit":"deg","value":126}},{"Sphere":{"unit":"D","value":8.37},"Cylinder":{"unit":"D","value":-4.19},"Axis":{"unit":"deg","value":70}}],"Median":{"Sphere":{"unit":"D","value":4.96},"Cylinder":{"unit":"D","value":-4.19},"Axis":{"unit":"deg","value":126}}},"R":{"return":true,"Records":[{"Sphere":{"unit":"D","value":6.19},"Cylinder":{"unit":"D","value":-3.71},"Axis":{"unit":"deg","value":161}},{"Sphere":{"unit":"D","value":-1.98},"Cylinder":{"unit":"D","value":-4.28},"Axis":{"unit":"deg","value":11}},{"Sphere":{"unit":"D","value":-7.8},"Cylinder":{"unit":"D","value":-8.09},"Axis":{"unit":"deg","value":116}}],"Median":{"Sphere":{"unit":"D","value":-7.8},"Cylinder":{"unit":"D","value":-3.71},"Axis":{"unit":"deg","value":116}}},"return":true}},"children":[]},{"date":{"first":"2019-03-13T14:17:22+05:30","last":"2019-03-13T14:17:22+05:30"},"name":"ChronosAlignment2","private":{"param":{"RangeXY":0.2,"RangeZ":0.375,"CorneaDetection":false,"infoForLog":{"sessionDate":"20190313","sessionPatientID":"empty141720","execTime":"20190313T141722+0530"}},"result":{"L":{"return":true,"HPD":{"unit":"mm","value":12.7}},"R":{"return":true,"HPD":{"unit":"mm","value":41}},"return":true}},"children":[]},{"date":{"first":"2019-03-13T14:17:22+05:30","last":"2019-03-13T14:17:22+05:30"},"name":"ChronosRef2","private":{"param":{"RoughMeasure":false,"DiopterShift":0,"infoForLog":{"sessionDate":"20190313","sessionPatientID":"empty141720","execTime":"20190313T141722+0530"}},"result":{"L":{"return":true,"Records":[{"Sphere":{"unit":"D","value":0.5},"Cylinder":{"unit":"D","value":-1.51},"Axis":{"unit":"deg","value":63}},{"Sphere":{"unit":"D","value":-9.01},"Cylinder":{"unit":"D","value":-1.03},"Axis":{"unit":"deg","value":14}},{"Sphere":{"unit":"D","value":-1.79},"Cylinder":{"unit":"D","value":4.56},"Axis":{"unit":"deg","value":100}}],"Median":{"Sphere":{"unit":"D","value":-9.01},"Cylinder":{"unit":"D","value":4.56},"Axis":{"unit":"deg","value":100}}},"R":{"return":true,"Records":[{"Sphere":{"unit":"D","value":-0.6},"Cylinder":{"unit":"D","value":-5.7},"Axis":{"unit":"deg","value":130}},{"Sphere":{"unit":"D","value":-4.29},"Cylinder":{"unit":"D","value":-6.02},"Axis":{"unit":"deg","value":159}},{"Sphere":{"unit":"D","value":-9.77},"Cylinder":{"unit":"D","value":-2.17},"Axis":{"unit":"deg","value":34}}],"Median":{"Sphere":{"unit":"D","value":-4.29},"Cylinder":{"unit":"D","value":-6.02},"Axis":{"unit":"deg","value":130}}},"return":true}},"children":[]}]},{"date":{"first":"2019-03-13T14:17:26+05:30","last":"2019-03-13T14:17:26+05:30"},"name":"objective measurement","private":[],"children":[{"date":{"first":"2019-03-13T14:17:26+05:30","last":"2019-03-13T14:17:26+05:30"},"name":"ChronosAlignment2","private":{"param":{"RangeXY":0.2,"RangeZ":0.375,"CorneaDetection":false,"infoForLog":{"sessionDate":"20190313","sessionPatientID":"empty141720","execTime":"20190313T141726+0530"}},"result":{"L":{"return":true,"HPD":{"unit":"mm","value":19.6}},"R":{"return":true,"HPD":{"unit":"mm","value":22.1}},"return":true}},"children":[]},{"date":{"first":"2019-03-13T14:17:26+05:30","last":"2019-03-13T14:17:26+05:30"},"name":"ChronosRef2","private":{"param":{"RoughMeasure":true,"infoForLog":{"sessionDate":"20190313","sessionPatientID":"empty141720","execTime":"20190313T141726+0530"}},"result":{"L":{"return":true,"Records":[{"Sphere":{"unit":"D","value":-6.53},"Cylinder":{"unit":"D","value":-4.96},"Axis":{"unit":"deg","value":101}},{"Sphere":{"unit":"D","value":-2.77},"Cylinder":{"unit":"D","value":8.6},"Axis":{"unit":"deg","value":109}},{"Sphere":{"unit":"D","value":-8.64},"Cylinder":{"unit":"D","value":-1.96},"Axis":{"unit":"deg","value":145}}],"Median":{"Sphere":{"unit":"D","value":-6.53},"Cylinder":{"unit":"D","value":-1.96},"Axis":{"unit":"deg","value":145}}},"R":{"return":true,"Records":[{"Sphere":{"unit":"D","value":3.52},"Cylinder":{"unit":"D","value":-9.17},"Axis":{"unit":"deg","value":129}},{"Sphere":{"unit":"D","value":-5.06},"Cylinder":{"unit":"D","value":-0.63},"Axis":{"unit":"deg","value":127}},{"Sphere":{"unit":"D","value":-1.63},"Cylinder":{"unit":"D","value":-1.59},"Axis":{"unit":"deg","value":92}}],"Median":{"Sphere":{"unit":"D","value":-1.63},"Cylinder":{"unit":"D","value":-1.59},"Axis":{"unit":"deg","value":129}}},"return":true}},"children":[]},{"date":{"first":"2019-03-13T14:17:26+05:30","last":"2019-03-13T14:17:26+05:30"},"name":"ChronosAlignment2","private":{"param":{"RangeXY":0.2,"RangeZ":0.375,"CorneaDetection":false,"infoForLog":{"sessionDate":"20190313","sessionPatientID":"empty141720","execTime":"20190313T141726+0530"}},"result":{"L":{"return":true,"HPD":{"unit":"mm","value":44.8}},"R":{"return":true,"HPD":{"unit":"mm","value":31.2}},"return":true}},"children":[]},{"date":{"first":"2019-03-13T14:17:26+05:30","last":"2019-03-13T14:17:26+05:30"},"name":"ChronosRef2","private":{"param":{"RoughMeasure":false,"DiopterShift":0,"infoForLog":{"sessionDate":"20190313","sessionPatientID":"empty141720","execTime":"20190313T141726+0530"}},"result":{"L":{"return":true,"Records":[{"Sphere":{"unit":"D","value":-4.11},"Cylinder":{"unit":"D","value":4.17},"Axis":{"unit":"deg","value":19}},{"Sphere":{"unit":"D","value":5.67},"Cylinder":{"unit":"D","value":-6.48},"Axis":{"unit":"deg","value":140}},{"Sphere":{"unit":"D","value":7.44},"Cylinder":{"unit":"D","value":6.9},"Axis":{"unit":"deg","value":159}}],"Median":{"Sphere":{"unit":"D","value":5.67},"Cylinder":{"unit":"D","value":6.9},"Axis":{"unit":"deg","value":140}}},"R":{"return":true,"Records":[{"Sphere":{"unit":"D","value":6.89},"Cylinder":{"unit":"D","value":4.28},"Axis":{"unit":"deg","value":174}},{"Sphere":{"unit":"D","value":-4.37},"Cylinder":{"unit":"D","value":-9.45},"Axis":{"unit":"deg","value":73}},{"Sphere":{"unit":"D","value":-3.23},"Cylinder":{"unit":"D","value":-2.48},"Axis":{"unit":"deg","value":174}}],"Median":{"Sphere":{"unit":"D","value":-3.23},"Cylinder":{"unit":"D","value":4.28},"Axis":{"unit":"deg","value":73}}},"return":true}},"children":[]}]},{"date":{"first":"2019-03-13T14:17:30+05:30","last":"2019-03-13T14:17:30+05:30"},"name":"objective measurement","private":[],"children":[{"date":{"first":"2019-03-13T14:17:30+05:30","last":"2019-03-13T14:17:30+05:30"},"name":"ChronosAlignment2","private":{"param":{"RangeXY":0.2,"RangeZ":0.375,"CorneaDetection":false,"infoForLog":{"sessionDate":"20190313","sessionPatientID":"empty141720","execTime":"20190313T141730+0530"}},"result":{"R":{"return":true,"HPD":{"unit":"mm","value":36.7}},"return":true}},"children":[]},{"date":{"first":"2019-03-13T14:17:30+05:30","last":"2019-03-13T14:17:30+05:30"},"name":"ChronosRef2","private":{"param":{"RoughMeasure":true,"infoForLog":{"sessionDate":"20190313","sessionPatientID":"empty141720","execTime":"20190313T141730+0530"}},"result":{"R":{"return":true,"Records":[{"Sphere":{"unit":"D","value":-0.2},"Cylinder":{"unit":"D","value":-4.97},"Axis":{"unit":"deg","value":64}},{"Sphere":{"unit":"D","value":-3.34},"Cylinder":{"unit":"D","value":-7.89},"Axis":{"unit":"deg","value":145}},{"Sphere":{"unit":"D","value":-4.71},"Cylinder":{"unit":"D","value":7.73},"Axis":{"unit":"deg","value":155}}],"Median":{"Sphere":{"unit":"D","value":-0.2},"Cylinder":{"unit":"D","value":7.73},"Axis":{"unit":"deg","value":145}}},"return":true}},"children":[]},{"date":{"first":"2019-03-13T14:17:30+05:30","last":"2019-03-13T14:17:30+05:30"},"name":"ChronosAlignment2","private":{"param":{"RangeXY":0.2,"RangeZ":0.375,"CorneaDetection":false,"infoForLog":{"sessionDate":"20190313","sessionPatientID":"empty141720","execTime":"20190313T141730+0530"}},"result":{"R":{"return":true,"HPD":{"unit":"mm","value":18.3}},"return":true}},"children":[]},{"date":{"first":"2019-03-13T14:17:30+05:30","last":"2019-03-13T14:17:30+05:30"},"name":"ChronosRef2","private":{"param":{"RoughMeasure":false,"DiopterShift":0,"infoForLog":{"sessionDate":"20190313","sessionPatientID":"empty141720","execTime":"20190313T141730+0530"}},"result":{"R":{"return":true,"Records":[{"Sphere":{"unit":"D","value":7.01},"Cylinder":{"unit":"D","value":-7.72},"Axis":{"unit":"deg","value":39}},{"Sphere":{"unit":"D","value":6.26},"Cylinder":{"unit":"D","value":-4.06},"Axis":{"unit":"deg","value":157}},{"Sphere":{"unit":"D","value":5.6},"Cylinder":{"unit":"D","value":-7.87},"Axis":{"unit":"deg","value":139}}],"Median":{"Sphere":{"unit":"D","value":7.01},"Cylinder":{"unit":"D","value":-7.87},"Axis":{"unit":"deg","value":157}}},"return":true}},"children":[]}]}]}