<?xml version="1.0" encoding="ISO-8859-1"?>
<employeedetails>
<details>
<employeecode>1111</employeecode>
<employeename>
<firstname>Seema</firstname>
<lastname>Dalvi</lastname>
</employeename>
<DOJ>09/08/97</DOJ>
<totalexperience>12</totalexperience>
<department>
<unit>3d</unit>
<loc>Mumbai</loc>
</department>
<designation>4</designation>
<salary>21000</salary>
<grade>b</grade>
</details>
<details>
<employeecode>222</employeecode>
<employeename>
<firstname>Bharati</firstname>
<lastname>Mantri</lastname>
</employeename>
<DOJ>12/01/99</DOJ>
<totalexperience>5</totalexperience>
<department>
<unit>4a</unit>
<loc>pune</loc>
</department>
<designation>2</designation>
<salary>12000</salary>
<grade>a</grade>
</details>
</employeedetails>