{"refraction":{"VD":{"unit":"mm","value":12},"R":{"List":{"1":{"Sphere":{"unit":"D","value":0.59},"Cylinder":{"unit":"D","value":-8.37},"Axis":{"unit":"deg","value":94}},"2":{"Sphere":{"unit":"D","value":6.71},"Cylinder":{"unit":"D","value":-4.37},"Axis":{"unit":"deg","value":97}},"3":{"Sphere":{"unit":"D","value":-5.45},"Cylinder":{"unit":"D","value":-8.78},"Axis":{"unit":"deg","value":71}}},"Median":{"Sphere":{"unit":"D","value":6.71},"Cylinder":{"unit":"D","value":-8.78},"Axis":{"unit":"deg","value":71}},"TargetEye":"Bino"},"L":{"List":{"1":{"Sphere":{"unit":"D","value":5.65},"Cylinder":{"unit":"D","value":0.21},"Axis":{"unit":"deg","value":62}},"2":{"Sphere":{"unit":"D","value":3.14},"Cylinder":{"unit":"D","value":3.25},"Axis":{"unit":"deg","value":95}},"3":{"Sphere":{"unit":"D","value":0.78},"Cylinder":{"unit":"D","value":-9.61},"Axis":{"unit":"deg","value":89}}},"Median":{"Sphere":{"unit":"D","value":5.65},"Cylinder":{"unit":"D","value":3.25},"Axis":{"unit":"deg","value":62}},"TargetEye":"Bino"}},"PD":{"Distance":{"value":42.5,"unit":"mm"}}}