{"refraction":{"VD":{"unit":"mm","value":12},"R":{"List":{"1":{"Sphere":{"unit":"D","value":-4.07},"Cylinder":{"unit":"D","value":-1.2},"Axis":{"unit":"deg","value":97}},"2":{"Sphere":{"unit":"D","value":-9.54},"Cylinder":{"unit":"D","value":-5.44},"Axis":{"unit":"deg","value":29}},"3":{"Sphere":{"unit":"D","value":-3.37},"Cylinder":{"unit":"D","value":0.8},"Axis":{"unit":"deg","value":79}}},"Median":{"Sphere":{"unit":"D","value":-9.54},"Cylinder":{"unit":"D","value":0.8},"Axis":{"unit":"deg","value":29}},"TargetEye":"Bino"},"L":{"List":{"1":{"Sphere":{"unit":"D","value":5.11},"Cylinder":{"unit":"D","value":-6.81},"Axis":{"unit":"deg","value":175}},"2":{"Sphere":{"unit":"D","value":8.63},"Cylinder":{"unit":"D","value":-4.21},"Axis":{"unit":"deg","value":157}},"3":{"Sphere":{"unit":"D","value":2.39},"Cylinder":{"unit":"D","value":3.87},"Axis":{"unit":"deg","value":139}}},"Median":{"Sphere":{"unit":"D","value":2.39},"Cylinder":{"unit":"D","value":-6.81},"Axis":{"unit":"deg","value":175}},"TargetEye":"Bino"}},"PD":{"Distance":{"value":34.3,"unit":"mm"}}}