{"refraction":{"VD":{"unit":"mm","value":12},"R":{"List":{"1":{"Sphere":{"unit":"D","value":3.09},"Cylinder":{"unit":"D","value":7.01},"Axis":{"unit":"deg","value":165}},"2":{"Sphere":{"unit":"D","value":-6.2},"Cylinder":{"unit":"D","value":-8.46},"Axis":{"unit":"deg","value":155}},"3":{"Sphere":{"unit":"D","value":8.3},"Cylinder":{"unit":"D","value":-2.82},"Axis":{"unit":"deg","value":28}}},"Median":{"Sphere":{"unit":"D","value":8.3},"Cylinder":{"unit":"D","value":-8.46},"Axis":{"unit":"deg","value":155}},"TargetEye":"Bino"},"L":{"List":{"1":{"Sphere":{"unit":"D","value":-9.69},"Cylinder":{"unit":"D","value":3.9},"Axis":{"unit":"deg","value":15}},"2":{"Sphere":{"unit":"D","value":-3.4},"Cylinder":{"unit":"D","value":3.02},"Axis":{"unit":"deg","value":178}},"3":{"Sphere":{"unit":"D","value":1.72},"Cylinder":{"unit":"D","value":-9.3},"Axis":{"unit":"deg","value":114}}},"Median":{"Sphere":{"unit":"D","value":1.72},"Cylinder":{"unit":"D","value":3.02},"Axis":{"unit":"deg","value":178}},"TargetEye":"Bino"}},"PD":{"Distance":{"value":84,"unit":"mm"}}}