{"refraction":{"VD":{"unit":"mm","value":0},"R":{"List":{"1":{"Sphere":{"unit":"D","value":-1.25},"Cylinder":{"unit":"D","value":4.12},"Axis":{"unit":"deg","value":137}},"2":{"Sphere":{"unit":"D","value":7.22},"Cylinder":{"unit":"D","value":-6.03},"Axis":{"unit":"deg","value":140}},"3":{"Sphere":{"unit":"D","value":-2.91},"Cylinder":{"unit":"D","value":0.02},"Axis":{"unit":"deg","value":129}}},"Median":{"Sphere":{"unit":"D","value":-2.91},"Cylinder":{"unit":"D","value":0.02},"Axis":{"unit":"deg","value":137}},"TargetEye":"Bino"},"L":{"List":{"1":{"Sphere":{"unit":"D","value":-1.05},"Cylinder":{"unit":"D","value":-3.09},"Axis":{"unit":"deg","value":101}},"2":{"Sphere":{"unit":"D","value":7.35},"Cylinder":{"unit":"D","value":-6.96},"Axis":{"unit":"deg","value":66}},"3":{"Sphere":{"unit":"D","value":9.61},"Cylinder":{"unit":"D","value":-6.63},"Axis":{"unit":"deg","value":99}}},"Median":{"Sphere":{"unit":"D","value":9.61},"Cylinder":{"unit":"D","value":-6.96},"Axis":{"unit":"deg","value":66}},"TargetEye":"Bino"}},"PD":{"Distance":{"value":71.9,"unit":"mm"}}}