{"refraction":{"VD":{"unit":"mm","value":0},"R":{"List":{"1":{"Sphere":{"unit":"D","value":-1.02},"Cylinder":{"unit":"D","value":-8.28},"Axis":{"unit":"deg","value":156}},"2":{"Sphere":{"unit":"D","value":-6.66},"Cylinder":{"unit":"D","value":-6.3},"Axis":{"unit":"deg","value":124}},"3":{"Sphere":{"unit":"D","value":-7.83},"Cylinder":{"unit":"D","value":2.06},"Axis":{"unit":"deg","value":109}}},"Median":{"Sphere":{"unit":"D","value":-7.83},"Cylinder":{"unit":"D","value":-8.28},"Axis":{"unit":"deg","value":156}},"TargetEye":"Bino"},"L":{"List":{"1":{"Sphere":{"unit":"D","value":-4.31},"Cylinder":{"unit":"D","value":2.1},"Axis":{"unit":"deg","value":72}},"2":{"Sphere":{"unit":"D","value":7.59},"Cylinder":{"unit":"D","value":-2.08},"Axis":{"unit":"deg","value":19}},"3":{"Sphere":{"unit":"D","value":-7.43},"Cylinder":{"unit":"D","value":3.74},"Axis":{"unit":"deg","value":38}}},"Median":{"Sphere":{"unit":"D","value":7.59},"Cylinder":{"unit":"D","value":2.1},"Axis":{"unit":"deg","value":38}},"TargetEye":"Bino"}},"PD":{"Distance":{"value":52.900000000000006,"unit":"mm"}}}