{"refraction":{"VD":{"unit":"mm","value":0},"R":{"List":{"1":{"Sphere":{"unit":"D","value":-8.46},"Cylinder":{"unit":"D","value":-8.8},"Axis":{"unit":"deg","value":92}},"2":{"Sphere":{"unit":"D","value":9.68},"Cylinder":{"unit":"D","value":-4.33},"Axis":{"unit":"deg","value":78}},"3":{"Sphere":{"unit":"D","value":-5.21},"Cylinder":{"unit":"D","value":5.7},"Axis":{"unit":"deg","value":171}}},"Median":{"Sphere":{"unit":"D","value":9.68},"Cylinder":{"unit":"D","value":5.7},"Axis":{"unit":"deg","value":171}},"TargetEye":"R"},"L":{"List":{"1":{"Sphere":{"unit":"D","value":-1.05},"Cylinder":{"unit":"D","value":-3.09},"Axis":{"unit":"deg","value":101}},"2":{"Sphere":{"unit":"D","value":7.35},"Cylinder":{"unit":"D","value":-6.96},"Axis":{"unit":"deg","value":66}},"3":{"Sphere":{"unit":"D","value":9.61},"Cylinder":{"unit":"D","value":-6.63},"Axis":{"unit":"deg","value":99}}},"Median":{"Sphere":{"unit":"D","value":9.61},"Cylinder":{"unit":"D","value":-6.96},"Axis":{"unit":"deg","value":66}},"TargetEye":"Bino"}},"PD":{"Distance":{"value":0,"unit":""}}}