{"date":{"first":"2019-03-15T09:59:54+05:30","last":"2019-03-15T14:43:05+05:30"},"name":"One cycle of eye examination","private":{"sessionDate":"20190315","sessionTime":"095954","patientID":""},"children":[{"date":{"first":"2019-03-15T09:59:58+05:30","last":"2019-03-15T09:59:58+05:30"},"name":"objective measurement","children":[{"date":{"first":"2019-03-15T09:59:58+05:30","last":"2019-03-15T09:59:58+05:30"},"name":"ChronosAlignment2","private":{"param":{"RangeXY":0.2,"RangeZ":0.375,"CorneaDetection":false,"infoForLog":{"sessionDate":"20190315","sessionPatientID":"empty095954","execTime":"20190315T095958+0530"}},"result":{"L":{"return":true,"HPD":{"unit":"mm","value":24.1}},"R":{"return":true,"HPD":{"unit":"mm","value":27.8}},"return":true}}},{"date":{"first":"2019-03-15T09:59:58+05:30","last":"2019-03-15T09:59:58+05:30"},"name":"ChronosRef2","private":{"param":{"RoughMeasure":true,"infoForLog":{"sessionDate":"20190315","sessionPatientID":"empty095954","execTime":"20190315T095958+0530"}},"result":{"L":{"return":true,"Records":[{"Sphere":{"unit":"D","value":-3.98},"Cylinder":{"unit":"D","value":-6.51},"Axis":{"unit":"deg","value":10}},{"Sphere":{"unit":"D","value":-5.38},"Cylinder":{"unit":"D","value":-1.8},"Axis":{"unit":"deg","value":150}},{"Sphere":{"unit":"D","value":-8.5},"Cylinder":{"unit":"D","value":-8.91},"Axis":{"unit":"deg","value":84}}],"Median":{"Sphere":{"unit":"D","value":-8.5},"Cylinder":{"unit":"D","value":-8.91},"Axis":{"unit":"deg","value":10}}},"R":{"return":true,"Records":[{"Sphere":{"unit":"D","value":3.2},"Cylinder":{"unit":"D","value":-6.75},"Axis":{"unit":"deg","value":139}},{"Sphere":{"unit":"D","value":4.93},"Cylinder":{"unit":"D","value":1.27},"Axis":{"unit":"deg","value":139}},{"Sphere":{"unit":"D","value":-2.09},"Cylinder":{"unit":"D","value":-0.96},"Axis":{"unit":"deg","value":43}}],"Median":{"Sphere":{"unit":"D","value":3.2},"Cylinder":{"unit":"D","value":-0.96},"Axis":{"unit":"deg","value":139}}},"return":true}}},{"date":{"first":"2019-03-15T09:59:58+05:30","last":"2019-03-15T09:59:58+05:30"},"name":"ChronosAlignment2","private":{"param":{"RangeXY":0.2,"RangeZ":0.375,"CorneaDetection":false,"infoForLog":{"sessionDate":"20190315","sessionPatientID":"empty095954","execTime":"20190315T095958+0530"}},"result":{"L":{"return":true,"HPD":{"unit":"mm","value":23.3}},"R":{"return":true,"HPD":{"unit":"mm","value":31.4}},"return":true}}},{"date":{"first":"2019-03-15T09:59:58+05:30","last":"2019-03-15T09:59:58+05:30"},"name":"ChronosRef2","private":{"param":{"RoughMeasure":false,"DiopterShift":0,"infoForLog":{"sessionDate":"20190315","sessionPatientID":"empty095954","execTime":"20190315T095958+0530"}},"result":{"L":{"return":true,"Records":[{"Sphere":{"unit":"D","value":8.81},"Cylinder":{"unit":"D","value":-2.07},"Axis":{"unit":"deg","value":156}},{"Sphere":{"unit":"D","value":-8.57},"Cylinder":{"unit":"D","value":9.54},"Axis":{"unit":"deg","value":155}},{"Sphere":{"unit":"D","value":-1.63},"Cylinder":{"unit":"D","value":-3.01},"Axis":{"unit":"deg","value":13}}],"Median":{"Sphere":{"unit":"D","value":-1.63},"Cylinder":{"unit":"D","value":-3.01},"Axis":{"unit":"deg","value":13}}},"R":{"return":true,"Records":[{"Sphere":{"unit":"D","value":5.35},"Cylinder":{"unit":"D","value":9.75},"Axis":{"unit":"deg","value":123}},{"Sphere":{"unit":"D","value":-9.21},"Cylinder":{"unit":"D","value":3.91},"Axis":{"unit":"deg","value":42}},{"Sphere":{"unit":"D","value":-1.21},"Cylinder":{"unit":"D","value":-8.44},"Axis":{"unit":"deg","value":11}}],"Median":{"Sphere":{"unit":"D","value":-1.21},"Cylinder":{"unit":"D","value":-8.44},"Axis":{"unit":"deg","value":42}}},"return":true}}}]},{"date":{"first":"2019-03-15T14:43:04+05:30","last":"2019-03-15T14:43:04+05:30"},"name":"subjective","children":[{"date":{"first":"2019-03-15T14:43:04+05:30","last":"2019-03-15T14:43:04+05:30"},"name":"Chart","private":{"param":{"R":{"chartID":2000},"L":{"chartID":2000}},"result":{"L":{"return":true},"R":{"return":true},"return":true}}},{"date":{"first":"2019-03-15T14:43:04+05:30","last":"2019-03-15T14:43:04+05:30"},"name":"Phoropter","private":{"param":{"eye":2,"distance":5000,"vd":0,"pd":51.9,"R":{"sphere":-1.25,"cylinder":-8.5,"axis":42},"L":{"sphere":-1.75,"cylinder":-3,"axis":13},"crossCylinder":{"status":0,"power":0.5,"RG":0},"RGFilter":0},"result":{"L":{"return":true},"R":{"return":true},"return":true}}}]}]}