{
  "chartParameter": [
    {
      "chartID": 2000,
      "va": {
        "format": "d",
        "string": [
          "0.1",
          "0.2"
        ]
      }
    },
    {
      "chartID": 2001,
      "va": {
        "format": "d",
        "string": [
          "0.3",
          "0.4",
          "0.5"
        ]
      }
    },
    {
      "chartID": 2002,
      "va": {
        "format": "d",
        "string": [
          "0.6",
          "0.7",
          "0.8"
        ]
      }
    },
    {
      "chartID": 2003,
      "va": {
        "format": "d",
        "string": [
          "1.0",
          "1.2",
          "1.5"
        ]
      }
    },
    {
      "chartID": 2004,
      "va": {
        "format": "d",
        "string": [
          "0.1",
          "0.2"
        ]
      }
    },
    {
      "chartID": 2005,
      "va": {
        "format": "d",
        "string": [
          "0.3",
          "0.4",
          "0.5"
        ]
      }
    },
    {
      "chartID": 2006,
      "va": {
        "format": "d",
        "string": [
          "0.6",
          "0.7",
          "0.8"
        ]
      }
    },
    {
      "chartID": 2007,
      "va": {
        "format": "d",
        "string": [
          "1.0",
          "1.2",
          "1.5"
        ]
      }
    },
    {
      "chartID": 2100,
      "va": {
        "format": "f",
        "string": [
          "200",
          "100"
        ]
      }
    },
    {
      "chartID": 2101,
      "va": {
        "format": "f",
        "string": [
          "80",
          "70",
          "60"
        ]
      }
    },
    {
      "chartID": 2102,
      "va": {
        "format": "f",
        "string": [
          "50",
          "40",
          "30"
        ]
      }
    },
    {
      "chartID": 2103,
      "va": {
        "format": "f",
        "string": [
          "25",
          "20",
          "15"
        ]
      }
    },
    {
      "chartID": 2104,
      "va": {
        "format": "f",
        "string": [
          "200",
          "100"
        ]
      }
    },
    {
      "chartID": 2105,
      "va": {
        "format": "f",
        "string": [
          "80",
          "70",
          "60"
        ]
      }
    },
    {
      "chartID": 2106,
      "va": {
        "format": "f",
        "string": [
          "50",
          "40",
          "30"
        ]
      }
    },
    {
      "chartID": 2107,
      "va": {
        "format": "f",
        "string": [
          "25",
          "20",
          "15"
        ]
      }
    },
    {
      "chartID": 2200,
      "va": {
        "format": "m",
        "string": [
          "60",
          "30"
        ]
      }
    },
    {
      "chartID": 2201,
      "va": {
        "format": "m",
        "string": [
          "24",
          "21",
          "18"
        ]
      }
    },
    {
      "chartID": 2202,
      "va": {
        "format": "m",
        "string": [
          "15",
          "12",
          "9"
        ]
      }
    },
    {
      "chartID": 2203,
      "va": {
        "format": "m",
        "string": [
          "7.5",
          "6",
          "4.5"
        ]
      }
    },
    {
      "chartID": 2204,
      "va": {
        "format": "m",
        "string": [
          "60",
          "30"
        ]
      }
    },
    {
      "chartID": 2205,
      "va": {
        "format": "m",
        "string": [
          "24",
          "21",
          "18"
        ]
      }
    },
    {
      "chartID": 2206,
      "va": {
        "format": "m",
        "string": [
          "15",
          "12",
          "9"
        ]
      }
    },
    {
      "chartID": 2207,
      "va": {
        "format": "m",
        "string": [
          "7.5",
          "6",
          "4.5"
        ]
      }
    },
    {
      "chartID": 3000,
      "va": {
        "format": "d",
        "string": [
          "0.1",
          "0.16"
        ]
      }
    },
    {
      "chartID": 3001,
      "va": {
        "format": "d",
        "string": [
          "0.2",
          "0.3",
          "0.4"
        ]
      }
    },
    {
      "chartID": 3002,
      "va": {
        "format": "d",
        "string": [
          "0.5",
          "0.6",
          "0.7"
        ]
      }
    },
    {
      "chartID": 3003,
      "va": {
        "format": "d",
        "string": [
          "0.8",
          "0.9",
          "1.0"
        ]
      }
    },
    {
      "chartID": 3004,
      "va": {
        "format": "d",
        "string": [
          "1.2",
          "1.5"
        ]
      }
    },
    {
      "chartID": 3005,
      "va": {
        "format": "d",
        "string": [
          "0.1",
          "0.16"
        ]
      }
    },
    {
      "chartID": 3006,
      "va": {
        "format": "d",
        "string": [
          "0.2",
          "0.3",
          "0.4"
        ]
      }
    },
    {
      "chartID": 3007,
      "va": {
        "format": "d",
        "string": [
          "0.5",
          "0.6",
          "0.7"
        ]
      }
    },
    {
      "chartID": 3008,
      "va": {
        "format": "d",
        "string": [
          "0.8",
          "0.9",
          "1.0"
        ]
      }
    },
    {
      "chartID": 3009,
      "va": {
        "format": "d",
        "string": [
          "1.2",
          "1.5"
        ]
      }
    },
    {
      "chartID": 3100,
      "va": {
        "format": "f",
        "string": [
          "200",
          "150"
        ]
      }
    },
    {
      "chartID": 3101,
      "va": {
        "format": "f",
        "string": [
          "100",
          "80"
        ]
      }
    },
    {
      "chartID": 3102,
      "va": {
        "format": "f",
        "string": [
          "70",
          "60",
          "50"
        ]
      }
    },
    {
      "chartID": 3103,
      "va": {
        "format": "f",
        "string": [
          "40",
          "30",
          "25"
        ]
      }
    },
    {
      "chartID": 3104,
      "va": {
        "format": "f",
        "string": [
          "20",
          "15"
        ]
      }
    },
    {
      "chartID": 3105,
      "va": {
        "format": "f",
        "string": [
          "200",
          "150"
        ]
      }
    },
    {
      "chartID": 3106,
      "va": {
        "format": "f",
        "string": [
          "100",
          "80"
        ]
      }
    },
    {
      "chartID": 3107,
      "va": {
        "format": "f",
        "string": [
          "70",
          "60",
          "50"
        ]
      }
    },
    {
      "chartID": 3108,
      "va": {
        "format": "f",
        "string": [
          "40",
          "30",
          "25"
        ]
      }
    },
    {
      "chartID": 3109,
      "va": {
        "format": "f",
        "string": [
          "20",
          "15"
        ]
      }
    },
    {
      "chartID": 3150,
      "va": {
        "format": "f",
        "string": [
          "80",
          "63",
          "50"
        ]
      }
    },
    {
      "chartID": 3151,
      "va": {
        "format": "f",
        "string": [
          "40",
          "32",
          "25"
        ]
      }
    },
    {
      "chartID": 3152,
      "va": {
        "format": "f",
        "string": [
          "20",
          "16",
          "12.5"
        ]
      }
    },
    {
      "chartID": 3153,
      "va": {
        "format": "f",
        "string": [
          "80",
          "63",
          "50"
        ]
      }
    },
    {
      "chartID": 3154,
      "va": {
        "format": "f",
        "string": [
          "40",
          "32",
          "25"
        ]
      }
    },
    {
      "chartID": 3155,
      "va": {
        "format": "f",
        "string": [
          "20",
          "16",
          "12.5"
        ]
      }
    },
    {
      "chartID": 3156,
      "va": {
        "format": "f",
        "string": [
          "80",
          "63",
          "50",
          "40",
          "32",
          "25",
          "20",
          "16",
          "12.5"
        ]
      }
    },
    {
      "chartID": 3157,
      "va": {
        "format": "f",
        "string": [
          "80",
          "63",
          "50",
          "40",
          "32",
          "25",
          "20",
          "16",
          "12.5"
        ]
      }
    },
    {
      "chartID": 3200,
      "va": {
        "format": "m",
        "string": [
          "60",
          "45"
        ]
      }
    },
    {
      "chartID": 3201,
      "va": {
        "format": "m",
        "string": [
          "30",
          "24"
        ]
      }
    },
    {
      "chartID": 3202,
      "va": {
        "format": "m",
        "string": [
          "21",
          "18",
          "15"
        ]
      }
    },
    {
      "chartID": 3203,
      "va": {
        "format": "m",
        "string": [
          "12",
          "9",
          "7.5"
        ]
      }
    },
    {
      "chartID": 3204,
      "va": {
        "format": "m",
        "string": [
          "6",
          "4.5"
        ]
      }
    },
    {
      "chartID": 3205,
      "va": {
        "format": "m",
        "string": [
          "60",
          "45"
        ]
      }
    },
    {
      "chartID": 3206,
      "va": {
        "format": "m",
        "string": [
          "30",
          "24"
        ]
      }
    },
    {
      "chartID": 3207,
      "va": {
        "format": "m",
        "string": [
          "21",
          "18",
          "15"
        ]
      }
    },
    {
      "chartID": 3208,
      "va": {
        "format": "m",
        "string": [
          "12",
          "9",
          "7.5"
        ]
      }
    },
    {
      "chartID": 3209,
      "va": {
        "format": "m",
        "string": [
          "6",
          "4.5"
        ]
      }
    },
    {
      "chartID": 7000,
      "va": {
        "format": "",
        "string": []
      }
    },
    {
      "chartID": 7010,
      "va": {
        "format": "",
        "string": []
      }
    },
    {
      "chartID": 7020,
      "va": {
        "format": "",
        "string": []
      }
    },
    {
      "chartID": 7030,
      "va": {
        "format": "",
        "string": []
      }
    },
    {
      "chartID": 7040,
      "va": {
        "format": "",
        "string": []
      }
    },
    {
      "chartID": 2,
      "va": {
        "format": "",
        "string": []
      }
    },
    {
      "chartID": 3,
      "va": {
        "format": "",
        "string": []
      }
    }
  ]
}
