{
  "chartPage1": [
    {
      "layoutID": 1,
      "chartID": 2000,
      "examID": 1000,
      "maskID": 0,
      "dataSetID": 0,
      "testEyeID": 0,
      "testDataID": 1,
      "naviID": 0,
      "fog": 0
    },
    {
      "layoutID": 2,
      "chartID": 2001,
      "examID": 1000,
      "maskID": 0,
      "dataSetID": 0,
      "testEyeID": 0,
      "testDataID": 1,
      "naviID": 0,
      "fog": 0
    },
    {
      "layoutID": 3,
      "chartID": 2002,
      "examID": 1000,
      "maskID": 0,
      "dataSetID": 0,
      "testEyeID": 0,
      "testDataID": 1,
      "naviID": 0,
      "fog": 0
    },
    {
      "layoutID": 4,
      "chartID": 2003,
      "examID": 1000,
      "maskID": 0,
      "dataSetID": 0,
      "testEyeID": 0,
      "testDataID": 1,
      "naviID": 0,
      "fog": 0
    },
    {
      "layoutID": 5,
      "chartID": 2004,
      "examID": 1000,
      "maskID": 0,
      "dataSetID": 0,
      "testEyeID": 0,
      "testDataID": 1,
      "naviID": 0,
      "fog": 0
    },
    {
      "layoutID": 6,
      "chartID": 2005,
      "examID": 1000,
      "maskID": 0,
      "dataSetID": 0,
      "testEyeID": 0,
      "testDataID": 1,
      "naviID": 0,
      "fog": 0
    },
    {
      "layoutID": 7,
      "chartID": 2006,
      "examID": 1000,
      "maskID": 0,
      "dataSetID": 0,
      "testEyeID": 0,
      "testDataID": 1,
      "naviID": 0,
      "fog": 0
    },
    {
      "layoutID": 8,
      "chartID": 2007,
      "examID": 1000,
      "maskID": 0,
      "dataSetID": 0,
      "testEyeID": 0,
      "testDataID": 1,
      "naviID": 0,
      "fog": 0
    },
    {
      "layoutID": 9,
      "chartID": 3000,
      "examID": 1000,
      "maskID": 0,
      "dataSetID": 0,
      "testEyeID": 0,
      "testDataID": 1,
      "naviID": 0,
      "fog": 0
    },
    {
      "layoutID": 10,
      "chartID": 3001,
      "examID": 1000,
      "maskID": 0,
      "dataSetID": 0,
      "testEyeID": 0,
      "testDataID": 1,
      "naviID": 0,
      "fog": 0
    },
    {
      "layoutID": 11,
      "chartID": 3002,
      "examID": 1000,
      "maskID": 0,
      "dataSetID": 0,
      "testEyeID": 0,
      "testDataID": 1,
      "naviID": 0,
      "fog": 0
    },
    {
      "layoutID": 12,
      "chartID": 3003,
      "examID": 1000,
      "maskID": 0,
      "dataSetID": 0,
      "testEyeID": 0,
      "testDataID": 1,
      "naviID": 0,
      "fog": 0
    },
    {
      "layoutID": 13,
      "chartID": 3004,
      "examID": 1000,
      "maskID": 0,
      "dataSetID": 0,
      "testEyeID": 0,
      "testDataID": 1,
      "naviID": 0,
      "fog": 0
    },
    {
      "layoutID": 14,
      "chartID": 3005,
      "examID": 1000,
      "maskID": 0,
      "dataSetID": 0,
      "testEyeID": 0,
      "testDataID": 1,
      "naviID": 0,
      "fog": 0
    },
    {
      "layoutID": 15,
      "chartID": 3006,
      "examID": 1000,
      "maskID": 0,
      "dataSetID": 0,
      "testEyeID": 0,
      "testDataID": 1,
      "naviID": 0,
      "fog": 0
    },
    {
      "layoutID": 16,
      "chartID": 3007,
      "examID": 1000,
      "maskID": 0,
      "dataSetID": 0,
      "testEyeID": 0,
      "testDataID": 1,
      "naviID": 0,
      "fog": 0
    },
    {
      "layoutID": 17,
      "chartID": 3008,
      "examID": 1000,
      "maskID": 0,
      "dataSetID": 0,
      "testEyeID": 0,
      "testDataID": 1,
      "naviID": 0,
      "fog": 0
    },
    {
      "layoutID": 18,
      "chartID": 3009,
      "examID": 1000,
      "maskID": 0,
      "dataSetID": 0,
      "testEyeID": 0,
      "testDataID": 1,
      "naviID": 0,
      "fog": 0
    },
    {
      "layoutID": 19,
      "chartID": 7000,
      "examID": 1010,
      "maskID": 0,
      "dataSetID": 0,
      "testEyeID": 0,
      "testDataID": 1,
      "naviID": 0,
      "fog": 0
    },
    {
      "layoutID": 20,
      "chartID": 7010,
      "examID": 1020,
      "maskID": 0,
      "dataSetID": 0,
      "testEyeID": 0,
      "testDataID": 3,
      "naviID": 0,
      "fog": 0
    },
    {
      "layoutID": 21,
      "chartID": 7020,
      "examID": 1021,
      "maskID": 0,
      "dataSetID": 0,
      "testEyeID": 3,
      "testDataID": 3,
      "naviID": 0,
      "fog": 0
    }
  ],
  "chartPage2": [
    {
      "layoutID": 1,
      "chartID": 2100,
      "examID": 1000,
      "maskID": 0,
      "dataSetID": 0,
      "testEyeID": 0,
      "testDataID": 1,
      "naviID": 0,
      "fog": 0
    },
    {
      "layoutID": 2,
      "chartID": 2101,
      "examID": 1000,
      "maskID": 0,
      "dataSetID": 0,
      "testEyeID": 0,
      "testDataID": 1,
      "naviID": 0,
      "fog": 0
    },
    {
      "layoutID": 3,
      "chartID": 2102,
      "examID": 1000,
      "maskID": 0,
      "dataSetID": 0,
      "testEyeID": 0,
      "testDataID": 1,
      "naviID": 0,
      "fog": 0
    },
    {
      "layoutID": 4,
      "chartID": 2103,
      "examID": 1000,
      "maskID": 0,
      "dataSetID": 0,
      "testEyeID": 0,
      "testDataID": 1,
      "naviID": 0,
      "fog": 0
    },
    {
      "layoutID": 5,
      "chartID": 2104,
      "examID": 1000,
      "maskID": 0,
      "dataSetID": 0,
      "testEyeID": 0,
      "testDataID": 1,
      "naviID": 0,
      "fog": 0
    },
    {
      "layoutID": 6,
      "chartID": 2105,
      "examID": 1000,
      "maskID": 0,
      "dataSetID": 0,
      "testEyeID": 0,
      "testDataID": 1,
      "naviID": 0,
      "fog": 0
    },
    {
      "layoutID": 7,
      "chartID": 2106,
      "examID": 1000,
      "maskID": 0,
      "dataSetID": 0,
      "testEyeID": 0,
      "testDataID": 1,
      "naviID": 0,
      "fog": 0
    },
    {
      "layoutID": 8,
      "chartID": 2107,
      "examID": 1000,
      "maskID": 0,
      "dataSetID": 0,
      "testEyeID": 0,
      "testDataID": 1,
      "naviID": 0,
      "fog": 0
    },
    {
      "layoutID": 9,
      "chartID": 3100,
      "examID": 1000,
      "maskID": 0,
      "dataSetID": 0,
      "testEyeID": 0,
      "testDataID": 1,
      "naviID": 0,
      "fog": 0
    },
    {
      "layoutID": 10,
      "chartID": 3101,
      "examID": 1000,
      "maskID": 0,
      "dataSetID": 0,
      "testEyeID": 0,
      "testDataID": 1,
      "naviID": 0,
      "fog": 0
    },
    {
      "layoutID": 11,
      "chartID": 3102,
      "examID": 1000,
      "maskID": 0,
      "dataSetID": 0,
      "testEyeID": 0,
      "testDataID": 1,
      "naviID": 0,
      "fog": 0
    },
    {
      "layoutID": 12,
      "chartID": 3103,
      "examID": 1000,
      "maskID": 0,
      "dataSetID": 0,
      "testEyeID": 0,
      "testDataID": 1,
      "naviID": 0,
      "fog": 0
    },
    {
      "layoutID": 13,
      "chartID": 3104,
      "examID": 1000,
      "maskID": 0,
      "dataSetID": 0,
      "testEyeID": 0,
      "testDataID": 1,
      "naviID": 0,
      "fog": 0
    },
    {
      "layoutID": 14,
      "chartID": 3105,
      "examID": 1000,
      "maskID": 0,
      "dataSetID": 0,
      "testEyeID": 0,
      "testDataID": 1,
      "naviID": 0,
      "fog": 0
    },
    {
      "layoutID": 15,
      "chartID": 3106,
      "examID": 1000,
      "maskID": 0,
      "dataSetID": 0,
      "testEyeID": 0,
      "testDataID": 1,
      "naviID": 0,
      "fog": 0
    },
    {
      "layoutID": 16,
      "chartID": 3107,
      "examID": 1000,
      "maskID": 0,
      "dataSetID": 0,
      "testEyeID": 0,
      "testDataID": 1,
      "naviID": 0,
      "fog": 0
    },
    {
      "layoutID": 17,
      "chartID": 3108,
      "examID": 1000,
      "maskID": 0,
      "dataSetID": 0,
      "testEyeID": 0,
      "testDataID": 1,
      "naviID": 0,
      "fog": 0
    },
    {
      "layoutID": 18,
      "chartID": 3109,
      "examID": 1000,
      "maskID": 0,
      "dataSetID": 0,
      "testEyeID": 0,
      "testDataID": 1,
      "naviID": 0,
      "fog": 0
    },
    {
      "layoutID": 19,
      "chartID": 7000,
      "examID": 1010,
      "maskID": 0,
      "dataSetID": 0,
      "testEyeID": 0,
      "testDataID": 1,
      "naviID": 0,
      "fog": 0
    },
    {
      "layoutID": 20,
      "chartID": 7010,
      "examID": 1020,
      "maskID": 0,
      "dataSetID": 0,
      "testEyeID": 0,
      "testDataID": 3,
      "naviID": 0,
      "fog": 0
    },
    {
      "layoutID": 21,
      "chartID": 7020,
      "examID": 1021,
      "maskID": 0,
      "dataSetID": 0,
      "testEyeID": 3,
      "testDataID": 3,
      "naviID": 0,
      "fog": 0
    }
  ],
  "chartPage3": [
    {
      "layoutID": 1,
      "chartID": 2200,
      "examID": 1000,
      "maskID": 0,
      "dataSetID": 0,
      "testEyeID": 0,
      "testDataID": 1,
      "naviID": 0,
      "fog": 0
    },
    {
      "layoutID": 2,
      "chartID": 2201,
      "examID": 1000,
      "maskID": 0,
      "dataSetID": 0,
      "testEyeID": 0,
      "testDataID": 1,
      "naviID": 0,
      "fog": 0
    },
    {
      "layoutID": 3,
      "chartID": 2202,
      "examID": 1000,
      "maskID": 0,
      "dataSetID": 0,
      "testEyeID": 0,
      "testDataID": 1,
      "naviID": 0,
      "fog": 0
    },
    {
      "layoutID": 4,
      "chartID": 2203,
      "examID": 1000,
      "maskID": 0,
      "dataSetID": 0,
      "testEyeID": 0,
      "testDataID": 1,
      "naviID": 0,
      "fog": 0
    },
    {
      "layoutID": 5,
      "chartID": 2204,
      "examID": 1000,
      "maskID": 0,
      "dataSetID": 0,
      "testEyeID": 0,
      "testDataID": 1,
      "naviID": 0,
      "fog": 0
    },
    {
      "layoutID": 6,
      "chartID": 2205,
      "examID": 1000,
      "maskID": 0,
      "dataSetID": 0,
      "testEyeID": 0,
      "testDataID": 1,
      "naviID": 0,
      "fog": 0
    },
    {
      "layoutID": 7,
      "chartID": 2206,
      "examID": 1000,
      "maskID": 0,
      "dataSetID": 0,
      "testEyeID": 0,
      "testDataID": 1,
      "naviID": 0,
      "fog": 0
    },
    {
      "layoutID": 8,
      "chartID": 2207,
      "examID": 1000,
      "maskID": 0,
      "dataSetID": 0,
      "testEyeID": 0,
      "testDataID": 1,
      "naviID": 0,
      "fog": 0
    },
    {
      "layoutID": 9,
      "chartID": 3200,
      "examID": 1000,
      "maskID": 0,
      "dataSetID": 0,
      "testEyeID": 0,
      "testDataID": 1,
      "naviID": 0,
      "fog": 0
    },
    {
      "layoutID": 10,
      "chartID": 3201,
      "examID": 1000,
      "maskID": 0,
      "dataSetID": 0,
      "testEyeID": 0,
      "testDataID": 1,
      "naviID": 0,
      "fog": 0
    },
    {
      "layoutID": 11,
      "chartID": 3202,
      "examID": 1000,
      "maskID": 0,
      "dataSetID": 0,
      "testEyeID": 0,
      "testDataID": 1,
      "naviID": 0,
      "fog": 0
    },
    {
      "layoutID": 12,
      "chartID": 3203,
      "examID": 1000,
      "maskID": 0,
      "dataSetID": 0,
      "testEyeID": 0,
      "testDataID": 1,
      "naviID": 0,
      "fog": 0
    },
    {
      "layoutID": 13,
      "chartID": 3204,
      "examID": 1000,
      "maskID": 0,
      "dataSetID": 0,
      "testEyeID": 0,
      "testDataID": 1,
      "naviID": 0,
      "fog": 0
    },
    {
      "layoutID": 14,
      "chartID": 3205,
      "examID": 1000,
      "maskID": 0,
      "dataSetID": 0,
      "testEyeID": 0,
      "testDataID": 1,
      "naviID": 0,
      "fog": 0
    },
    {
      "layoutID": 15,
      "chartID": 3206,
      "examID": 1000,
      "maskID": 0,
      "dataSetID": 0,
      "testEyeID": 0,
      "testDataID": 1,
      "naviID": 0,
      "fog": 0
    },
    {
      "layoutID": 16,
      "chartID": 3207,
      "examID": 1000,
      "maskID": 0,
      "dataSetID": 0,
      "testEyeID": 0,
      "testDataID": 1,
      "naviID": 0,
      "fog": 0
    },
    {
      "layoutID": 17,
      "chartID": 3208,
      "examID": 1000,
      "maskID": 0,
      "dataSetID": 0,
      "testEyeID": 0,
      "testDataID": 1,
      "naviID": 0,
      "fog": 0
    },
    {
      "layoutID": 18,
      "chartID": 3209,
      "examID": 1000,
      "maskID": 0,
      "dataSetID": 0,
      "testEyeID": 0,
      "testDataID": 1,
      "naviID": 0,
      "fog": 0
    },
    {
      "layoutID": 19,
      "chartID": 7000,
      "examID": 1010,
      "maskID": 0,
      "dataSetID": 0,
      "testEyeID": 0,
      "testDataID": 1,
      "naviID": 0,
      "fog": 0
    },
    {
      "layoutID": 20,
      "chartID": 7010,
      "examID": 1020,
      "maskID": 0,
      "dataSetID": 0,
      "testEyeID": 0,
      "testDataID": 3,
      "naviID": 0,
      "fog": 0
    },
    {
      "layoutID": 21,
      "chartID": 7020,
      "examID": 1021,
      "maskID": 0,
      "dataSetID": 0,
      "testEyeID": 3,
      "testDataID": 3,
      "naviID": 0,
      "fog": 0
    }
  ],
  "chartPage4": [
    {
      "layoutID": 1,
      "chartID": 7030,
      "examID": 1092,
      "maskID": 0,
      "dataSetID": 0,
      "testEyeID": 4,
      "testDataID": 1,
      "naviID": 0,
      "fog": 0
    },
    {
      "layoutID": 2,
      "chartID": 7040,
      "examID": 2030,
      "maskID": 0,
      "dataSetID": 0,
      "testEyeID": 0,
      "testDataID": 1,
      "naviID": 0,
      "fog": 0
    }
  ],
  "chartPage5": [
    {
      "layoutID": 1,
      "chartID": 3150,
      "examID": 1000,
      "maskID": 0,
      "dataSetID": 0,
      "testEyeID": 0,
      "testDataID": 1,
      "naviID": 0,
      "fog": 0
    },
    {
      "layoutID": 2,
      "chartID": 3151,
      "examID": 1000,
      "maskID": 0,
      "dataSetID": 0,
      "testEyeID": 0,
      "testDataID": 1,
      "naviID": 0,
      "fog": 0
    },
    {
      "layoutID": 3,
      "chartID": 3152,
      "examID": 1000,
      "maskID": 0,
      "dataSetID": 0,
      "testEyeID": 0,
      "testDataID": 1,
      "naviID": 0,
      "fog": 0
    },
    {
      "layoutID": 4,
      "chartID": 3153,
      "examID": 1000,
      "maskID": 0,
      "dataSetID": 0,
      "testEyeID": 0,
      "testDataID": 1,
      "naviID": 0,
      "fog": 0
    },
    {
      "layoutID": 5,
      "chartID": 3154,
      "examID": 1000,
      "maskID": 0,
      "dataSetID": 0,
      "testEyeID": 0,
      "testDataID": 1,
      "naviID": 0,
      "fog": 0
    },
    {
      "layoutID": 6,
      "chartID": 3155,
      "examID": 1000,
      "maskID": 0,
      "dataSetID": 0,
      "testEyeID": 0,
      "testDataID": 1,
      "naviID": 0,
      "fog": 0
    },
    {
      "layoutID": 8,
      "chartID": 3156,
      "examID": 1000,
      "maskID": 0,
      "dataSetID": 0,
      "testEyeID": 0,
      "testDataID": 1,
      "naviID": 0,
      "fog": 0
    },
    {
      "layoutID": 9,
      "chartID": 3157,
      "examID": 1000,
      "maskID": 0,
      "dataSetID": 0,
      "testEyeID": 0,
      "testDataID": 1,
      "naviID": 0,
      "fog": 0
    }
  ]
}
