{"refraction":{"VD":{"unit":"mm","value":0},"R":{"List":{"1":{"Sphere":{"unit":"D","value":5.35},"Cylinder":{"unit":"D","value":9.75},"Axis":{"unit":"deg","value":123}},"2":{"Sphere":{"unit":"D","value":-9.21},"Cylinder":{"unit":"D","value":3.91},"Axis":{"unit":"deg","value":42}},"3":{"Sphere":{"unit":"D","value":-1.21},"Cylinder":{"unit":"D","value":-8.44},"Axis":{"unit":"deg","value":11}}},"Median":{"Sphere":{"unit":"D","value":-1.21},"Cylinder":{"unit":"D","value":-8.44},"Axis":{"unit":"deg","value":42}},"TargetEye":"Bino"},"L":{"List":{"1":{"Sphere":{"unit":"D","value":8.81},"Cylinder":{"unit":"D","value":-2.07},"Axis":{"unit":"deg","value":156}},"2":{"Sphere":{"unit":"D","value":-8.57},"Cylinder":{"unit":"D","value":9.54},"Axis":{"unit":"deg","value":155}},"3":{"Sphere":{"unit":"D","value":-1.63},"Cylinder":{"unit":"D","value":-3.01},"Axis":{"unit":"deg","value":13}}},"Median":{"Sphere":{"unit":"D","value":-1.63},"Cylinder":{"unit":"D","value":-3.01},"Axis":{"unit":"deg","value":13}},"TargetEye":"Bino"}},"PD":{"Distance":{"value":51.900000000000006,"unit":"mm"}}}