{"date":{"first":"2019-03-12T11:01:31+05:30","last":"2019-03-12T11:03:48+05:30"},"name":"One cycle of eye examination","private":{"sessionDate":"20190312","sessionTime":"110131","patientID":""},"children":[{"date":{"first":"2019-03-12T11:01:33+05:30","last":"2019-03-12T11:01:33+05:30"},"name":"objective measurement","children":[{"date":{"first":"2019-03-12T11:01:33+05:30","last":"2019-03-12T11:01:33+05:30"},"name":"ChronosAlignment2","private":{"param":{"RangeXY":0.2,"RangeZ":0.375,"CorneaDetection":false,"infoForLog":{"sessionDate":"20190312","sessionPatientID":"empty110131","execTime":"20190312T110133+0530"}},"result":{"L":{"return":true,"HPD":{"unit":"mm","value":16.8}},"R":{"return":true,"HPD":{"unit":"mm","value":21}},"return":true}}},{"date":{"first":"2019-03-12T11:01:33+05:30","last":"2019-03-12T11:01:33+05:30"},"name":"ChronosRef2","private":{"param":{"RoughMeasure":true,"infoForLog":{"sessionDate":"20190312","sessionPatientID":"empty110131","execTime":"20190312T110133+0530"}},"result":{"L":{"return":true,"Records":[{"Sphere":{"unit":"D","value":7.37},"Cylinder":{"unit":"D","value":0.37},"Axis":{"unit":"deg","value":119}},{"Sphere":{"unit":"D","value":4.12},"Cylinder":{"unit":"D","value":2.4},"Axis":{"unit":"deg","value":86}},{"Sphere":{"unit":"D","value":-4.13},"Cylinder":{"unit":"D","value":1.51},"Axis":{"unit":"deg","value":162}}],"Median":{"Sphere":{"unit":"D","value":-4.13},"Cylinder":{"unit":"D","value":2.4},"Axis":{"unit":"deg","value":86}}},"R":{"return":true,"Records":[{"Sphere":{"unit":"D","value":4.76},"Cylinder":{"unit":"D","value":4.58},"Axis":{"unit":"deg","value":178}},{"Sphere":{"unit":"D","value":-0.73},"Cylinder":{"unit":"D","value":-6.88},"Axis":{"unit":"deg","value":83}},{"Sphere":{"unit":"D","value":-0.73},"Cylinder":{"unit":"D","value":3.96},"Axis":{"unit":"deg","value":97}}],"Median":{"Sphere":{"unit":"D","value":-0.73},"Cylinder":{"unit":"D","value":4.58},"Axis":{"unit":"deg","value":97}}},"return":true}}},{"date":{"first":"2019-03-12T11:01:33+05:30","last":"2019-03-12T11:01:33+05:30"},"name":"ChronosAlignment2","private":{"param":{"RangeXY":0.2,"RangeZ":0.375,"CorneaDetection":false,"infoForLog":{"sessionDate":"20190312","sessionPatientID":"empty110131","execTime":"20190312T110133+0530"}},"result":{"L":{"return":true,"HPD":{"unit":"mm","value":33.1}},"R":{"return":true,"HPD":{"unit":"mm","value":43.4}},"return":true}}},{"date":{"first":"2019-03-12T11:01:33+05:30","last":"2019-03-12T11:01:33+05:30"},"name":"ChronosRef2","private":{"param":{"RoughMeasure":false,"DiopterShift":0,"infoForLog":{"sessionDate":"20190312","sessionPatientID":"empty110131","execTime":"20190312T110133+0530"}},"result":{"L":{"return":true,"Records":[{"Sphere":{"unit":"D","value":-8.93},"Cylinder":{"unit":"D","value":-4.07},"Axis":{"unit":"deg","value":105}},{"Sphere":{"unit":"D","value":-4.1},"Cylinder":{"unit":"D","value":5.7},"Axis":{"unit":"deg","value":124}},{"Sphere":{"unit":"D","value":-6.63},"Cylinder":{"unit":"D","value":-9.36},"Axis":{"unit":"deg","value":32}}],"Median":{"Sphere":{"unit":"D","value":-4.1},"Cylinder":{"unit":"D","value":-4.07},"Axis":{"unit":"deg","value":105}}},"R":{"return":true,"Records":[{"Sphere":{"unit":"D","value":5.4},"Cylinder":{"unit":"D","value":5.42},"Axis":{"unit":"deg","value":175}},{"Sphere":{"unit":"D","value":3.53},"Cylinder":{"unit":"D","value":-2.96},"Axis":{"unit":"deg","value":96}},{"Sphere":{"unit":"D","value":-4.46},"Cylinder":{"unit":"D","value":-0.9},"Axis":{"unit":"deg","value":46}}],"Median":{"Sphere":{"unit":"D","value":-4.46},"Cylinder":{"unit":"D","value":-2.96},"Axis":{"unit":"deg","value":96}}},"return":true}}}]},{"date":{"first":"2019-03-12T11:03:40+05:30","last":"2019-03-12T11:03:40+05:30"},"name":"subjective","children":[{"date":{"first":"2019-03-12T11:03:40+05:30","last":"2019-03-12T11:03:40+05:30"},"name":"Chart","private":{"param":{"R":{"chartID":2000},"L":{"chartID":2000}},"result":{"L":{"return":true},"R":{"return":true},"return":true}}},{"date":{"first":"2019-03-12T11:03:40+05:30","last":"2019-03-12T11:03:40+05:30"},"name":"Phoropter","private":{"param":{"eye":2,"distance":5000,"vd":12,"pd":37.8,"R":{"sphere":-4.5,"cylinder":-3,"axis":96},"L":{"sphere":-4,"cylinder":-4,"axis":105},"crossCylinder":{"status":0,"power":0.5,"RG":0},"RGFilter":0},"result":{"L":{"return":true},"R":{"return":true},"return":true}}}]}]}