{"refraction":{"VD":{"unit":"mm","value":0},"R":{"List":{"1":{"Sphere":{"unit":"D","value":4.11},"Cylinder":{"unit":"D","value":9.59},"Axis":{"unit":"deg","value":76}},"2":{"Sphere":{"unit":"D","value":0.45},"Cylinder":{"unit":"D","value":-7.71},"Axis":{"unit":"deg","value":53}},"3":{"Sphere":{"unit":"D","value":-7.46},"Cylinder":{"unit":"D","value":-5.82},"Axis":{"unit":"deg","value":29}}},"Median":{"Sphere":{"unit":"D","value":4.11},"Cylinder":{"unit":"D","value":9.59},"Axis":{"unit":"deg","value":76}},"TargetEye":"Bino"},"L":{"List":{"1":{"Sphere":{"unit":"D","value":7.69},"Cylinder":{"unit":"D","value":-4.57},"Axis":{"unit":"deg","value":87}},"2":{"Sphere":{"unit":"D","value":-1.55},"Cylinder":{"unit":"D","value":9.11},"Axis":{"unit":"deg","value":11}},"3":{"Sphere":{"unit":"D","value":-1.1},"Cylinder":{"unit":"D","value":-5.16},"Axis":{"unit":"deg","value":83}}},"Median":{"Sphere":{"unit":"D","value":7.69},"Cylinder":{"unit":"D","value":-4.57},"Axis":{"unit":"deg","value":83}},"TargetEye":"Bino"}},"PD":{"Distance":{"value":49.5,"unit":"mm"}}}