{"refraction":{"VD":{"unit":"mm","value":0},"R":{"List":{"1":{"Sphere":{"unit":"D","value":-4.92},"Cylinder":{"unit":"D","value":-3.37},"Axis":{"unit":"deg","value":150}},"2":{"Sphere":{"unit":"D","value":-5.75},"Cylinder":{"unit":"D","value":-3.63},"Axis":{"unit":"deg","value":103}},"3":{"Sphere":{"unit":"D","value":3.28},"Cylinder":{"unit":"D","value":2.3},"Axis":{"unit":"deg","value":4}}},"Median":{"Sphere":{"unit":"D","value":3.28},"Cylinder":{"unit":"D","value":2.3},"Axis":{"unit":"deg","value":4}},"TargetEye":"Bino"},"L":{"List":{"1":{"Sphere":{"unit":"D","value":-5.98},"Cylinder":{"unit":"D","value":-0.32},"Axis":{"unit":"deg","value":40}},"2":{"Sphere":{"unit":"D","value":0.27},"Cylinder":{"unit":"D","value":-1.68},"Axis":{"unit":"deg","value":61}},"3":{"Sphere":{"unit":"D","value":-7.04},"Cylinder":{"unit":"D","value":2.99},"Axis":{"unit":"deg","value":12}}},"Median":{"Sphere":{"unit":"D","value":-5.98},"Cylinder":{"unit":"D","value":2.99},"Axis":{"unit":"deg","value":12}},"TargetEye":"Bino"}},"PD":{"Distance":{"value":82.7,"unit":"mm"}}}