{"refraction":{"VD":{"unit":"mm","value":0},"R":{"List":{"1":{"Sphere":{"unit":"D","value":-7.48},"Cylinder":{"unit":"D","value":3.78},"Axis":{"unit":"deg","value":32}},"2":{"Sphere":{"unit":"D","value":6.32},"Cylinder":{"unit":"D","value":2.64},"Axis":{"unit":"deg","value":149}},"3":{"Sphere":{"unit":"D","value":-1.86},"Cylinder":{"unit":"D","value":2.84},"Axis":{"unit":"deg","value":81}}},"Median":{"Sphere":{"unit":"D","value":-1.86},"Cylinder":{"unit":"D","value":2.84},"Axis":{"unit":"deg","value":32}},"TargetEye":"Bino"},"L":{"List":{"1":{"Sphere":{"unit":"D","value":-7.75},"Cylinder":{"unit":"D","value":-1.6},"Axis":{"unit":"deg","value":147}},"2":{"Sphere":{"unit":"D","value":-5.6},"Cylinder":{"unit":"D","value":6.67},"Axis":{"unit":"deg","value":148}},"3":{"Sphere":{"unit":"D","value":5.92},"Cylinder":{"unit":"D","value":-2.48},"Axis":{"unit":"deg","value":113}}},"Median":{"Sphere":{"unit":"D","value":-5.6},"Cylinder":{"unit":"D","value":-2.48},"Axis":{"unit":"deg","value":113}},"TargetEye":"Bino"}},"PD":{"Distance":{"value":68.9,"unit":"mm"}}}