{"refraction":{"VD":{"unit":"mm","value":0},"R":{"List":{"1":{"Sphere":{"unit":"D","value":5.7},"Cylinder":{"unit":"D","value":0.95},"Axis":{"unit":"deg","value":5}},"2":{"Sphere":{"unit":"D","value":-4.48},"Cylinder":{"unit":"D","value":-6.83},"Axis":{"unit":"deg","value":8}},"3":{"Sphere":{"unit":"D","value":0.81},"Cylinder":{"unit":"D","value":3.53},"Axis":{"unit":"deg","value":99}}},"Median":{"Sphere":{"unit":"D","value":-4.48},"Cylinder":{"unit":"D","value":0.95},"Axis":{"unit":"deg","value":5}},"TargetEye":"Bino"},"L":{"List":{"1":{"Sphere":{"unit":"D","value":4.28},"Cylinder":{"unit":"D","value":5.69},"Axis":{"unit":"deg","value":3}},"2":{"Sphere":{"unit":"D","value":-4.61},"Cylinder":{"unit":"D","value":-4.64},"Axis":{"unit":"deg","value":45}},"3":{"Sphere":{"unit":"D","value":-6.73},"Cylinder":{"unit":"D","value":-4.28},"Axis":{"unit":"deg","value":52}}},"Median":{"Sphere":{"unit":"D","value":4.28},"Cylinder":{"unit":"D","value":-4.64},"Axis":{"unit":"deg","value":45}},"TargetEye":"Bino"}},"PD":{"Distance":{"value":77.3,"unit":"mm"}}}