{"date":{"first":"2019-03-12T16:12:42+05:30","last":""},"name":"One cycle of eye examination","private":{"sessionDate":"20190312","sessionTime":"161242","patientID":""},"children":[{"date":{"first":"2019-03-12T16:12:44+05:30","last":"2019-03-12T16:12:44+05:30"},"name":"objective measurement","private":[],"children":[{"date":{"first":"2019-03-12T16:12:44+05:30","last":"2019-03-12T16:12:44+05:30"},"name":"ChronosAlignment2","private":{"param":{"RangeXY":0.2,"RangeZ":0.375,"CorneaDetection":false,"infoForLog":{"sessionDate":"20190312","sessionPatientID":"empty161242","execTime":"20190312T161244+0530"}},"result":{"L":{"return":true,"HPD":{"unit":"mm","value":12.9}},"R":{"return":true,"HPD":{"unit":"mm","value":40.5}},"return":true}},"children":[]},{"date":{"first":"2019-03-12T16:12:44+05:30","last":"2019-03-12T16:12:44+05:30"},"name":"ChronosRef2","private":{"param":{"RoughMeasure":true,"infoForLog":{"sessionDate":"20190312","sessionPatientID":"empty161242","execTime":"20190312T161244+0530"}},"result":{"L":{"return":true,"Records":[{"Sphere":{"unit":"D","value":0.07},"Cylinder":{"unit":"D","value":-0.96},"Axis":{"unit":"deg","value":1}},{"Sphere":{"unit":"D","value":0.78},"Cylinder":{"unit":"D","value":3.45},"Axis":{"unit":"deg","value":60}},{"Sphere":{"unit":"D","value":9.19},"Cylinder":{"unit":"D","value":-4.47},"Axis":{"unit":"deg","value":139}}],"Median":{"Sphere":{"unit":"D","value":9.19},"Cylinder":{"unit":"D","value":-4.47},"Axis":{"unit":"deg","value":1}}},"R":{"return":true,"Records":[{"Sphere":{"unit":"D","value":-9.86},"Cylinder":{"unit":"D","value":-10},"Axis":{"unit":"deg","value":120}},{"Sphere":{"unit":"D","value":0.47},"Cylinder":{"unit":"D","value":-0.85},"Axis":{"unit":"deg","value":139}},{"Sphere":{"unit":"D","value":3.91},"Cylinder":{"unit":"D","value":3.11},"Axis":{"unit":"deg","value":65}}],"Median":{"Sphere":{"unit":"D","value":3.91},"Cylinder":{"unit":"D","value":3.11},"Axis":{"unit":"deg","value":120}}},"return":true}},"children":[]},{"date":{"first":"2019-03-12T16:12:44+05:30","last":"2019-03-12T16:12:44+05:30"},"name":"ChronosAlignment2","private":{"param":{"RangeXY":0.2,"RangeZ":0.375,"CorneaDetection":false,"infoForLog":{"sessionDate":"20190312","sessionPatientID":"empty161242","execTime":"20190312T161244+0530"}},"result":{"L":{"return":true,"HPD":{"unit":"mm","value":24.6}},"R":{"return":true,"HPD":{"unit":"mm","value":42.6}},"return":true}},"children":[]},{"date":{"first":"2019-03-12T16:12:44+05:30","last":"2019-03-12T16:12:44+05:30"},"name":"ChronosRef2","private":{"param":{"RoughMeasure":false,"DiopterShift":0,"infoForLog":{"sessionDate":"20190312","sessionPatientID":"empty161242","execTime":"20190312T161244+0530"}},"result":{"L":{"return":true,"Records":[{"Sphere":{"unit":"D","value":-9.14},"Cylinder":{"unit":"D","value":1.6},"Axis":{"unit":"deg","value":163}},{"Sphere":{"unit":"D","value":3.76},"Cylinder":{"unit":"D","value":3.89},"Axis":{"unit":"deg","value":41}},{"Sphere":{"unit":"D","value":6.89},"Cylinder":{"unit":"D","value":-7.92},"Axis":{"unit":"deg","value":179}}],"Median":{"Sphere":{"unit":"D","value":-9.14},"Cylinder":{"unit":"D","value":1.6},"Axis":{"unit":"deg","value":41}}},"R":{"return":true,"Records":[{"Sphere":{"unit":"D","value":7.24},"Cylinder":{"unit":"D","value":-2.95},"Axis":{"unit":"deg","value":107}},{"Sphere":{"unit":"D","value":-2.7},"Cylinder":{"unit":"D","value":-4.6},"Axis":{"unit":"deg","value":82}},{"Sphere":{"unit":"D","value":-4.83},"Cylinder":{"unit":"D","value":-0.77},"Axis":{"unit":"deg","value":49}}],"Median":{"Sphere":{"unit":"D","value":-2.7},"Cylinder":{"unit":"D","value":-4.6},"Axis":{"unit":"deg","value":107}}},"return":true}},"children":[]}]},{"date":{"first":"2019-03-12T16:12:44+05:30","last":"2019-03-12T16:12:45+05:30"},"name":"objective measurement","private":[],"children":[{"date":{"first":"2019-03-12T16:12:44+05:30","last":"2019-03-12T16:12:44+05:30"},"name":"ChronosAlignment2","private":{"param":{"RangeXY":0.2,"RangeZ":0.375,"CorneaDetection":false,"infoForLog":{"sessionDate":"20190312","sessionPatientID":"empty161242","execTime":"20190312T161244+0530"}},"result":{"L":{"return":true,"HPD":{"unit":"mm","value":32.4}},"R":{"return":true,"HPD":{"unit":"mm","value":37.1}},"return":true}},"children":[]},{"date":{"first":"2019-03-12T16:12:44+05:30","last":"2019-03-12T16:12:44+05:30"},"name":"ChronosRef2","private":{"param":{"RoughMeasure":true,"infoForLog":{"sessionDate":"20190312","sessionPatientID":"empty161242","execTime":"20190312T161244+0530"}},"result":{"L":{"return":true,"Records":[{"Sphere":{"unit":"D","value":8.94},"Cylinder":{"unit":"D","value":-2.53},"Axis":{"unit":"deg","value":90}},{"Sphere":{"unit":"D","value":-6.27},"Cylinder":{"unit":"D","value":-3.12},"Axis":{"unit":"deg","value":144}},{"Sphere":{"unit":"D","value":5},"Cylinder":{"unit":"D","value":1.02},"Axis":{"unit":"deg","value":28}}],"Median":{"Sphere":{"unit":"D","value":8.94},"Cylinder":{"unit":"D","value":-3.12},"Axis":{"unit":"deg","value":28}}},"R":{"return":true,"Records":[{"Sphere":{"unit":"D","value":-9.91},"Cylinder":{"unit":"D","value":-6.06},"Axis":{"unit":"deg","value":68}},{"Sphere":{"unit":"D","value":-3.02},"Cylinder":{"unit":"D","value":-7.68},"Axis":{"unit":"deg","value":125}},{"Sphere":{"unit":"D","value":-2.83},"Cylinder":{"unit":"D","value":-2.2},"Axis":{"unit":"deg","value":64}}],"Median":{"Sphere":{"unit":"D","value":-9.91},"Cylinder":{"unit":"D","value":-6.06},"Axis":{"unit":"deg","value":125}}},"return":true}},"children":[]},{"date":{"first":"2019-03-12T16:12:44+05:30","last":"2019-03-12T16:12:44+05:30"},"name":"ChronosAlignment2","private":{"param":{"RangeXY":0.2,"RangeZ":0.375,"CorneaDetection":false,"infoForLog":{"sessionDate":"20190312","sessionPatientID":"empty161242","execTime":"20190312T161244+0530"}},"result":{"L":{"return":true,"HPD":{"unit":"mm","value":23.3}},"R":{"return":true,"HPD":{"unit":"mm","value":32.1}},"return":true}},"children":[]},{"date":{"first":"2019-03-12T16:12:44+05:30","last":"2019-03-12T16:12:45+05:30"},"name":"ChronosRef2","private":{"param":{"RoughMeasure":false,"DiopterShift":0,"infoForLog":{"sessionDate":"20190312","sessionPatientID":"empty161242","execTime":"20190312T161244+0530"}},"result":{"L":{"return":true,"Records":[{"Sphere":{"unit":"D","value":-6.49},"Cylinder":{"unit":"D","value":0},"Axis":{"unit":"deg","value":54}},{"Sphere":{"unit":"D","value":-3.35},"Cylinder":{"unit":"D","value":1.21},"Axis":{"unit":"deg","value":63}},{"Sphere":{"unit":"D","value":-2.31},"Cylinder":{"unit":"D","value":1.46},"Axis":{"unit":"deg","value":7}}],"Median":{"Sphere":{"unit":"D","value":-2.31},"Cylinder":{"unit":"D","value":1.21},"Axis":{"unit":"deg","value":54}}},"R":{"return":true,"Records":[{"Sphere":{"unit":"D","value":4.73},"Cylinder":{"unit":"D","value":7.17},"Axis":{"unit":"deg","value":100}},{"Sphere":{"unit":"D","value":-4.51},"Cylinder":{"unit":"D","value":4.87},"Axis":{"unit":"deg","value":68}},{"Sphere":{"unit":"D","value":-2.55},"Cylinder":{"unit":"D","value":4.47},"Axis":{"unit":"deg","value":145}}],"Median":{"Sphere":{"unit":"D","value":4.73},"Cylinder":{"unit":"D","value":7.17},"Axis":{"unit":"deg","value":145}}},"return":true}},"children":[]}]},{"date":{"first":"2019-03-12T16:12:45+05:30","last":"2019-03-12T16:12:45+05:30"},"name":"objective measurement","private":[],"children":[{"date":{"first":"2019-03-12T16:12:45+05:30","last":"2019-03-12T16:12:45+05:30"},"name":"ChronosAlignment2","private":{"param":{"RangeXY":0.2,"RangeZ":0.375,"CorneaDetection":false,"infoForLog":{"sessionDate":"20190312","sessionPatientID":"empty161242","execTime":"20190312T161245+0530"}},"result":{"L":{"return":true,"HPD":{"unit":"mm","value":47.5}},"R":{"return":true,"HPD":{"unit":"mm","value":46.6}},"return":true}},"children":[]},{"date":{"first":"2019-03-12T16:12:45+05:30","last":"2019-03-12T16:12:45+05:30"},"name":"ChronosRef2","private":{"param":{"RoughMeasure":true,"infoForLog":{"sessionDate":"20190312","sessionPatientID":"empty161242","execTime":"20190312T161245+0530"}},"result":{"L":{"return":true,"Records":[{"Sphere":{"unit":"D","value":9.37},"Cylinder":{"unit":"D","value":0.76},"Axis":{"unit":"deg","value":119}},{"Sphere":{"unit":"D","value":-7.89},"Cylinder":{"unit":"D","value":2.84},"Axis":{"unit":"deg","value":99}},{"Sphere":{"unit":"D","value":-4.7},"Cylinder":{"unit":"D","value":-5.23},"Axis":{"unit":"deg","value":177}}],"Median":{"Sphere":{"unit":"D","value":9.37},"Cylinder":{"unit":"D","value":-5.23},"Axis":{"unit":"deg","value":119}}},"R":{"return":true,"Records":[{"Sphere":{"unit":"D","value":0.45},"Cylinder":{"unit":"D","value":7.75},"Axis":{"unit":"deg","value":31}},{"Sphere":{"unit":"D","value":-8.44},"Cylinder":{"unit":"D","value":6.78},"Axis":{"unit":"deg","value":142}},{"Sphere":{"unit":"D","value":-0.81},"Cylinder":{"unit":"D","value":2.19},"Axis":{"unit":"deg","value":54}}],"Median":{"Sphere":{"unit":"D","value":0.45},"Cylinder":{"unit":"D","value":2.19},"Axis":{"unit":"deg","value":142}}},"return":true}},"children":[]},{"date":{"first":"2019-03-12T16:12:45+05:30","last":"2019-03-12T16:12:45+05:30"},"name":"ChronosAlignment2","private":{"param":{"RangeXY":0.2,"RangeZ":0.375,"CorneaDetection":false,"infoForLog":{"sessionDate":"20190312","sessionPatientID":"empty161242","execTime":"20190312T161245+0530"}},"result":{"L":{"return":true,"HPD":{"unit":"mm","value":45.3}},"R":{"return":true,"HPD":{"unit":"mm","value":42.3}},"return":true}},"children":[]},{"date":{"first":"2019-03-12T16:12:45+05:30","last":"2019-03-12T16:12:45+05:30"},"name":"ChronosRef2","private":{"param":{"RoughMeasure":false,"DiopterShift":0,"infoForLog":{"sessionDate":"20190312","sessionPatientID":"empty161242","execTime":"20190312T161245+0530"}},"result":{"L":{"return":true,"Records":[{"Sphere":{"unit":"D","value":8.36},"Cylinder":{"unit":"D","value":9.4},"Axis":{"unit":"deg","value":71}},{"Sphere":{"unit":"D","value":6.73},"Cylinder":{"unit":"D","value":3.57},"Axis":{"unit":"deg","value":100}},{"Sphere":{"unit":"D","value":8.22},"Cylinder":{"unit":"D","value":-5.73},"Axis":{"unit":"deg","value":107}}],"Median":{"Sphere":{"unit":"D","value":6.73},"Cylinder":{"unit":"D","value":3.57},"Axis":{"unit":"deg","value":107}}},"R":{"return":true,"Records":[{"Sphere":{"unit":"D","value":-8.26},"Cylinder":{"unit":"D","value":-0.77},"Axis":{"unit":"deg","value":80}},{"Sphere":{"unit":"D","value":-2.43},"Cylinder":{"unit":"D","value":7.74},"Axis":{"unit":"deg","value":142}},{"Sphere":{"unit":"D","value":8.95},"Cylinder":{"unit":"D","value":-4.49},"Axis":{"unit":"deg","value":105}}],"Median":{"Sphere":{"unit":"D","value":8.95},"Cylinder":{"unit":"D","value":-0.77},"Axis":{"unit":"deg","value":80}}},"return":true}},"children":[]}]},{"date":{"first":"2019-03-12T16:12:45+05:30","last":"2019-03-12T16:12:46+05:30"},"name":"objective measurement","private":[],"children":[{"date":{"first":"2019-03-12T16:12:45+05:30","last":"2019-03-12T16:12:45+05:30"},"name":"ChronosAlignment2","private":{"param":{"RangeXY":0.2,"RangeZ":0.375,"CorneaDetection":false,"infoForLog":{"sessionDate":"20190312","sessionPatientID":"empty161242","execTime":"20190312T161245+0530"}},"result":{"L":{"return":true,"HPD":{"unit":"mm","value":20.4}},"R":{"return":true,"HPD":{"unit":"mm","value":26.1}},"return":true}},"children":[]},{"date":{"first":"2019-03-12T16:12:45+05:30","last":"2019-03-12T16:12:45+05:30"},"name":"ChronosRef2","private":{"param":{"RoughMeasure":true,"infoForLog":{"sessionDate":"20190312","sessionPatientID":"empty161242","execTime":"20190312T161245+0530"}},"result":{"L":{"return":true,"Records":[{"Sphere":{"unit":"D","value":6.07},"Cylinder":{"unit":"D","value":9.68},"Axis":{"unit":"deg","value":79}},{"Sphere":{"unit":"D","value":1.73},"Cylinder":{"unit":"D","value":2.41},"Axis":{"unit":"deg","value":84}},{"Sphere":{"unit":"D","value":3.86},"Cylinder":{"unit":"D","value":-5.12},"Axis":{"unit":"deg","value":172}}],"Median":{"Sphere":{"unit":"D","value":3.86},"Cylinder":{"unit":"D","value":9.68},"Axis":{"unit":"deg","value":79}}},"R":{"return":true,"Records":[{"Sphere":{"unit":"D","value":-6.25},"Cylinder":{"unit":"D","value":7.51},"Axis":{"unit":"deg","value":88}},{"Sphere":{"unit":"D","value":-4.26},"Cylinder":{"unit":"D","value":8.09},"Axis":{"unit":"deg","value":120}},{"Sphere":{"unit":"D","value":2.56},"Cylinder":{"unit":"D","value":-7.42},"Axis":{"unit":"deg","value":23}}],"Median":{"Sphere":{"unit":"D","value":2.56},"Cylinder":{"unit":"D","value":7.51},"Axis":{"unit":"deg","value":23}}},"return":true}},"children":[]},{"date":{"first":"2019-03-12T16:12:45+05:30","last":"2019-03-12T16:12:46+05:30"},"name":"ChronosAlignment2","private":{"param":{"RangeXY":0.2,"RangeZ":0.375,"CorneaDetection":false,"infoForLog":{"sessionDate":"20190312","sessionPatientID":"empty161242","execTime":"20190312T161245+0530"}},"result":{"L":{"return":true,"HPD":{"unit":"mm","value":32.8}},"R":{"return":true,"HPD":{"unit":"mm","value":29.7}},"return":true}},"children":[]},{"date":{"first":"2019-03-12T16:12:46+05:30","last":"2019-03-12T16:12:46+05:30"},"name":"ChronosRef2","private":{"param":{"RoughMeasure":false,"DiopterShift":0,"infoForLog":{"sessionDate":"20190312","sessionPatientID":"empty161242","execTime":"20190312T161246+0530"}},"result":{"L":{"return":true,"Records":[{"Sphere":{"unit":"D","value":4.75},"Cylinder":{"unit":"D","value":8.54},"Axis":{"unit":"deg","value":89}},{"Sphere":{"unit":"D","value":0.11},"Cylinder":{"unit":"D","value":-5.44},"Axis":{"unit":"deg","value":83}},{"Sphere":{"unit":"D","value":3.17},"Cylinder":{"unit":"D","value":-0.6},"Axis":{"unit":"deg","value":37}}],"Median":{"Sphere":{"unit":"D","value":4.75},"Cylinder":{"unit":"D","value":8.54},"Axis":{"unit":"deg","value":83}}},"R":{"return":true,"Records":[{"Sphere":{"unit":"D","value":-6.42},"Cylinder":{"unit":"D","value":-3.06},"Axis":{"unit":"deg","value":162}},{"Sphere":{"unit":"D","value":-4.33},"Cylinder":{"unit":"D","value":-5.53},"Axis":{"unit":"deg","value":64}},{"Sphere":{"unit":"D","value":4.76},"Cylinder":{"unit":"D","value":-6.81},"Axis":{"unit":"deg","value":53}}],"Median":{"Sphere":{"unit":"D","value":4.76},"Cylinder":{"unit":"D","value":-6.81},"Axis":{"unit":"deg","value":53}}},"return":true}},"children":[]}]},{"date":{"first":"2019-03-12T16:12:46+05:30","last":"2019-03-12T16:12:46+05:30"},"name":"objective measurement","private":[],"children":[{"date":{"first":"2019-03-12T16:12:46+05:30","last":"2019-03-12T16:12:46+05:30"},"name":"ChronosAlignment2","private":{"param":{"RangeXY":0.2,"RangeZ":0.375,"CorneaDetection":false,"infoForLog":{"sessionDate":"20190312","sessionPatientID":"empty161242","execTime":"20190312T161246+0530"}},"result":{"L":{"return":true,"HPD":{"unit":"mm","value":31.8}},"R":{"return":true,"HPD":{"unit":"mm","value":40.1}},"return":true}},"children":[]},{"date":{"first":"2019-03-12T16:12:46+05:30","last":"2019-03-12T16:12:46+05:30"},"name":"ChronosRef2","private":{"param":{"RoughMeasure":true,"infoForLog":{"sessionDate":"20190312","sessionPatientID":"empty161242","execTime":"20190312T161246+0530"}},"result":{"L":{"return":true,"Records":[{"Sphere":{"unit":"D","value":7.75},"Cylinder":{"unit":"D","value":-1.58},"Axis":{"unit":"deg","value":178}},{"Sphere":{"unit":"D","value":6.18},"Cylinder":{"unit":"D","value":7.15},"Axis":{"unit":"deg","value":62}},{"Sphere":{"unit":"D","value":3.03},"Cylinder":{"unit":"D","value":-4.46},"Axis":{"unit":"deg","value":19}}],"Median":{"Sphere":{"unit":"D","value":7.75},"Cylinder":{"unit":"D","value":7.15},"Axis":{"unit":"deg","value":62}}},"R":{"return":true,"Records":[{"Sphere":{"unit":"D","value":9.51},"Cylinder":{"unit":"D","value":6.21},"Axis":{"unit":"deg","value":14}},{"Sphere":{"unit":"D","value":-2.59},"Cylinder":{"unit":"D","value":4.52},"Axis":{"unit":"deg","value":28}},{"Sphere":{"unit":"D","value":-5.08},"Cylinder":{"unit":"D","value":3.97},"Axis":{"unit":"deg","value":124}}],"Median":{"Sphere":{"unit":"D","value":-2.59},"Cylinder":{"unit":"D","value":6.21},"Axis":{"unit":"deg","value":124}}},"return":true}},"children":[]},{"date":{"first":"2019-03-12T16:12:46+05:30","last":"2019-03-12T16:12:46+05:30"},"name":"ChronosAlignment2","private":{"param":{"RangeXY":0.2,"RangeZ":0.375,"CorneaDetection":false,"infoForLog":{"sessionDate":"20190312","sessionPatientID":"empty161242","execTime":"20190312T161246+0530"}},"result":{"L":{"return":true,"HPD":{"unit":"mm","value":34.2}},"R":{"return":true,"HPD":{"unit":"mm","value":45.6}},"return":true}},"children":[]},{"date":{"first":"2019-03-12T16:12:46+05:30","last":"2019-03-12T16:12:46+05:30"},"name":"ChronosRef2","private":{"param":{"RoughMeasure":false,"DiopterShift":0,"infoForLog":{"sessionDate":"20190312","sessionPatientID":"empty161242","execTime":"20190312T161246+0530"}},"result":{"L":{"return":true,"Records":[{"Sphere":{"unit":"D","value":-1.05},"Cylinder":{"unit":"D","value":-3.09},"Axis":{"unit":"deg","value":101}},{"Sphere":{"unit":"D","value":7.35},"Cylinder":{"unit":"D","value":-6.96},"Axis":{"unit":"deg","value":66}},{"Sphere":{"unit":"D","value":9.61},"Cylinder":{"unit":"D","value":-6.63},"Axis":{"unit":"deg","value":99}}],"Median":{"Sphere":{"unit":"D","value":9.61},"Cylinder":{"unit":"D","value":-6.96},"Axis":{"unit":"deg","value":66}}},"R":{"return":true,"Records":[{"Sphere":{"unit":"D","value":-1.25},"Cylinder":{"unit":"D","value":4.12},"Axis":{"unit":"deg","value":137}},{"Sphere":{"unit":"D","value":7.22},"Cylinder":{"unit":"D","value":-6.03},"Axis":{"unit":"deg","value":140}},{"Sphere":{"unit":"D","value":-2.91},"Cylinder":{"unit":"D","value":0.02},"Axis":{"unit":"deg","value":129}}],"Median":{"Sphere":{"unit":"D","value":-2.91},"Cylinder":{"unit":"D","value":0.02},"Axis":{"unit":"deg","value":137}}},"return":true}},"children":[]}]},{"date":{"first":"2019-03-12T16:12:47+05:30","last":"2019-03-12T16:12:48+05:30"},"name":"objective measurement","private":[],"children":[{"date":{"first":"2019-03-12T16:12:47+05:30","last":"2019-03-12T16:12:47+05:30"},"name":"ChronosAlignment2","private":{"param":{"RangeXY":0.2,"RangeZ":0.375,"CorneaDetection":false,"infoForLog":{"sessionDate":"20190312","sessionPatientID":"empty161242","execTime":"20190312T161248+0530"}},"result":{"R":{"return":true,"HPD":{"unit":"mm","value":33.5}},"return":true}},"children":[]},{"date":{"first":"2019-03-12T16:12:47+05:30","last":"2019-03-12T16:12:48+05:30"},"name":"ChronosRef2","private":{"param":{"RoughMeasure":true,"infoForLog":{"sessionDate":"20190312","sessionPatientID":"empty161242","execTime":"20190312T161247+0530"}},"result":{"R":{"return":true,"Records":[{"Sphere":{"unit":"D","value":-9.52},"Cylinder":{"unit":"D","value":-3.85},"Axis":{"unit":"deg","value":1}},{"Sphere":{"unit":"D","value":-0.55},"Cylinder":{"unit":"D","value":-4.79},"Axis":{"unit":"deg","value":45}},{"Sphere":{"unit":"D","value":5.99},"Cylinder":{"unit":"D","value":9.41},"Axis":{"unit":"deg","value":124}}],"Median":{"Sphere":{"unit":"D","value":-9.52},"Cylinder":{"unit":"D","value":9.41},"Axis":{"unit":"deg","value":45}}},"return":true}},"children":[]},{"date":{"first":"2019-03-12T16:12:48+05:30","last":"2019-03-12T16:12:48+05:30"},"name":"ChronosAlignment2","private":{"param":{"RangeXY":0.2,"RangeZ":0.375,"CorneaDetection":false,"infoForLog":{"sessionDate":"20190312","sessionPatientID":"empty161242","execTime":"20190312T161248+0530"}},"result":{"R":{"return":true,"HPD":{"unit":"mm","value":48.7}},"return":true}},"children":[]},{"date":{"first":"2019-03-12T16:12:48+05:30","last":"2019-03-12T16:12:48+05:30"},"name":"ChronosRef2","private":{"param":{"RoughMeasure":false,"DiopterShift":0,"infoForLog":{"sessionDate":"20190312","sessionPatientID":"empty161242","execTime":"20190312T161248+0530"}},"result":{"R":{"return":true,"Records":[{"Sphere":{"unit":"D","value":-8.46},"Cylinder":{"unit":"D","value":-8.8},"Axis":{"unit":"deg","value":92}},{"Sphere":{"unit":"D","value":9.68},"Cylinder":{"unit":"D","value":-4.33},"Axis":{"unit":"deg","value":78}},{"Sphere":{"unit":"D","value":-5.21},"Cylinder":{"unit":"D","value":5.7},"Axis":{"unit":"deg","value":171}}],"Median":{"Sphere":{"unit":"D","value":9.68},"Cylinder":{"unit":"D","value":5.7},"Axis":{"unit":"deg","value":171}}},"return":true}},"children":[]}]},{"date":{"first":"2019-03-12T16:12:49+05:30","last":"2019-03-12T16:12:49+05:30"},"name":"objective measurement","private":[],"children":[{"date":{"first":"2019-03-12T16:12:49+05:30","last":"2019-03-12T16:12:49+05:30"},"name":"ChronosAlignment2","private":{"param":{"RangeXY":0.2,"RangeZ":0.375,"CorneaDetection":false,"infoForLog":{"sessionDate":"20190312","sessionPatientID":"empty161242","execTime":"20190312T161249+0530"}},"result":{"L":{"return":true,"HPD":{"unit":"mm","value":39.8}},"return":true}},"children":[]},{"date":{"first":"2019-03-12T16:12:49+05:30","last":"2019-03-12T16:12:49+05:30"},"name":"ChronosRef2","private":{"param":{"RoughMeasure":true,"infoForLog":{"sessionDate":"20190312","sessionPatientID":"empty161242","execTime":"20190312T161249+0530"}},"result":{"L":{"return":true,"Records":[{"Sphere":{"unit":"D","value":3.26},"Cylinder":{"unit":"D","value":-4.44},"Axis":{"unit":"deg","value":175}},{"Sphere":{"unit":"D","value":0.77},"Cylinder":{"unit":"D","value":-5.66},"Axis":{"unit":"deg","value":141}},{"Sphere":{"unit":"D","value":0.15},"Cylinder":{"unit":"D","value":3.15},"Axis":{"unit":"deg","value":7}}],"Median":{"Sphere":{"unit":"D","value":0.77},"Cylinder":{"unit":"D","value":-4.44},"Axis":{"unit":"deg","value":141}}},"return":true}},"children":[]},{"date":{"first":"2019-03-12T16:12:49+05:30","last":"2019-03-12T16:12:49+05:30"},"name":"ChronosAlignment2","private":{"param":{"RangeXY":0.2,"RangeZ":0.375,"CorneaDetection":false,"infoForLog":{"sessionDate":"20190312","sessionPatientID":"empty161242","execTime":"20190312T161249+0530"}},"result":{"L":{"return":true,"HPD":{"unit":"mm","value":33.1}},"return":true}},"children":[]},{"date":{"first":"2019-03-12T16:12:49+05:30","last":"2019-03-12T16:12:49+05:30"},"name":"ChronosRef2","private":{"param":{"RoughMeasure":false,"DiopterShift":0,"infoForLog":{"sessionDate":"20190312","sessionPatientID":"empty161242","execTime":"20190312T161249+0530"}},"result":{"L":{"return":true,"Records":[{"Sphere":{"unit":"D","value":4},"Cylinder":{"unit":"D","value":2.76},"Axis":{"unit":"deg","value":78}},{"Sphere":{"unit":"D","value":-3.73},"Cylinder":{"unit":"D","value":-9.06},"Axis":{"unit":"deg","value":101}},{"Sphere":{"unit":"D","value":-8.36},"Cylinder":{"unit":"D","value":-9.02},"Axis":{"unit":"deg","value":128}}],"Median":{"Sphere":{"unit":"D","value":-8.36},"Cylinder":{"unit":"D","value":-9.06},"Axis":{"unit":"deg","value":78}}},"return":true}},"children":[]}]},{"date":{"first":"2019-03-12T16:12:50+05:30","last":"2019-03-12T16:12:50+05:30"},"name":"objective measurement","private":[],"children":[{"date":{"first":"2019-03-12T16:12:50+05:30","last":"2019-03-12T16:12:50+05:30"},"name":"ChronosAlignment2","private":{"param":{"RangeXY":0.2,"RangeZ":0.375,"CorneaDetection":false,"infoForLog":{"sessionDate":"20190312","sessionPatientID":"empty161242","execTime":"20190312T161250+0530"}},"result":{"L":{"return":true,"HPD":{"unit":"mm","value":24.3}},"R":{"return":true,"HPD":{"unit":"mm","value":25}},"return":true}},"children":[]},{"date":{"first":"2019-03-12T16:12:50+05:30","last":"2019-03-12T16:12:50+05:30"},"name":"ChronosRef2","private":{"param":{"RoughMeasure":true,"infoForLog":{"sessionDate":"20190312","sessionPatientID":"empty161242","execTime":"20190312T161250+0530"}},"result":{"L":{"return":true,"Records":[{"Sphere":{"unit":"D","value":-4.99},"Cylinder":{"unit":"D","value":-9.06},"Axis":{"unit":"deg","value":115}},{"Sphere":{"unit":"D","value":2.29},"Cylinder":{"unit":"D","value":1.64},"Axis":{"unit":"deg","value":172}},{"Sphere":{"unit":"D","value":-4.6},"Cylinder":{"unit":"D","value":4.93},"Axis":{"unit":"deg","value":136}}],"Median":{"Sphere":{"unit":"D","value":2.29},"Cylinder":{"unit":"D","value":4.93},"Axis":{"unit":"deg","value":136}}},"R":{"return":true,"Records":[{"Sphere":{"unit":"D","value":3.28},"Cylinder":{"unit":"D","value":-7.75},"Axis":{"unit":"deg","value":165}},{"Sphere":{"unit":"D","value":4.01},"Cylinder":{"unit":"D","value":6.38},"Axis":{"unit":"deg","value":165}},{"Sphere":{"unit":"D","value":2.42},"Cylinder":{"unit":"D","value":-8.57},"Axis":{"unit":"deg","value":169}}],"Median":{"Sphere":{"unit":"D","value":3.28},"Cylinder":{"unit":"D","value":6.38},"Axis":{"unit":"deg","value":165}}},"return":true}},"children":[]},{"date":{"first":"2019-03-12T16:12:50+05:30","last":"2019-03-12T16:12:50+05:30"},"name":"ChronosAlignment2","private":{"param":{"RangeXY":0.2,"RangeZ":0.375,"CorneaDetection":false,"infoForLog":{"sessionDate":"20190312","sessionPatientID":"empty161242","execTime":"20190312T161250+0530"}},"result":{"L":{"return":true,"HPD":{"unit":"mm","value":32.3}},"R":{"return":true,"HPD":{"unit":"mm","value":15.7}},"return":true}},"children":[]},{"date":{"first":"2019-03-12T16:12:50+05:30","last":"2019-03-12T16:12:50+05:30"},"name":"ChronosRef2","private":{"param":{"RoughMeasure":false,"DiopterShift":0,"infoForLog":{"sessionDate":"20190312","sessionPatientID":"empty161242","execTime":"20190312T161250+0530"}},"result":{"L":{"return":true,"Records":[{"Sphere":{"unit":"D","value":1.83},"Cylinder":{"unit":"D","value":1.51},"Axis":{"unit":"deg","value":110}},{"Sphere":{"unit":"D","value":2.79},"Cylinder":{"unit":"D","value":-6.97},"Axis":{"unit":"deg","value":31}},{"Sphere":{"unit":"D","value":-1.71},"Cylinder":{"unit":"D","value":7.62},"Axis":{"unit":"deg","value":124}}],"Median":{"Sphere":{"unit":"D","value":2.79},"Cylinder":{"unit":"D","value":-6.97},"Axis":{"unit":"deg","value":124}}},"R":{"return":true,"Records":[{"Sphere":{"unit":"D","value":-8.28},"Cylinder":{"unit":"D","value":4.78},"Axis":{"unit":"deg","value":58}},{"Sphere":{"unit":"D","value":2.12},"Cylinder":{"unit":"D","value":1.34},"Axis":{"unit":"deg","value":167}},{"Sphere":{"unit":"D","value":6.21},"Cylinder":{"unit":"D","value":-9.49},"Axis":{"unit":"deg","value":110}}],"Median":{"Sphere":{"unit":"D","value":6.21},"Cylinder":{"unit":"D","value":-9.49},"Axis":{"unit":"deg","value":58}}},"return":true}},"children":[]}]},{"date":{"first":"2019-03-12T16:12:51+05:30","last":"2019-03-12T16:12:52+05:30"},"name":"objective measurement","private":[],"children":[{"date":{"first":"2019-03-12T16:12:51+05:30","last":"2019-03-12T16:12:51+05:30"},"name":"ChronosAlignment2","private":{"param":{"RangeXY":0.2,"RangeZ":0.375,"CorneaDetection":false,"infoForLog":{"sessionDate":"20190312","sessionPatientID":"empty161242","execTime":"20190312T161251+0530"}},"result":{"L":{"return":true,"HPD":{"unit":"mm","value":26.3}},"R":{"return":true,"HPD":{"unit":"mm","value":21}},"return":true}},"children":[]},{"date":{"first":"2019-03-12T16:12:51+05:30","last":"2019-03-12T16:12:51+05:30"},"name":"ChronosRef2","private":{"param":{"RoughMeasure":true,"infoForLog":{"sessionDate":"20190312","sessionPatientID":"empty161242","execTime":"20190312T161251+0530"}},"result":{"L":{"return":true,"Records":[{"Sphere":{"unit":"D","value":-8.54},"Cylinder":{"unit":"D","value":1.23},"Axis":{"unit":"deg","value":137}},{"Sphere":{"unit":"D","value":-9.39},"Cylinder":{"unit":"D","value":-6.25},"Axis":{"unit":"deg","value":57}},{"Sphere":{"unit":"D","value":-1.52},"Cylinder":{"unit":"D","value":3.36},"Axis":{"unit":"deg","value":90}}],"Median":{"Sphere":{"unit":"D","value":-9.39},"Cylinder":{"unit":"D","value":3.36},"Axis":{"unit":"deg","value":137}}},"R":{"return":true,"Records":[{"Sphere":{"unit":"D","value":9.39},"Cylinder":{"unit":"D","value":-8},"Axis":{"unit":"deg","value":140}},{"Sphere":{"unit":"D","value":3.87},"Cylinder":{"unit":"D","value":8.28},"Axis":{"unit":"deg","value":43}},{"Sphere":{"unit":"D","value":7.68},"Cylinder":{"unit":"D","value":-7.76},"Axis":{"unit":"deg","value":169}}],"Median":{"Sphere":{"unit":"D","value":3.87},"Cylinder":{"unit":"D","value":-8},"Axis":{"unit":"deg","value":43}}},"return":true}},"children":[]},{"date":{"first":"2019-03-12T16:12:51+05:30","last":"2019-03-12T16:12:51+05:30"},"name":"ChronosAlignment2","private":{"param":{"RangeXY":0.2,"RangeZ":0.375,"CorneaDetection":false,"infoForLog":{"sessionDate":"20190312","sessionPatientID":"empty161242","execTime":"20190312T161251+0530"}},"result":{"L":{"return":true,"HPD":{"unit":"mm","value":39.6}},"R":{"return":true,"HPD":{"unit":"mm","value":24}},"return":true}},"children":[]},{"date":{"first":"2019-03-12T16:12:51+05:30","last":"2019-03-12T16:12:52+05:30"},"name":"ChronosRef2","private":{"param":{"RoughMeasure":false,"DiopterShift":0,"infoForLog":{"sessionDate":"20190312","sessionPatientID":"empty161242","execTime":"20190312T161251+0530"}},"result":{"L":{"return":true,"Records":[{"Sphere":{"unit":"D","value":3.79},"Cylinder":{"unit":"D","value":2.78},"Axis":{"unit":"deg","value":177}},{"Sphere":{"unit":"D","value":0.87},"Cylinder":{"unit":"D","value":-2.9},"Axis":{"unit":"deg","value":15}},{"Sphere":{"unit":"D","value":-0.38},"Cylinder":{"unit":"D","value":-2.64},"Axis":{"unit":"deg","value":70}}],"Median":{"Sphere":{"unit":"D","value":-0.38},"Cylinder":{"unit":"D","value":2.78},"Axis":{"unit":"deg","value":70}}},"R":{"return":true,"Records":[{"Sphere":{"unit":"D","value":7.13},"Cylinder":{"unit":"D","value":5.92},"Axis":{"unit":"deg","value":3}},{"Sphere":{"unit":"D","value":-0.39},"Cylinder":{"unit":"D","value":-3.36},"Axis":{"unit":"deg","value":117}},{"Sphere":{"unit":"D","value":2.9},"Cylinder":{"unit":"D","value":-1.53},"Axis":{"unit":"deg","value":157}}],"Median":{"Sphere":{"unit":"D","value":2.9},"Cylinder":{"unit":"D","value":-3.36},"Axis":{"unit":"deg","value":3}}},"return":true}},"children":[]}]},{"date":{"first":"2019-03-12T16:12:52+05:30","last":"2019-03-12T16:12:52+05:30"},"name":"objective measurement","private":[],"children":[{"date":{"first":"2019-03-12T16:12:52+05:30","last":"2019-03-12T16:12:52+05:30"},"name":"ChronosAlignment2","private":{"param":{"RangeXY":0.2,"RangeZ":0.375,"CorneaDetection":false,"infoForLog":{"sessionDate":"20190312","sessionPatientID":"empty161242","execTime":"20190312T161252+0530"}},"result":{"L":{"return":true,"HPD":{"unit":"mm","value":23.2}},"R":{"return":true,"HPD":{"unit":"mm","value":30.6}},"return":true}},"children":[]},{"date":{"first":"2019-03-12T16:12:52+05:30","last":"2019-03-12T16:12:52+05:30"},"name":"ChronosRef2","private":{"param":{"RoughMeasure":true,"infoForLog":{"sessionDate":"20190312","sessionPatientID":"empty161242","execTime":"20190312T161252+0530"}},"result":{"L":{"return":true,"Records":[{"Sphere":{"unit":"D","value":2.72},"Cylinder":{"unit":"D","value":-0.01},"Axis":{"unit":"deg","value":5}},{"Sphere":{"unit":"D","value":-4.94},"Cylinder":{"unit":"D","value":-0.94},"Axis":{"unit":"deg","value":32}},{"Sphere":{"unit":"D","value":-3.97},"Cylinder":{"unit":"D","value":6.69},"Axis":{"unit":"deg","value":89}}],"Median":{"Sphere":{"unit":"D","value":-4.94},"Cylinder":{"unit":"D","value":-0.01},"Axis":{"unit":"deg","value":89}}},"R":{"return":true,"Records":[{"Sphere":{"unit":"D","value":6.74},"Cylinder":{"unit":"D","value":6.14},"Axis":{"unit":"deg","value":97}},{"Sphere":{"unit":"D","value":-1.05},"Cylinder":{"unit":"D","value":-8.7},"Axis":{"unit":"deg","value":88}},{"Sphere":{"unit":"D","value":-3.47},"Cylinder":{"unit":"D","value":-8.53},"Axis":{"unit":"deg","value":125}}],"Median":{"Sphere":{"unit":"D","value":-3.47},"Cylinder":{"unit":"D","value":-8.7},"Axis":{"unit":"deg","value":125}}},"return":true}},"children":[]},{"date":{"first":"2019-03-12T16:12:52+05:30","last":"2019-03-12T16:12:52+05:30"},"name":"ChronosAlignment2","private":{"param":{"RangeXY":0.2,"RangeZ":0.375,"CorneaDetection":false,"infoForLog":{"sessionDate":"20190312","sessionPatientID":"empty161242","execTime":"20190312T161252+0530"}},"result":{"L":{"return":true,"HPD":{"unit":"mm","value":27.5}},"R":{"return":true,"HPD":{"unit":"mm","value":38.7}},"return":true}},"children":[]},{"date":{"first":"2019-03-12T16:12:52+05:30","last":"2019-03-12T16:12:52+05:30"},"name":"ChronosRef2","private":{"param":{"RoughMeasure":false,"DiopterShift":0,"infoForLog":{"sessionDate":"20190312","sessionPatientID":"empty161242","execTime":"20190312T161252+0530"}},"result":{"L":{"return":true,"Records":[{"Sphere":{"unit":"D","value":2.38},"Cylinder":{"unit":"D","value":5.51},"Axis":{"unit":"deg","value":116}},{"Sphere":{"unit":"D","value":0.86},"Cylinder":{"unit":"D","value":-4.21},"Axis":{"unit":"deg","value":20}},{"Sphere":{"unit":"D","value":7.16},"Cylinder":{"unit":"D","value":-7.39},"Axis":{"unit":"deg","value":143}}],"Median":{"Sphere":{"unit":"D","value":2.38},"Cylinder":{"unit":"D","value":5.51},"Axis":{"unit":"deg","value":143}}},"R":{"return":true,"Records":[{"Sphere":{"unit":"D","value":-3.06},"Cylinder":{"unit":"D","value":-5.38},"Axis":{"unit":"deg","value":115}},{"Sphere":{"unit":"D","value":2.09},"Cylinder":{"unit":"D","value":-1.1},"Axis":{"unit":"deg","value":37}},{"Sphere":{"unit":"D","value":-2.06},"Cylinder":{"unit":"D","value":-1},"Axis":{"unit":"deg","value":42}}],"Median":{"Sphere":{"unit":"D","value":2.09},"Cylinder":{"unit":"D","value":-5.38},"Axis":{"unit":"deg","value":115}}},"return":true}},"children":[]}]},{"date":{"first":"2019-03-12T16:12:52+05:30","last":"2019-03-12T16:12:52+05:30"},"name":"objective measurement","private":[],"children":[{"date":{"first":"2019-03-12T16:12:52+05:30","last":"2019-03-12T16:12:52+05:30"},"name":"ChronosAlignment2","private":{"param":{"RangeXY":0.2,"RangeZ":0.375,"CorneaDetection":false,"infoForLog":{"sessionDate":"20190312","sessionPatientID":"empty161242","execTime":"20190312T161252+0530"}},"result":{"L":{"return":true,"HPD":{"unit":"mm","value":29.9}},"R":{"return":true,"HPD":{"unit":"mm","value":22.9}},"return":true}},"children":[]},{"date":{"first":"2019-03-12T16:12:52+05:30","last":"2019-03-12T16:12:52+05:30"},"name":"ChronosRef2","private":{"param":{"RoughMeasure":true,"infoForLog":{"sessionDate":"20190312","sessionPatientID":"empty161242","execTime":"20190312T161252+0530"}},"result":{"L":{"return":true,"Records":[{"Sphere":{"unit":"D","value":1.01},"Cylinder":{"unit":"D","value":0.58},"Axis":{"unit":"deg","value":69}},{"Sphere":{"unit":"D","value":-5.02},"Cylinder":{"unit":"D","value":9.58},"Axis":{"unit":"deg","value":58}},{"Sphere":{"unit":"D","value":2.02},"Cylinder":{"unit":"D","value":-1.07},"Axis":{"unit":"deg","value":59}}],"Median":{"Sphere":{"unit":"D","value":1.01},"Cylinder":{"unit":"D","value":9.58},"Axis":{"unit":"deg","value":59}}},"R":{"return":true,"Records":[{"Sphere":{"unit":"D","value":9.29},"Cylinder":{"unit":"D","value":4.67},"Axis":{"unit":"deg","value":51}},{"Sphere":{"unit":"D","value":1.58},"Cylinder":{"unit":"D","value":-9.35},"Axis":{"unit":"deg","value":122}},{"Sphere":{"unit":"D","value":0.3},"Cylinder":{"unit":"D","value":2.25},"Axis":{"unit":"deg","value":176}}],"Median":{"Sphere":{"unit":"D","value":9.29},"Cylinder":{"unit":"D","value":-9.35},"Axis":{"unit":"deg","value":122}}},"return":true}},"children":[]},{"date":{"first":"2019-03-12T16:12:52+05:30","last":"2019-03-12T16:12:52+05:30"},"name":"ChronosAlignment2","private":{"param":{"RangeXY":0.2,"RangeZ":0.375,"CorneaDetection":false,"infoForLog":{"sessionDate":"20190312","sessionPatientID":"empty161242","execTime":"20190312T161252+0530"}},"result":{"L":{"return":true,"HPD":{"unit":"mm","value":39.2}},"R":{"return":true,"HPD":{"unit":"mm","value":37.1}},"return":true}},"children":[]},{"date":{"first":"2019-03-12T16:12:52+05:30","last":"2019-03-12T16:12:52+05:30"},"name":"ChronosRef2","private":{"param":{"RoughMeasure":false,"DiopterShift":0,"infoForLog":{"sessionDate":"20190312","sessionPatientID":"empty161242","execTime":"20190312T161252+0530"}},"result":{"L":{"return":true,"Records":[{"Sphere":{"unit":"D","value":-2.99},"Cylinder":{"unit":"D","value":8.61},"Axis":{"unit":"deg","value":65}},{"Sphere":{"unit":"D","value":4.83},"Cylinder":{"unit":"D","value":2.84},"Axis":{"unit":"deg","value":126}},{"Sphere":{"unit":"D","value":-0.34},"Cylinder":{"unit":"D","value":-3.98},"Axis":{"unit":"deg","value":151}}],"Median":{"Sphere":{"unit":"D","value":-2.99},"Cylinder":{"unit":"D","value":-3.98},"Axis":{"unit":"deg","value":126}}},"R":{"return":true,"Records":[{"Sphere":{"unit":"D","value":3.1},"Cylinder":{"unit":"D","value":-7.91},"Axis":{"unit":"deg","value":160}},{"Sphere":{"unit":"D","value":-1.95},"Cylinder":{"unit":"D","value":4.61},"Axis":{"unit":"deg","value":62}},{"Sphere":{"unit":"D","value":-3.7},"Cylinder":{"unit":"D","value":7.2},"Axis":{"unit":"deg","value":79}}],"Median":{"Sphere":{"unit":"D","value":3.1},"Cylinder":{"unit":"D","value":-7.91},"Axis":{"unit":"deg","value":62}}},"return":true}},"children":[]}]},{"date":{"first":"2019-03-12T16:12:52+05:30","last":"2019-03-12T16:12:53+05:30"},"name":"objective measurement","private":[],"children":[{"date":{"first":"2019-03-12T16:12:52+05:30","last":"2019-03-12T16:12:52+05:30"},"name":"ChronosAlignment2","private":{"param":{"RangeXY":0.2,"RangeZ":0.375,"CorneaDetection":false,"infoForLog":{"sessionDate":"20190312","sessionPatientID":"empty161242","execTime":"20190312T161252+0530"}},"result":{"L":{"return":true,"HPD":{"unit":"mm","value":17.6}},"R":{"return":true,"HPD":{"unit":"mm","value":45.6}},"return":true}},"children":[]},{"date":{"first":"2019-03-12T16:12:52+05:30","last":"2019-03-12T16:12:52+05:30"},"name":"ChronosRef2","private":{"param":{"RoughMeasure":true,"infoForLog":{"sessionDate":"20190312","sessionPatientID":"empty161242","execTime":"20190312T161252+0530"}},"result":{"L":{"return":true,"Records":[{"Sphere":{"unit":"D","value":-9.65},"Cylinder":{"unit":"D","value":4.31},"Axis":{"unit":"deg","value":38}},{"Sphere":{"unit":"D","value":6.44},"Cylinder":{"unit":"D","value":-9.19},"Axis":{"unit":"deg","value":37}},{"Sphere":{"unit":"D","value":-7},"Cylinder":{"unit":"D","value":1.18},"Axis":{"unit":"deg","value":67}}],"Median":{"Sphere":{"unit":"D","value":-9.65},"Cylinder":{"unit":"D","value":1.18},"Axis":{"unit":"deg","value":37}}},"R":{"return":true,"Records":[{"Sphere":{"unit":"D","value":0.97},"Cylinder":{"unit":"D","value":9.69},"Axis":{"unit":"deg","value":82}},{"Sphere":{"unit":"D","value":6.49},"Cylinder":{"unit":"D","value":-6.82},"Axis":{"unit":"deg","value":105}},{"Sphere":{"unit":"D","value":-8.73},"Cylinder":{"unit":"D","value":-7.11},"Axis":{"unit":"deg","value":173}}],"Median":{"Sphere":{"unit":"D","value":0.97},"Cylinder":{"unit":"D","value":-6.82},"Axis":{"unit":"deg","value":105}}},"return":true}},"children":[]},{"date":{"first":"2019-03-12T16:12:52+05:30","last":"2019-03-12T16:12:52+05:30"},"name":"ChronosAlignment2","private":{"param":{"RangeXY":0.2,"RangeZ":0.375,"CorneaDetection":false,"infoForLog":{"sessionDate":"20190312","sessionPatientID":"empty161242","execTime":"20190312T161252+0530"}},"result":{"L":{"return":true,"HPD":{"unit":"mm","value":33.6}},"R":{"return":true,"HPD":{"unit":"mm","value":22}},"return":true}},"children":[]},{"date":{"first":"2019-03-12T16:12:52+05:30","last":"2019-03-12T16:12:53+05:30"},"name":"ChronosRef2","private":{"param":{"RoughMeasure":false,"DiopterShift":0,"infoForLog":{"sessionDate":"20190312","sessionPatientID":"empty161242","execTime":"20190312T161252+0530"}},"result":{"L":{"return":true,"Records":[{"Sphere":{"unit":"D","value":1.85},"Cylinder":{"unit":"D","value":9.49},"Axis":{"unit":"deg","value":170}},{"Sphere":{"unit":"D","value":1.56},"Cylinder":{"unit":"D","value":-1.64},"Axis":{"unit":"deg","value":44}},{"Sphere":{"unit":"D","value":-3.28},"Cylinder":{"unit":"D","value":2.83},"Axis":{"unit":"deg","value":18}}],"Median":{"Sphere":{"unit":"D","value":1.85},"Cylinder":{"unit":"D","value":9.49},"Axis":{"unit":"deg","value":170}}},"R":{"return":true,"Records":[{"Sphere":{"unit":"D","value":8.12},"Cylinder":{"unit":"D","value":0.59},"Axis":{"unit":"deg","value":139}},{"Sphere":{"unit":"D","value":-2.14},"Cylinder":{"unit":"D","value":-5.79},"Axis":{"unit":"deg","value":148}},{"Sphere":{"unit":"D","value":6.55},"Cylinder":{"unit":"D","value":-3.4},"Axis":{"unit":"deg","value":161}}],"Median":{"Sphere":{"unit":"D","value":8.12},"Cylinder":{"unit":"D","value":0.59},"Axis":{"unit":"deg","value":139}}},"return":true}},"children":[]}]},{"date":{"first":"2019-03-12T16:12:53+05:30","last":"2019-03-12T16:12:53+05:30"},"name":"objective measurement","private":[],"children":[{"date":{"first":"2019-03-12T16:12:53+05:30","last":"2019-03-12T16:12:53+05:30"},"name":"ChronosAlignment2","private":{"param":{"RangeXY":0.2,"RangeZ":0.375,"CorneaDetection":false,"infoForLog":{"sessionDate":"20190312","sessionPatientID":"empty161242","execTime":"20190312T161253+0530"}},"result":{"L":{"return":true,"HPD":{"unit":"mm","value":14.2}},"R":{"return":true,"HPD":{"unit":"mm","value":31.4}},"return":true}},"children":[]},{"date":{"first":"2019-03-12T16:12:53+05:30","last":"2019-03-12T16:12:53+05:30"},"name":"ChronosRef2","private":{"param":{"RoughMeasure":true,"infoForLog":{"sessionDate":"20190312","sessionPatientID":"empty161242","execTime":"20190312T161253+0530"}},"result":{"L":{"return":true,"Records":[{"Sphere":{"unit":"D","value":7.84},"Cylinder":{"unit":"D","value":8.96},"Axis":{"unit":"deg","value":150}},{"Sphere":{"unit":"D","value":-9.44},"Cylinder":{"unit":"D","value":1.53},"Axis":{"unit":"deg","value":32}},{"Sphere":{"unit":"D","value":10},"Cylinder":{"unit":"D","value":9.82},"Axis":{"unit":"deg","value":122}}],"Median":{"Sphere":{"unit":"D","value":10},"Cylinder":{"unit":"D","value":8.96},"Axis":{"unit":"deg","value":150}}},"R":{"return":true,"Records":[{"Sphere":{"unit":"D","value":-0.34},"Cylinder":{"unit":"D","value":6.03},"Axis":{"unit":"deg","value":34}},{"Sphere":{"unit":"D","value":9.05},"Cylinder":{"unit":"D","value":3.22},"Axis":{"unit":"deg","value":13}},{"Sphere":{"unit":"D","value":-6.86},"Cylinder":{"unit":"D","value":-5.12},"Axis":{"unit":"deg","value":169}}],"Median":{"Sphere":{"unit":"D","value":-6.86},"Cylinder":{"unit":"D","value":-5.12},"Axis":{"unit":"deg","value":169}}},"return":true}},"children":[]},{"date":{"first":"2019-03-12T16:12:53+05:30","last":"2019-03-12T16:12:53+05:30"},"name":"ChronosAlignment2","private":{"param":{"RangeXY":0.2,"RangeZ":0.375,"CorneaDetection":false,"infoForLog":{"sessionDate":"20190312","sessionPatientID":"empty161242","execTime":"20190312T161253+0530"}},"result":{"L":{"return":true,"HPD":{"unit":"mm","value":13.2}},"R":{"return":true,"HPD":{"unit":"mm","value":23.7}},"return":true}},"children":[]},{"date":{"first":"2019-03-12T16:12:53+05:30","last":"2019-03-12T16:12:53+05:30"},"name":"ChronosRef2","private":{"param":{"RoughMeasure":false,"DiopterShift":0,"infoForLog":{"sessionDate":"20190312","sessionPatientID":"empty161242","execTime":"20190312T161253+0530"}},"result":{"L":{"return":true,"Records":[{"Sphere":{"unit":"D","value":-3.48},"Cylinder":{"unit":"D","value":8.8},"Axis":{"unit":"deg","value":148}},{"Sphere":{"unit":"D","value":8.72},"Cylinder":{"unit":"D","value":2.56},"Axis":{"unit":"deg","value":64}},{"Sphere":{"unit":"D","value":8.84},"Cylinder":{"unit":"D","value":1.77},"Axis":{"unit":"deg","value":10}}],"Median":{"Sphere":{"unit":"D","value":-3.48},"Cylinder":{"unit":"D","value":1.77},"Axis":{"unit":"deg","value":10}}},"R":{"return":true,"Records":[{"Sphere":{"unit":"D","value":-0.58},"Cylinder":{"unit":"D","value":3.49},"Axis":{"unit":"deg","value":116}},{"Sphere":{"unit":"D","value":-6.18},"Cylinder":{"unit":"D","value":-4.56},"Axis":{"unit":"deg","value":36}},{"Sphere":{"unit":"D","value":-3.82},"Cylinder":{"unit":"D","value":4.79},"Axis":{"unit":"deg","value":12}}],"Median":{"Sphere":{"unit":"D","value":-3.82},"Cylinder":{"unit":"D","value":4.79},"Axis":{"unit":"deg","value":36}}},"return":true}},"children":[]}]},{"date":{"first":"2019-03-12T16:12:53+05:30","last":"2019-03-12T16:12:54+05:30"},"name":"objective measurement","private":[],"children":[{"date":{"first":"2019-03-12T16:12:53+05:30","last":"2019-03-12T16:12:53+05:30"},"name":"ChronosAlignment2","private":{"param":{"RangeXY":0.2,"RangeZ":0.375,"CorneaDetection":false,"infoForLog":{"sessionDate":"20190312","sessionPatientID":"empty161242","execTime":"20190312T161253+0530"}},"result":{"L":{"return":true,"HPD":{"unit":"mm","value":10}},"R":{"return":true,"HPD":{"unit":"mm","value":30.6}},"return":true}},"children":[]},{"date":{"first":"2019-03-12T16:12:53+05:30","last":"2019-03-12T16:12:53+05:30"},"name":"ChronosRef2","private":{"param":{"RoughMeasure":true,"infoForLog":{"sessionDate":"20190312","sessionPatientID":"empty161242","execTime":"20190312T161253+0530"}},"result":{"L":{"return":true,"Records":[{"Sphere":{"unit":"D","value":0.53},"Cylinder":{"unit":"D","value":3.66},"Axis":{"unit":"deg","value":148}},{"Sphere":{"unit":"D","value":9.59},"Cylinder":{"unit":"D","value":-0.19},"Axis":{"unit":"deg","value":117}},{"Sphere":{"unit":"D","value":7.66},"Cylinder":{"unit":"D","value":2.58},"Axis":{"unit":"deg","value":74}}],"Median":{"Sphere":{"unit":"D","value":0.53},"Cylinder":{"unit":"D","value":2.58},"Axis":{"unit":"deg","value":74}}},"R":{"return":true,"Records":[{"Sphere":{"unit":"D","value":7.23},"Cylinder":{"unit":"D","value":0.33},"Axis":{"unit":"deg","value":101}},{"Sphere":{"unit":"D","value":-3.13},"Cylinder":{"unit":"D","value":3.5},"Axis":{"unit":"deg","value":137}},{"Sphere":{"unit":"D","value":3.43},"Cylinder":{"unit":"D","value":-5.92},"Axis":{"unit":"deg","value":169}}],"Median":{"Sphere":{"unit":"D","value":7.23},"Cylinder":{"unit":"D","value":-5.92},"Axis":{"unit":"deg","value":137}}},"return":true}},"children":[]},{"date":{"first":"2019-03-12T16:12:53+05:30","last":"2019-03-12T16:12:54+05:30"},"name":"ChronosAlignment2","private":{"param":{"RangeXY":0.2,"RangeZ":0.375,"CorneaDetection":false,"infoForLog":{"sessionDate":"20190312","sessionPatientID":"empty161242","execTime":"20190312T161253+0530"}},"result":{"L":{"return":true,"HPD":{"unit":"mm","value":11.4}},"R":{"return":true,"HPD":{"unit":"mm","value":41.3}},"return":true}},"children":[]},{"date":{"first":"2019-03-12T16:12:54+05:30","last":"2019-03-12T16:12:54+05:30"},"name":"ChronosRef2","private":{"param":{"RoughMeasure":false,"DiopterShift":0,"infoForLog":{"sessionDate":"20190312","sessionPatientID":"empty161242","execTime":"20190312T161254+0530"}},"result":{"L":{"return":true,"Records":[{"Sphere":{"unit":"D","value":0.7},"Cylinder":{"unit":"D","value":-4.3},"Axis":{"unit":"deg","value":136}},{"Sphere":{"unit":"D","value":3.53},"Cylinder":{"unit":"D","value":1.72},"Axis":{"unit":"deg","value":67}},{"Sphere":{"unit":"D","value":1.64},"Cylinder":{"unit":"D","value":-2.84},"Axis":{"unit":"deg","value":49}}],"Median":{"Sphere":{"unit":"D","value":3.53},"Cylinder":{"unit":"D","value":-4.3},"Axis":{"unit":"deg","value":136}}},"R":{"return":true,"Records":[{"Sphere":{"unit":"D","value":0.2},"Cylinder":{"unit":"D","value":2.18},"Axis":{"unit":"deg","value":143}},{"Sphere":{"unit":"D","value":-0.08},"Cylinder":{"unit":"D","value":5.37},"Axis":{"unit":"deg","value":24}},{"Sphere":{"unit":"D","value":4.65},"Cylinder":{"unit":"D","value":1.44},"Axis":{"unit":"deg","value":141}}],"Median":{"Sphere":{"unit":"D","value":0.2},"Cylinder":{"unit":"D","value":5.37},"Axis":{"unit":"deg","value":143}}},"return":true}},"children":[]}]},{"date":{"first":"2019-03-12T16:12:54+05:30","last":"2019-03-12T16:12:54+05:30"},"name":"objective measurement","private":[],"children":[{"date":{"first":"2019-03-12T16:12:54+05:30","last":"2019-03-12T16:12:54+05:30"},"name":"ChronosAlignment2","private":{"param":{"RangeXY":0.2,"RangeZ":0.375,"CorneaDetection":false,"infoForLog":{"sessionDate":"20190312","sessionPatientID":"empty161242","execTime":"20190312T161254+0530"}},"result":{"L":{"return":true,"HPD":{"unit":"mm","value":13.7}},"R":{"return":true,"HPD":{"unit":"mm","value":21.6}},"return":true}},"children":[]},{"date":{"first":"2019-03-12T16:12:54+05:30","last":"2019-03-12T16:12:54+05:30"},"name":"ChronosRef2","private":{"param":{"RoughMeasure":true,"infoForLog":{"sessionDate":"20190312","sessionPatientID":"empty161242","execTime":"20190312T161254+0530"}},"result":{"L":{"return":true,"Records":[{"Sphere":{"unit":"D","value":-1.96},"Cylinder":{"unit":"D","value":-3.71},"Axis":{"unit":"deg","value":128}},{"Sphere":{"unit":"D","value":-0.43},"Cylinder":{"unit":"D","value":9.15},"Axis":{"unit":"deg","value":101}},{"Sphere":{"unit":"D","value":8.36},"Cylinder":{"unit":"D","value":0.56},"Axis":{"unit":"deg","value":133}}],"Median":{"Sphere":{"unit":"D","value":-0.43},"Cylinder":{"unit":"D","value":9.15},"Axis":{"unit":"deg","value":101}}},"R":{"return":true,"Records":[{"Sphere":{"unit":"D","value":-1.31},"Cylinder":{"unit":"D","value":-6.35},"Axis":{"unit":"deg","value":58}},{"Sphere":{"unit":"D","value":-8.16},"Cylinder":{"unit":"D","value":3.25},"Axis":{"unit":"deg","value":143}},{"Sphere":{"unit":"D","value":-0.25},"Cylinder":{"unit":"D","value":0.31},"Axis":{"unit":"deg","value":140}}],"Median":{"Sphere":{"unit":"D","value":-8.16},"Cylinder":{"unit":"D","value":3.25},"Axis":{"unit":"deg","value":58}}},"return":true}},"children":[]},{"date":{"first":"2019-03-12T16:12:54+05:30","last":"2019-03-12T16:12:54+05:30"},"name":"ChronosAlignment2","private":{"param":{"RangeXY":0.2,"RangeZ":0.375,"CorneaDetection":false,"infoForLog":{"sessionDate":"20190312","sessionPatientID":"empty161242","execTime":"20190312T161254+0530"}},"result":{"L":{"return":true,"HPD":{"unit":"mm","value":13.5}},"R":{"return":true,"HPD":{"unit":"mm","value":38.4}},"return":true}},"children":[]},{"date":{"first":"2019-03-12T16:12:54+05:30","last":"2019-03-12T16:12:54+05:30"},"name":"ChronosRef2","private":{"param":{"RoughMeasure":false,"DiopterShift":0,"infoForLog":{"sessionDate":"20190312","sessionPatientID":"empty161242","execTime":"20190312T161254+0530"}},"result":{"L":{"return":true,"Records":[{"Sphere":{"unit":"D","value":1.09},"Cylinder":{"unit":"D","value":8.19},"Axis":{"unit":"deg","value":131}},{"Sphere":{"unit":"D","value":1.73},"Cylinder":{"unit":"D","value":-5.98},"Axis":{"unit":"deg","value":2}},{"Sphere":{"unit":"D","value":-0.94},"Cylinder":{"unit":"D","value":-6.56},"Axis":{"unit":"deg","value":65}}],"Median":{"Sphere":{"unit":"D","value":1.73},"Cylinder":{"unit":"D","value":8.19},"Axis":{"unit":"deg","value":131}}},"R":{"return":true,"Records":[{"Sphere":{"unit":"D","value":6.17},"Cylinder":{"unit":"D","value":-9.49},"Axis":{"unit":"deg","value":174}},{"Sphere":{"unit":"D","value":-1.62},"Cylinder":{"unit":"D","value":3.91},"Axis":{"unit":"deg","value":99}},{"Sphere":{"unit":"D","value":3.22},"Cylinder":{"unit":"D","value":0.4},"Axis":{"unit":"deg","value":179}}],"Median":{"Sphere":{"unit":"D","value":6.17},"Cylinder":{"unit":"D","value":0.4},"Axis":{"unit":"deg","value":99}}},"return":true}},"children":[]}]},{"date":{"first":"2019-03-12T16:12:54+05:30","last":"2019-03-12T16:12:54+05:30"},"name":"objective measurement","private":[],"children":[{"date":{"first":"2019-03-12T16:12:54+05:30","last":"2019-03-12T16:12:54+05:30"},"name":"ChronosAlignment2","private":{"param":{"RangeXY":0.2,"RangeZ":0.375,"CorneaDetection":false,"infoForLog":{"sessionDate":"20190312","sessionPatientID":"empty161242","execTime":"20190312T161254+0530"}},"result":{"L":{"return":true,"HPD":{"unit":"mm","value":37.2}},"R":{"return":true,"HPD":{"unit":"mm","value":15.7}},"return":true}},"children":[]},{"date":{"first":"2019-03-12T16:12:54+05:30","last":"2019-03-12T16:12:54+05:30"},"name":"ChronosRef2","private":{"param":{"RoughMeasure":true,"infoForLog":{"sessionDate":"20190312","sessionPatientID":"empty161242","execTime":"20190312T161254+0530"}},"result":{"L":{"return":true,"Records":[{"Sphere":{"unit":"D","value":-8.38},"Cylinder":{"unit":"D","value":-3.67},"Axis":{"unit":"deg","value":72}},{"Sphere":{"unit":"D","value":-8.08},"Cylinder":{"unit":"D","value":-2.21},"Axis":{"unit":"deg","value":105}},{"Sphere":{"unit":"D","value":-1.14},"Cylinder":{"unit":"D","value":-1.75},"Axis":{"unit":"deg","value":41}}],"Median":{"Sphere":{"unit":"D","value":-8.08},"Cylinder":{"unit":"D","value":-2.21},"Axis":{"unit":"deg","value":41}}},"R":{"return":true,"Records":[{"Sphere":{"unit":"D","value":6.57},"Cylinder":{"unit":"D","value":-5.76},"Axis":{"unit":"deg","value":92}},{"Sphere":{"unit":"D","value":7.15},"Cylinder":{"unit":"D","value":2.45},"Axis":{"unit":"deg","value":131}},{"Sphere":{"unit":"D","value":6.42},"Cylinder":{"unit":"D","value":-5.48},"Axis":{"unit":"deg","value":68}}],"Median":{"Sphere":{"unit":"D","value":6.57},"Cylinder":{"unit":"D","value":2.45},"Axis":{"unit":"deg","value":68}}},"return":true}},"children":[]},{"date":{"first":"2019-03-12T16:12:54+05:30","last":"2019-03-12T16:12:54+05:30"},"name":"ChronosAlignment2","private":{"param":{"RangeXY":0.2,"RangeZ":0.375,"CorneaDetection":false,"infoForLog":{"sessionDate":"20190312","sessionPatientID":"empty161242","execTime":"20190312T161254+0530"}},"result":{"L":{"return":true,"HPD":{"unit":"mm","value":21.5}},"R":{"return":true,"HPD":{"unit":"mm","value":14.7}},"return":true}},"children":[]},{"date":{"first":"2019-03-12T16:12:54+05:30","last":"2019-03-12T16:12:54+05:30"},"name":"ChronosRef2","private":{"param":{"RoughMeasure":false,"DiopterShift":0,"infoForLog":{"sessionDate":"20190312","sessionPatientID":"empty161242","execTime":"20190312T161254+0530"}},"result":{"L":{"return":true,"Records":[{"Sphere":{"unit":"D","value":-4.31},"Cylinder":{"unit":"D","value":2.1},"Axis":{"unit":"deg","value":72}},{"Sphere":{"unit":"D","value":7.59},"Cylinder":{"unit":"D","value":-2.08},"Axis":{"unit":"deg","value":19}},{"Sphere":{"unit":"D","value":-7.43},"Cylinder":{"unit":"D","value":3.74},"Axis":{"unit":"deg","value":38}}],"Median":{"Sphere":{"unit":"D","value":7.59},"Cylinder":{"unit":"D","value":2.1},"Axis":{"unit":"deg","value":38}}},"R":{"return":true,"Records":[{"Sphere":{"unit":"D","value":-1.02},"Cylinder":{"unit":"D","value":-8.28},"Axis":{"unit":"deg","value":156}},{"Sphere":{"unit":"D","value":-6.66},"Cylinder":{"unit":"D","value":-6.3},"Axis":{"unit":"deg","value":124}},{"Sphere":{"unit":"D","value":-7.83},"Cylinder":{"unit":"D","value":2.06},"Axis":{"unit":"deg","value":109}}],"Median":{"Sphere":{"unit":"D","value":-7.83},"Cylinder":{"unit":"D","value":-8.28},"Axis":{"unit":"deg","value":156}}},"return":true}},"children":[]}]},{"date":{"first":"2019-03-12T16:12:55+05:30","last":"2019-03-12T16:12:55+05:30"},"name":"objective measurement","private":[],"children":[{"date":{"first":"2019-03-12T16:12:55+05:30","last":"2019-03-12T16:12:55+05:30"},"name":"ChronosAlignment2","private":{"param":{"RangeXY":0.2,"RangeZ":0.375,"CorneaDetection":false,"infoForLog":{"sessionDate":"20190312","sessionPatientID":"empty161242","execTime":"20190312T161255+0530"}},"result":{"L":{"return":true,"HPD":{"unit":"mm","value":20.6}},"R":{"return":true,"HPD":{"unit":"mm","value":30.8}},"return":true}},"children":[]},{"date":{"first":"2019-03-12T16:12:55+05:30","last":"2019-03-12T16:12:55+05:30"},"name":"ChronosRef2","private":{"param":{"RoughMeasure":true,"infoForLog":{"sessionDate":"20190312","sessionPatientID":"empty161242","execTime":"20190312T161255+0530"}},"result":{"L":{"return":true,"Records":[{"Sphere":{"unit":"D","value":9.82},"Cylinder":{"unit":"D","value":-0.83},"Axis":{"unit":"deg","value":172}},{"Sphere":{"unit":"D","value":-2.45},"Cylinder":{"unit":"D","value":5.85},"Axis":{"unit":"deg","value":150}},{"Sphere":{"unit":"D","value":-3.2},"Cylinder":{"unit":"D","value":-7.67},"Axis":{"unit":"deg","value":89}}],"Median":{"Sphere":{"unit":"D","value":-3.2},"Cylinder":{"unit":"D","value":-0.83},"Axis":{"unit":"deg","value":89}}},"R":{"return":true,"Records":[{"Sphere":{"unit":"D","value":8.9},"Cylinder":{"unit":"D","value":-1.3},"Axis":{"unit":"deg","value":73}},{"Sphere":{"unit":"D","value":-3.65},"Cylinder":{"unit":"D","value":-7.74},"Axis":{"unit":"deg","value":95}},{"Sphere":{"unit":"D","value":-2.73},"Cylinder":{"unit":"D","value":-1.33},"Axis":{"unit":"deg","value":11}}],"Median":{"Sphere":{"unit":"D","value":-3.65},"Cylinder":{"unit":"D","value":-7.74},"Axis":{"unit":"deg","value":73}}},"return":true}},"children":[]},{"date":{"first":"2019-03-12T16:12:55+05:30","last":"2019-03-12T16:12:55+05:30"},"name":"ChronosAlignment2","private":{"param":{"RangeXY":0.2,"RangeZ":0.375,"CorneaDetection":false,"infoForLog":{"sessionDate":"20190312","sessionPatientID":"empty161242","execTime":"20190312T161255+0530"}},"result":{"L":{"return":true,"HPD":{"unit":"mm","value":17.5}},"R":{"return":true,"HPD":{"unit":"mm","value":29.2}},"return":true}},"children":[]},{"date":{"first":"2019-03-12T16:12:55+05:30","last":"2019-03-12T16:12:55+05:30"},"name":"ChronosRef2","private":{"param":{"RoughMeasure":false,"DiopterShift":0,"infoForLog":{"sessionDate":"20190312","sessionPatientID":"empty161242","execTime":"20190312T161255+0530"}},"result":{"L":{"return":true,"Records":[{"Sphere":{"unit":"D","value":9.98},"Cylinder":{"unit":"D","value":2.71},"Axis":{"unit":"deg","value":87}},{"Sphere":{"unit":"D","value":1.61},"Cylinder":{"unit":"D","value":-9.55},"Axis":{"unit":"deg","value":180}},{"Sphere":{"unit":"D","value":-1.48},"Cylinder":{"unit":"D","value":-1.1},"Axis":{"unit":"deg","value":177}}],"Median":{"Sphere":{"unit":"D","value":9.98},"Cylinder":{"unit":"D","value":-9.55},"Axis":{"unit":"deg","value":87}}},"R":{"return":true,"Records":[{"Sphere":{"unit":"D","value":-9.5},"Cylinder":{"unit":"D","value":5.13},"Axis":{"unit":"deg","value":48}},{"Sphere":{"unit":"D","value":6.03},"Cylinder":{"unit":"D","value":3.36},"Axis":{"unit":"deg","value":32}},{"Sphere":{"unit":"D","value":3.03},"Cylinder":{"unit":"D","value":-4.01},"Axis":{"unit":"deg","value":151}}],"Median":{"Sphere":{"unit":"D","value":6.03},"Cylinder":{"unit":"D","value":3.36},"Axis":{"unit":"deg","value":32}}},"return":true}},"children":[]}]}]}