{"date":{"first":"2019-03-12T10:55:07+05:30","last":"2019-03-12T11:00:18+05:30"},"name":"One cycle of eye examination","private":{"sessionDate":"20190312","sessionTime":"105507","patientID":""},"children":[{"date":{"first":"2019-03-12T10:57:21+05:30","last":"2019-03-12T10:57:22+05:30"},"name":"objective measurement","children":[{"date":{"first":"2019-03-12T10:57:21+05:30","last":"2019-03-12T10:57:21+05:30"},"name":"ChronosAlignment2","private":{"param":{"RangeXY":0.2,"RangeZ":0.375,"CorneaDetection":false,"infoForLog":{"sessionDate":"20190312","sessionPatientID":"empty105507","execTime":"20190312T105722+0530"}},"result":{"L":{"return":true,"HPD":{"unit":"mm","value":47.7}},"R":{"return":true,"HPD":{"unit":"mm","value":36.3}},"return":true}}},{"date":{"first":"2019-03-12T10:57:21+05:30","last":"2019-03-12T10:57:22+05:30"},"name":"ChronosRef2","private":{"param":{"RoughMeasure":true,"infoForLog":{"sessionDate":"20190312","sessionPatientID":"empty105507","execTime":"20190312T105721+0530"}},"result":{"L":{"return":true,"Records":[{"Sphere":{"unit":"D","value":3.75},"Cylinder":{"unit":"D","value":9.22},"Axis":{"unit":"deg","value":135}},{"Sphere":{"unit":"D","value":-6.53},"Cylinder":{"unit":"D","value":1.08},"Axis":{"unit":"deg","value":102}},{"Sphere":{"unit":"D","value":-5.77},"Cylinder":{"unit":"D","value":9.38},"Axis":{"unit":"deg","value":91}}],"Median":{"Sphere":{"unit":"D","value":-5.77},"Cylinder":{"unit":"D","value":1.08},"Axis":{"unit":"deg","value":102}}},"R":{"return":true,"Records":[{"Sphere":{"unit":"D","value":-7.72},"Cylinder":{"unit":"D","value":-0.78},"Axis":{"unit":"deg","value":89}},{"Sphere":{"unit":"D","value":1.98},"Cylinder":{"unit":"D","value":8.65},"Axis":{"unit":"deg","value":25}},{"Sphere":{"unit":"D","value":-1.74},"Cylinder":{"unit":"D","value":3.19},"Axis":{"unit":"deg","value":16}}],"Median":{"Sphere":{"unit":"D","value":-1.74},"Cylinder":{"unit":"D","value":3.19},"Axis":{"unit":"deg","value":25}}},"return":true}}},{"date":{"first":"2019-03-12T10:57:22+05:30","last":"2019-03-12T10:57:22+05:30"},"name":"ChronosAlignment2","private":{"param":{"RangeXY":0.2,"RangeZ":0.375,"CorneaDetection":false,"infoForLog":{"sessionDate":"20190312","sessionPatientID":"empty105507","execTime":"20190312T105722+0530"}},"result":{"L":{"return":true,"HPD":{"unit":"mm","value":31.9}},"R":{"return":true,"HPD":{"unit":"mm","value":17.1}},"return":true}}},{"date":{"first":"2019-03-12T10:57:22+05:30","last":"2019-03-12T10:57:22+05:30"},"name":"ChronosRef2","private":{"param":{"RoughMeasure":false,"DiopterShift":0,"infoForLog":{"sessionDate":"20190312","sessionPatientID":"empty105507","execTime":"20190312T105722+0530"}},"result":{"L":{"return":true,"Records":[{"Sphere":{"unit":"D","value":-9.69},"Cylinder":{"unit":"D","value":3.9},"Axis":{"unit":"deg","value":15}},{"Sphere":{"unit":"D","value":-3.4},"Cylinder":{"unit":"D","value":3.02},"Axis":{"unit":"deg","value":178}},{"Sphere":{"unit":"D","value":1.72},"Cylinder":{"unit":"D","value":-9.3},"Axis":{"unit":"deg","value":114}}],"Median":{"Sphere":{"unit":"D","value":1.72},"Cylinder":{"unit":"D","value":3.02},"Axis":{"unit":"deg","value":178}}},"R":{"return":true,"Records":[{"Sphere":{"unit":"D","value":3.09},"Cylinder":{"unit":"D","value":7.01},"Axis":{"unit":"deg","value":165}},{"Sphere":{"unit":"D","value":-6.2},"Cylinder":{"unit":"D","value":-8.46},"Axis":{"unit":"deg","value":155}},{"Sphere":{"unit":"D","value":8.3},"Cylinder":{"unit":"D","value":-2.82},"Axis":{"unit":"deg","value":28}}],"Median":{"Sphere":{"unit":"D","value":8.3},"Cylinder":{"unit":"D","value":-8.46},"Axis":{"unit":"deg","value":155}}},"return":true}}}]},{"date":{"first":"2019-03-12T10:57:33+05:30","last":"2019-03-12T10:57:33+05:30"},"name":"objective measurement","children":[{"date":{"first":"2019-03-12T10:57:33+05:30","last":"2019-03-12T10:57:33+05:30"},"name":"ChronosAlignment2","private":{"param":{"RangeXY":0.2,"RangeZ":0.375,"CorneaDetection":false,"infoForLog":{"sessionDate":"20190312","sessionPatientID":"empty105507","execTime":"20190312T105733+0530"}},"result":{"L":{"return":true,"HPD":{"unit":"mm","value":13}},"R":{"return":true,"HPD":{"unit":"mm","value":29.5}},"return":true}}},{"date":{"first":"2019-03-12T10:57:33+05:30","last":"2019-03-12T10:57:33+05:30"},"name":"ChronosRef2","private":{"param":{"RoughMeasure":true,"infoForLog":{"sessionDate":"20190312","sessionPatientID":"empty105507","execTime":"20190312T105733+0530"}},"result":{"L":{"return":true,"Records":[{"Sphere":{"unit":"D","value":-0.39},"Cylinder":{"unit":"D","value":1.59},"Axis":{"unit":"deg","value":151}},{"Sphere":{"unit":"D","value":-2.38},"Cylinder":{"unit":"D","value":-3.88},"Axis":{"unit":"deg","value":117}},{"Sphere":{"unit":"D","value":-1.52},"Cylinder":{"unit":"D","value":9.2},"Axis":{"unit":"deg","value":39}}],"Median":{"Sphere":{"unit":"D","value":-2.38},"Cylinder":{"unit":"D","value":1.59},"Axis":{"unit":"deg","value":39}}},"R":{"return":true,"Records":[{"Sphere":{"unit":"D","value":2.55},"Cylinder":{"unit":"D","value":4.06},"Axis":{"unit":"deg","value":106}},{"Sphere":{"unit":"D","value":1.48},"Cylinder":{"unit":"D","value":2.39},"Axis":{"unit":"deg","value":174}},{"Sphere":{"unit":"D","value":-9.46},"Cylinder":{"unit":"D","value":0.24},"Axis":{"unit":"deg","value":180}}],"Median":{"Sphere":{"unit":"D","value":-9.46},"Cylinder":{"unit":"D","value":4.06},"Axis":{"unit":"deg","value":180}}},"return":true}}},{"date":{"first":"2019-03-12T10:57:33+05:30","last":"2019-03-12T10:57:33+05:30"},"name":"ChronosAlignment2","private":{"param":{"RangeXY":0.2,"RangeZ":0.375,"CorneaDetection":false,"infoForLog":{"sessionDate":"20190312","sessionPatientID":"empty105507","execTime":"20190312T105733+0530"}},"result":{"L":{"return":true,"HPD":{"unit":"mm","value":31.3}},"R":{"return":true,"HPD":{"unit":"mm","value":30.4}},"return":true}}},{"date":{"first":"2019-03-12T10:57:33+05:30","last":"2019-03-12T10:57:33+05:30"},"name":"ChronosRef2","private":{"param":{"RoughMeasure":false,"DiopterShift":0,"infoForLog":{"sessionDate":"20190312","sessionPatientID":"empty105507","execTime":"20190312T105733+0530"}},"result":{"L":{"return":true,"Records":[{"Sphere":{"unit":"D","value":5.65},"Cylinder":{"unit":"D","value":0.21},"Axis":{"unit":"deg","value":62}},{"Sphere":{"unit":"D","value":3.14},"Cylinder":{"unit":"D","value":3.25},"Axis":{"unit":"deg","value":95}},{"Sphere":{"unit":"D","value":0.78},"Cylinder":{"unit":"D","value":-9.61},"Axis":{"unit":"deg","value":89}}],"Median":{"Sphere":{"unit":"D","value":5.65},"Cylinder":{"unit":"D","value":3.25},"Axis":{"unit":"deg","value":62}}},"R":{"return":true,"Records":[{"Sphere":{"unit":"D","value":0.59},"Cylinder":{"unit":"D","value":-8.37},"Axis":{"unit":"deg","value":94}},{"Sphere":{"unit":"D","value":6.71},"Cylinder":{"unit":"D","value":-4.37},"Axis":{"unit":"deg","value":97}},{"Sphere":{"unit":"D","value":-5.45},"Cylinder":{"unit":"D","value":-8.78},"Axis":{"unit":"deg","value":71}}],"Median":{"Sphere":{"unit":"D","value":6.71},"Cylinder":{"unit":"D","value":-8.78},"Axis":{"unit":"deg","value":71}}},"return":true}}}]},{"date":{"first":"2019-03-12T10:57:35+05:30","last":"2019-03-12T10:57:35+05:30"},"name":"objective measurement","children":[{"date":{"first":"2019-03-12T10:57:35+05:30","last":"2019-03-12T10:57:35+05:30"},"name":"ChronosAlignment2","private":{"param":{"RangeXY":0.2,"RangeZ":0.375,"CorneaDetection":false,"infoForLog":{"sessionDate":"20190312","sessionPatientID":"empty105507","execTime":"20190312T105735+0530"}},"result":{"L":{"return":true,"HPD":{"unit":"mm","value":42.6}},"R":{"return":true,"HPD":{"unit":"mm","value":48.9}},"return":true}}},{"date":{"first":"2019-03-12T10:57:35+05:30","last":"2019-03-12T10:57:35+05:30"},"name":"ChronosRef2","private":{"param":{"RoughMeasure":true,"infoForLog":{"sessionDate":"20190312","sessionPatientID":"empty105507","execTime":"20190312T105735+0530"}},"result":{"L":{"return":true,"Records":[{"Sphere":{"unit":"D","value":-2.01},"Cylinder":{"unit":"D","value":-9.07},"Axis":{"unit":"deg","value":5}},{"Sphere":{"unit":"D","value":2.02},"Cylinder":{"unit":"D","value":-8.6},"Axis":{"unit":"deg","value":8}},{"Sphere":{"unit":"D","value":-0.96},"Cylinder":{"unit":"D","value":9.81},"Axis":{"unit":"deg","value":9}}],"Median":{"Sphere":{"unit":"D","value":-2.01},"Cylinder":{"unit":"D","value":-8.6},"Axis":{"unit":"deg","value":9}}},"R":{"return":true,"Records":[{"Sphere":{"unit":"D","value":8.97},"Cylinder":{"unit":"D","value":-2.48},"Axis":{"unit":"deg","value":87}},{"Sphere":{"unit":"D","value":-2.51},"Cylinder":{"unit":"D","value":-0.29},"Axis":{"unit":"deg","value":44}},{"Sphere":{"unit":"D","value":3.9},"Cylinder":{"unit":"D","value":0.82},"Axis":{"unit":"deg","value":177}}],"Median":{"Sphere":{"unit":"D","value":8.97},"Cylinder":{"unit":"D","value":-0.29},"Axis":{"unit":"deg","value":87}}},"return":true}}},{"date":{"first":"2019-03-12T10:57:35+05:30","last":"2019-03-12T10:57:35+05:30"},"name":"ChronosAlignment2","private":{"param":{"RangeXY":0.2,"RangeZ":0.375,"CorneaDetection":false,"infoForLog":{"sessionDate":"20190312","sessionPatientID":"empty105507","execTime":"20190312T105735+0530"}},"result":{"L":{"return":true,"HPD":{"unit":"mm","value":28.2}},"R":{"return":true,"HPD":{"unit":"mm","value":10.9}},"return":true}}},{"date":{"first":"2019-03-12T10:57:35+05:30","last":"2019-03-12T10:57:35+05:30"},"name":"ChronosRef2","private":{"param":{"RoughMeasure":false,"DiopterShift":0,"infoForLog":{"sessionDate":"20190312","sessionPatientID":"empty105507","execTime":"20190312T105735+0530"}},"result":{"L":{"return":true,"Records":[{"Sphere":{"unit":"D","value":1.71},"Cylinder":{"unit":"D","value":-6.58},"Axis":{"unit":"deg","value":85}},{"Sphere":{"unit":"D","value":1.33},"Cylinder":{"unit":"D","value":5.63},"Axis":{"unit":"deg","value":135}},{"Sphere":{"unit":"D","value":-1.94},"Cylinder":{"unit":"D","value":1.5},"Axis":{"unit":"deg","value":74}}],"Median":{"Sphere":{"unit":"D","value":-1.94},"Cylinder":{"unit":"D","value":1.5},"Axis":{"unit":"deg","value":74}}},"R":{"return":true,"Records":[{"Sphere":{"unit":"D","value":8.05},"Cylinder":{"unit":"D","value":-6},"Axis":{"unit":"deg","value":123}},{"Sphere":{"unit":"D","value":-5.4},"Cylinder":{"unit":"D","value":2.95},"Axis":{"unit":"deg","value":5}},{"Sphere":{"unit":"D","value":8.91},"Cylinder":{"unit":"D","value":0.33},"Axis":{"unit":"deg","value":103}}],"Median":{"Sphere":{"unit":"D","value":8.05},"Cylinder":{"unit":"D","value":0.33},"Axis":{"unit":"deg","value":5}}},"return":true}}}]},{"date":{"first":"2019-03-12T10:57:37+05:30","last":"2019-03-12T10:57:37+05:30"},"name":"objective measurement","children":[{"date":{"first":"2019-03-12T10:57:37+05:30","last":"2019-03-12T10:57:37+05:30"},"name":"ChronosAlignment2","private":{"param":{"RangeXY":0.2,"RangeZ":0.375,"CorneaDetection":false,"infoForLog":{"sessionDate":"20190312","sessionPatientID":"empty105507","execTime":"20190312T105737+0530"}},"result":{"L":{"return":true,"HPD":{"unit":"mm","value":20.2}},"R":{"return":true,"HPD":{"unit":"mm","value":14.1}},"return":true}}},{"date":{"first":"2019-03-12T10:57:37+05:30","last":"2019-03-12T10:57:37+05:30"},"name":"ChronosRef2","private":{"param":{"RoughMeasure":true,"infoForLog":{"sessionDate":"20190312","sessionPatientID":"empty105507","execTime":"20190312T105737+0530"}},"result":{"L":{"return":true,"Records":[{"Sphere":{"unit":"D","value":-1.17},"Cylinder":{"unit":"D","value":-9.95},"Axis":{"unit":"deg","value":21}},{"Sphere":{"unit":"D","value":1.69},"Cylinder":{"unit":"D","value":-5.88},"Axis":{"unit":"deg","value":58}},{"Sphere":{"unit":"D","value":4.91},"Cylinder":{"unit":"D","value":6.88},"Axis":{"unit":"deg","value":154}}],"Median":{"Sphere":{"unit":"D","value":4.91},"Cylinder":{"unit":"D","value":6.88},"Axis":{"unit":"deg","value":154}}},"R":{"return":true,"Records":[{"Sphere":{"unit":"D","value":3.25},"Cylinder":{"unit":"D","value":-5.23},"Axis":{"unit":"deg","value":63}},{"Sphere":{"unit":"D","value":-9.58},"Cylinder":{"unit":"D","value":5.58},"Axis":{"unit":"deg","value":138}},{"Sphere":{"unit":"D","value":3.24},"Cylinder":{"unit":"D","value":2.06},"Axis":{"unit":"deg","value":93}}],"Median":{"Sphere":{"unit":"D","value":3.25},"Cylinder":{"unit":"D","value":5.58},"Axis":{"unit":"deg","value":63}}},"return":true}}},{"date":{"first":"2019-03-12T10:57:37+05:30","last":"2019-03-12T10:57:37+05:30"},"name":"ChronosAlignment2","private":{"param":{"RangeXY":0.2,"RangeZ":0.375,"CorneaDetection":false,"infoForLog":{"sessionDate":"20190312","sessionPatientID":"empty105507","execTime":"20190312T105737+0530"}},"result":{"L":{"return":true,"HPD":{"unit":"mm","value":15.1}},"R":{"return":true,"HPD":{"unit":"mm","value":28.1}},"return":true}}},{"date":{"first":"2019-03-12T10:57:37+05:30","last":"2019-03-12T10:57:37+05:30"},"name":"ChronosRef2","private":{"param":{"RoughMeasure":false,"DiopterShift":0,"infoForLog":{"sessionDate":"20190312","sessionPatientID":"empty105507","execTime":"20190312T105737+0530"}},"result":{"L":{"return":true,"Records":[{"Sphere":{"unit":"D","value":5.11},"Cylinder":{"unit":"D","value":-6.81},"Axis":{"unit":"deg","value":175}},{"Sphere":{"unit":"D","value":8.63},"Cylinder":{"unit":"D","value":-4.21},"Axis":{"unit":"deg","value":157}},{"Sphere":{"unit":"D","value":2.39},"Cylinder":{"unit":"D","value":3.87},"Axis":{"unit":"deg","value":139}}],"Median":{"Sphere":{"unit":"D","value":2.39},"Cylinder":{"unit":"D","value":-6.81},"Axis":{"unit":"deg","value":175}}},"R":{"return":true,"Records":[{"Sphere":{"unit":"D","value":-4.07},"Cylinder":{"unit":"D","value":-1.2},"Axis":{"unit":"deg","value":97}},{"Sphere":{"unit":"D","value":-9.54},"Cylinder":{"unit":"D","value":-5.44},"Axis":{"unit":"deg","value":29}},{"Sphere":{"unit":"D","value":-3.37},"Cylinder":{"unit":"D","value":0.8},"Axis":{"unit":"deg","value":79}}],"Median":{"Sphere":{"unit":"D","value":-9.54},"Cylinder":{"unit":"D","value":0.8},"Axis":{"unit":"deg","value":29}}},"return":true}}}]},{"date":{"first":"2019-03-12T10:57:41+05:30","last":"2019-03-12T10:57:41+05:30"},"name":"objective measurement","children":[{"date":{"first":"2019-03-12T10:57:41+05:30","last":"2019-03-12T10:57:41+05:30"},"name":"ChronosAlignment2","private":{"param":{"RangeXY":0.2,"RangeZ":0.375,"CorneaDetection":false,"infoForLog":{"sessionDate":"20190312","sessionPatientID":"empty105507","execTime":"20190312T105741+0530"}},"result":{"R":{"return":true,"HPD":{"unit":"mm","value":41.4}},"return":true}}},{"date":{"first":"2019-03-12T10:57:41+05:30","last":"2019-03-12T10:57:41+05:30"},"name":"ChronosRef2","private":{"param":{"RoughMeasure":true,"infoForLog":{"sessionDate":"20190312","sessionPatientID":"empty105507","execTime":"20190312T105741+0530"}},"result":{"R":{"return":true,"Records":[{"Sphere":{"unit":"D","value":2.13},"Cylinder":{"unit":"D","value":-8.47},"Axis":{"unit":"deg","value":158}},{"Sphere":{"unit":"D","value":-5.89},"Cylinder":{"unit":"D","value":-7.63},"Axis":{"unit":"deg","value":3}},{"Sphere":{"unit":"D","value":-0.03},"Cylinder":{"unit":"D","value":0.97},"Axis":{"unit":"deg","value":177}}],"Median":{"Sphere":{"unit":"D","value":-0.03},"Cylinder":{"unit":"D","value":-8.47},"Axis":{"unit":"deg","value":158}}},"return":true}}},{"date":{"first":"2019-03-12T10:57:41+05:30","last":"2019-03-12T10:57:41+05:30"},"name":"ChronosAlignment2","private":{"param":{"RangeXY":0.2,"RangeZ":0.375,"CorneaDetection":false,"infoForLog":{"sessionDate":"20190312","sessionPatientID":"empty105507","execTime":"20190312T105741+0530"}},"result":{"R":{"return":true,"HPD":{"unit":"mm","value":10.5}},"return":true}}},{"date":{"first":"2019-03-12T10:57:41+05:30","last":"2019-03-12T10:57:41+05:30"},"name":"ChronosRef2","private":{"param":{"RoughMeasure":false,"DiopterShift":0,"infoForLog":{"sessionDate":"20190312","sessionPatientID":"empty105507","execTime":"20190312T105741+0530"}},"result":{"R":{"return":true,"Records":[{"Sphere":{"unit":"D","value":7.95},"Cylinder":{"unit":"D","value":-0.62},"Axis":{"unit":"deg","value":161}},{"Sphere":{"unit":"D","value":5.04},"Cylinder":{"unit":"D","value":4.69},"Axis":{"unit":"deg","value":78}},{"Sphere":{"unit":"D","value":-6.95},"Cylinder":{"unit":"D","value":-7.95},"Axis":{"unit":"deg","value":92}}],"Median":{"Sphere":{"unit":"D","value":-6.95},"Cylinder":{"unit":"D","value":-7.95},"Axis":{"unit":"deg","value":92}}},"return":true}}}]},{"date":{"first":"2019-03-12T10:57:43+05:30","last":"2019-03-12T10:57:43+05:30"},"name":"objective measurement","children":[{"date":{"first":"2019-03-12T10:57:43+05:30","last":"2019-03-12T10:57:43+05:30"},"name":"ChronosAlignment2","private":{"param":{"RangeXY":0.2,"RangeZ":0.375,"CorneaDetection":false,"infoForLog":{"sessionDate":"20190312","sessionPatientID":"empty105507","execTime":"20190312T105743+0530"}},"result":{"L":{"return":true,"HPD":{"unit":"mm","value":46.4}},"R":{"return":true,"HPD":{"unit":"mm","value":35.3}},"return":true}}},{"date":{"first":"2019-03-12T10:57:43+05:30","last":"2019-03-12T10:57:43+05:30"},"name":"ChronosRef2","private":{"param":{"RoughMeasure":true,"infoForLog":{"sessionDate":"20190312","sessionPatientID":"empty105507","execTime":"20190312T105743+0530"}},"result":{"L":{"return":true,"Records":[{"Sphere":{"unit":"D","value":7.25},"Cylinder":{"unit":"D","value":-0.25},"Axis":{"unit":"deg","value":89}},{"Sphere":{"unit":"D","value":4.13},"Cylinder":{"unit":"D","value":0.34},"Axis":{"unit":"deg","value":97}},{"Sphere":{"unit":"D","value":1.69},"Cylinder":{"unit":"D","value":-1.43},"Axis":{"unit":"deg","value":52}}],"Median":{"Sphere":{"unit":"D","value":1.69},"Cylinder":{"unit":"D","value":0.34},"Axis":{"unit":"deg","value":52}}},"R":{"return":true,"Records":[{"Sphere":{"unit":"D","value":-7.91},"Cylinder":{"unit":"D","value":-9.61},"Axis":{"unit":"deg","value":178}},{"Sphere":{"unit":"D","value":-9.72},"Cylinder":{"unit":"D","value":4.59},"Axis":{"unit":"deg","value":112}},{"Sphere":{"unit":"D","value":-0.46},"Cylinder":{"unit":"D","value":7.55},"Axis":{"unit":"deg","value":58}}],"Median":{"Sphere":{"unit":"D","value":-0.46},"Cylinder":{"unit":"D","value":-9.61},"Axis":{"unit":"deg","value":112}}},"return":true}}},{"date":{"first":"2019-03-12T10:57:43+05:30","last":"2019-03-12T10:57:43+05:30"},"name":"ChronosAlignment2","private":{"param":{"RangeXY":0.2,"RangeZ":0.375,"CorneaDetection":false,"infoForLog":{"sessionDate":"20190312","sessionPatientID":"empty105507","execTime":"20190312T105743+0530"}},"result":{"L":{"return":true,"HPD":{"unit":"mm","value":13.8}},"R":{"return":true,"HPD":{"unit":"mm","value":36.5}},"return":true}}},{"date":{"first":"2019-03-12T10:57:43+05:30","last":"2019-03-12T10:57:43+05:30"},"name":"ChronosRef2","private":{"param":{"RoughMeasure":false,"DiopterShift":0,"infoForLog":{"sessionDate":"20190312","sessionPatientID":"empty105507","execTime":"20190312T105743+0530"}},"result":{"L":{"return":true,"Records":[{"Sphere":{"unit":"D","value":7.64},"Cylinder":{"unit":"D","value":4.95},"Axis":{"unit":"deg","value":27}},{"Sphere":{"unit":"D","value":3.29},"Cylinder":{"unit":"D","value":-9.91},"Axis":{"unit":"deg","value":176}},{"Sphere":{"unit":"D","value":-5.24},"Cylinder":{"unit":"D","value":9.6},"Axis":{"unit":"deg","value":142}}],"Median":{"Sphere":{"unit":"D","value":-5.24},"Cylinder":{"unit":"D","value":-9.91},"Axis":{"unit":"deg","value":142}}},"R":{"return":true,"Records":[{"Sphere":{"unit":"D","value":-7.44},"Cylinder":{"unit":"D","value":-6.16},"Axis":{"unit":"deg","value":146}},{"Sphere":{"unit":"D","value":-5.97},"Cylinder":{"unit":"D","value":7.21},"Axis":{"unit":"deg","value":141}},{"Sphere":{"unit":"D","value":-8.26},"Cylinder":{"unit":"D","value":-6.37},"Axis":{"unit":"deg","value":131}}],"Median":{"Sphere":{"unit":"D","value":-7.44},"Cylinder":{"unit":"D","value":-6.16},"Axis":{"unit":"deg","value":131}}},"return":true}}}]},{"date":{"first":"2019-03-12T10:57:48+05:30","last":"2019-03-12T10:57:48+05:30"},"name":"objective measurement","children":[{"date":{"first":"2019-03-12T10:57:48+05:30","last":"2019-03-12T10:57:48+05:30"},"name":"ChronosAlignment2","private":{"param":{"RangeXY":0.2,"RangeZ":0.375,"CorneaDetection":false,"infoForLog":{"sessionDate":"20190312","sessionPatientID":"empty105507","execTime":"20190312T105748+0530"}},"result":{"L":{"return":true,"HPD":{"unit":"mm","value":38.5}},"return":true}}},{"date":{"first":"2019-03-12T10:57:48+05:30","last":"2019-03-12T10:57:48+05:30"},"name":"ChronosRef2","private":{"param":{"RoughMeasure":true,"infoForLog":{"sessionDate":"20190312","sessionPatientID":"empty105507","execTime":"20190312T105748+0530"}},"result":{"L":{"return":true,"Records":[{"Sphere":{"unit":"D","value":-6.24},"Cylinder":{"unit":"D","value":-2.48},"Axis":{"unit":"deg","value":175}},{"Sphere":{"unit":"D","value":1.77},"Cylinder":{"unit":"D","value":0.76},"Axis":{"unit":"deg","value":130}},{"Sphere":{"unit":"D","value":-8.41},"Cylinder":{"unit":"D","value":7.21},"Axis":{"unit":"deg","value":21}}],"Median":{"Sphere":{"unit":"D","value":1.77},"Cylinder":{"unit":"D","value":-2.48},"Axis":{"unit":"deg","value":175}}},"return":true}}},{"date":{"first":"2019-03-12T10:57:48+05:30","last":"2019-03-12T10:57:48+05:30"},"name":"ChronosAlignment2","private":{"param":{"RangeXY":0.2,"RangeZ":0.375,"CorneaDetection":false,"infoForLog":{"sessionDate":"20190312","sessionPatientID":"empty105507","execTime":"20190312T105748+0530"}},"result":{"L":{"return":true,"HPD":{"unit":"mm","value":41.6}},"return":true}}},{"date":{"first":"2019-03-12T10:57:48+05:30","last":"2019-03-12T10:57:48+05:30"},"name":"ChronosRef2","private":{"param":{"RoughMeasure":false,"DiopterShift":0,"infoForLog":{"sessionDate":"20190312","sessionPatientID":"empty105507","execTime":"20190312T105748+0530"}},"result":{"L":{"return":true,"Records":[{"Sphere":{"unit":"D","value":-7.31},"Cylinder":{"unit":"D","value":1.81},"Axis":{"unit":"deg","value":138}},{"Sphere":{"unit":"D","value":7.84},"Cylinder":{"unit":"D","value":-6.72},"Axis":{"unit":"deg","value":86}},{"Sphere":{"unit":"D","value":-8.85},"Cylinder":{"unit":"D","value":7.49},"Axis":{"unit":"deg","value":87}}],"Median":{"Sphere":{"unit":"D","value":-8.85},"Cylinder":{"unit":"D","value":7.49},"Axis":{"unit":"deg","value":138}}},"return":true}}}]},{"date":{"first":"2019-03-12T10:57:52+05:30","last":"2019-03-12T10:59:58+05:30"},"name":"subjective","children":[{"date":{"first":"2019-03-12T10:57:52+05:30","last":"2019-03-12T10:57:52+05:30"},"name":"Chart","private":{"param":{"R":{"chartID":2000},"L":{"chartID":2000}},"result":{"L":{"return":true},"R":{"return":true},"return":true}}},{"date":{"first":"2019-03-12T10:57:52+05:30","last":"2019-03-12T10:57:52+05:30"},"name":"Phoropter","private":{"param":{"eye":2,"distance":5000,"vd":12,"pd":65,"R":{"sphere":-7.5,"cylinder":-6.25,"axis":131},"L":{"sphere":-8.75,"cylinder":0,"axis":180},"crossCylinder":{"status":0,"power":0.5,"RG":0},"RGFilter":0},"result":{"L":{"return":true},"R":{"return":true},"return":true}}},{"date":{"first":"2019-03-12T10:57:58+05:30","last":"2019-03-12T10:57:58+05:30"},"name":"Chart","private":{"param":{"R":{"chartID":2001},"L":{"chartID":2001}},"result":{"L":{"return":true},"R":{"return":true},"return":true}}},{"date":{"first":"2019-03-12T10:57:58+05:30","last":"2019-03-12T10:57:58+05:30"},"name":"Phoropter","private":{"param":{"eye":2,"distance":5000,"vd":12,"pd":65,"R":{"sphere":-7.5,"cylinder":-6.25,"axis":131},"L":{"sphere":-8.75,"cylinder":0,"axis":180},"crossCylinder":{"status":0,"power":0.5,"RG":0},"RGFilter":0},"result":{"L":{"return":true},"R":{"return":true},"return":true}}},{"date":{"first":"2019-03-12T10:57:59+05:30","last":"2019-03-12T10:57:59+05:30"},"name":"Chart","private":{"param":{"R":{"chartID":2002},"L":{"chartID":2002}},"result":{"L":{"return":true},"R":{"return":true},"return":true}}},{"date":{"first":"2019-03-12T10:57:59+05:30","last":"2019-03-12T10:57:59+05:30"},"name":"Phoropter","private":{"param":{"eye":2,"distance":5000,"vd":12,"pd":65,"R":{"sphere":-7.5,"cylinder":-6.25,"axis":131},"L":{"sphere":-8.75,"cylinder":0,"axis":180},"crossCylinder":{"status":0,"power":0.5,"RG":0},"RGFilter":0},"result":{"L":{"return":true},"R":{"return":true},"return":true}}},{"date":{"first":"2019-03-12T10:58:00+05:30","last":"2019-03-12T10:58:00+05:30"},"name":"Chart","private":{"param":{"R":{"chartID":2003},"L":{"chartID":2003}},"result":{"L":{"return":true},"R":{"return":true},"return":true}}},{"date":{"first":"2019-03-12T10:58:00+05:30","last":"2019-03-12T10:58:00+05:30"},"name":"Phoropter","private":{"param":{"eye":2,"distance":5000,"vd":12,"pd":65,"R":{"sphere":-7.5,"cylinder":-6.25,"axis":131},"L":{"sphere":-8.75,"cylinder":0,"axis":180},"crossCylinder":{"status":0,"power":0.5,"RG":0},"RGFilter":0},"result":{"L":{"return":true},"R":{"return":true},"return":true}}},{"date":{"first":"2019-03-12T10:58:46+05:30","last":"2019-03-12T10:58:46+05:30"},"name":"Chart","private":{"param":{"R":{"chartID":7000},"L":{"chartID":7000}},"result":{"L":{"return":true},"R":{"return":true},"return":true}}},{"date":{"first":"2019-03-12T10:58:46+05:30","last":"2019-03-12T10:58:46+05:30"},"name":"Phoropter","private":{"param":{"eye":2,"distance":5000,"vd":12,"pd":65,"R":{"sphere":-7.5,"cylinder":-6.25,"axis":131},"L":{"sphere":-8.75,"cylinder":0,"axis":180},"crossCylinder":{"status":0,"power":0.5,"RG":0},"RGFilter":1},"result":{"L":{"return":true},"R":{"return":true},"return":true}}},{"date":{"first":"2019-03-12T10:58:54+05:30","last":"2019-03-12T10:58:54+05:30"},"name":"Chart","private":{"param":{"R":{"chartID":7010},"L":{"chartID":7010}},"result":{"L":{"return":true},"R":{"return":true},"return":true}}},{"date":{"first":"2019-03-12T10:58:54+05:30","last":"2019-03-12T10:58:54+05:30"},"name":"Phoropter","private":{"param":{"eye":2,"distance":5000,"vd":12,"pd":65,"R":{"sphere":-7.5,"cylinder":-6.25,"axis":131},"L":{"sphere":-8.75,"cylinder":0,"axis":180},"crossCylinder":{"status":0,"power":0.5,"RG":0},"RGFilter":0},"result":{"L":{"return":true},"R":{"return":true},"return":true}}},{"date":{"first":"2019-03-12T10:59:31+05:30","last":"2019-03-12T10:59:31+05:30"},"name":"Chart","private":{"param":{"R":{"chartID":2100},"L":{"chartID":2100}},"result":{"L":{"return":true},"R":{"return":true},"return":true}}},{"date":{"first":"2019-03-12T10:59:31+05:30","last":"2019-03-12T10:59:31+05:30"},"name":"Phoropter","private":{"param":{"eye":2,"distance":5000,"vd":12,"pd":65,"R":{"sphere":-7.5,"cylinder":-6.25,"axis":131},"L":{"sphere":-8.75,"cylinder":0,"axis":180},"crossCylinder":{"status":0,"power":0.5,"RG":0},"RGFilter":0},"result":{"L":{"return":true},"R":{"return":true},"return":true}}},{"date":{"first":"2019-03-12T10:59:34+05:30","last":"2019-03-12T10:59:34+05:30"},"name":"Chart","private":{"param":{"R":{"chartID":3208},"L":{"chartID":3208}},"result":{"L":{"return":true},"R":{"return":true},"return":true}}},{"date":{"first":"2019-03-12T10:59:34+05:30","last":"2019-03-12T10:59:34+05:30"},"name":"Phoropter","private":{"param":{"eye":2,"distance":5000,"vd":12,"pd":65,"R":{"sphere":-7.5,"cylinder":-6.25,"axis":131},"L":{"sphere":-8.75,"cylinder":0,"axis":180},"crossCylinder":{"status":0,"power":0.5,"RG":0},"RGFilter":0},"result":{"L":{"return":true},"R":{"return":true},"return":true}}},{"date":{"first":"2019-03-12T10:59:58+05:30","last":"2019-03-12T10:59:58+05:30"},"name":"Chart","private":{"param":{"R":{"chartID":2000},"L":{"chartID":2000}},"result":{"L":{"return":true},"R":{"return":true},"return":true}}},{"date":{"first":"2019-03-12T10:59:58+05:30","last":"2019-03-12T10:59:58+05:30"},"name":"Phoropter","private":{"param":{"eye":2,"distance":5000,"vd":12,"pd":65,"R":{"sphere":-7.5,"cylinder":-6.25,"axis":131},"L":{"sphere":-8.75,"cylinder":0,"axis":180},"crossCylinder":{"status":0,"power":0.5,"RG":0},"RGFilter":0},"result":{"L":{"return":true},"R":{"return":true},"return":true}}}]}]}