{"date":{"first":"2019-03-12T16:12:11+05:30","last":""},"name":"One cycle of eye examination","private":{"sessionDate":"20190312","sessionTime":"161211","patientID":""},"children":[{"date":{"first":"2019-03-12T16:12:14+05:30","last":"2019-03-12T16:12:14+05:30"},"name":"objective measurement","private":[],"children":[{"date":{"first":"2019-03-12T16:12:14+05:30","last":"2019-03-12T16:12:14+05:30"},"name":"ChronosAlignment2","private":{"param":{"RangeXY":0.2,"RangeZ":0.375,"CorneaDetection":false,"infoForLog":{"sessionDate":"20190312","sessionPatientID":"empty161211","execTime":"20190312T161214+0530"}},"result":{"R":{"return":true,"HPD":{"unit":"mm","value":47.9}},"return":true}},"children":[]},{"date":{"first":"2019-03-12T16:12:14+05:30","last":"2019-03-12T16:12:14+05:30"},"name":"ChronosRef2","private":{"param":{"RoughMeasure":true,"infoForLog":{"sessionDate":"20190312","sessionPatientID":"empty161211","execTime":"20190312T161214+0530"}},"result":{"R":{"return":true,"Records":[{"Sphere":{"unit":"D","value":2.96},"Cylinder":{"unit":"D","value":5.18},"Axis":{"unit":"deg","value":122}},{"Sphere":{"unit":"D","value":8.19},"Cylinder":{"unit":"D","value":0.86},"Axis":{"unit":"deg","value":36}},{"Sphere":{"unit":"D","value":-2.16},"Cylinder":{"unit":"D","value":-8.82},"Axis":{"unit":"deg","value":58}}],"Median":{"Sphere":{"unit":"D","value":-2.16},"Cylinder":{"unit":"D","value":0.86},"Axis":{"unit":"deg","value":122}}},"return":true}},"children":[]},{"date":{"first":"2019-03-12T16:12:14+05:30","last":"2019-03-12T16:12:14+05:30"},"name":"ChronosAlignment2","private":{"param":{"RangeXY":0.2,"RangeZ":0.375,"CorneaDetection":false,"infoForLog":{"sessionDate":"20190312","sessionPatientID":"empty161211","execTime":"20190312T161214+0530"}},"result":{"R":{"return":true,"HPD":{"unit":"mm","value":28.4}},"return":true}},"children":[]},{"date":{"first":"2019-03-12T16:12:14+05:30","last":"2019-03-12T16:12:14+05:30"},"name":"ChronosRef2","private":{"param":{"RoughMeasure":false,"DiopterShift":0,"infoForLog":{"sessionDate":"20190312","sessionPatientID":"empty161211","execTime":"20190312T161214+0530"}},"result":{"R":{"return":true,"Records":[{"Sphere":{"unit":"D","value":-8.81},"Cylinder":{"unit":"D","value":4.74},"Axis":{"unit":"deg","value":56}},{"Sphere":{"unit":"D","value":-5.77},"Cylinder":{"unit":"D","value":7.57},"Axis":{"unit":"deg","value":62}},{"Sphere":{"unit":"D","value":-3.43},"Cylinder":{"unit":"D","value":1.86},"Axis":{"unit":"deg","value":32}}],"Median":{"Sphere":{"unit":"D","value":-5.77},"Cylinder":{"unit":"D","value":4.74},"Axis":{"unit":"deg","value":32}}},"return":true}},"children":[]}]},{"date":{"first":"2019-03-12T16:12:16+05:30","last":"2019-03-12T16:12:16+05:30"},"name":"objective measurement","private":[],"children":[{"date":{"first":"2019-03-12T16:12:16+05:30","last":"2019-03-12T16:12:16+05:30"},"name":"ChronosAlignment2","private":{"param":{"RangeXY":0.2,"RangeZ":0.375,"CorneaDetection":false,"infoForLog":{"sessionDate":"20190312","sessionPatientID":"empty161211","execTime":"20190312T161216+0530"}},"result":{"L":{"return":true,"HPD":{"unit":"mm","value":34.7}},"R":{"return":true,"HPD":{"unit":"mm","value":40.3}},"return":true}},"children":[]},{"date":{"first":"2019-03-12T16:12:16+05:30","last":"2019-03-12T16:12:16+05:30"},"name":"ChronosRef2","private":{"param":{"RoughMeasure":true,"infoForLog":{"sessionDate":"20190312","sessionPatientID":"empty161211","execTime":"20190312T161216+0530"}},"result":{"L":{"return":true,"Records":[{"Sphere":{"unit":"D","value":2.3},"Cylinder":{"unit":"D","value":2.38},"Axis":{"unit":"deg","value":45}},{"Sphere":{"unit":"D","value":-7.38},"Cylinder":{"unit":"D","value":3.63},"Axis":{"unit":"deg","value":86}},{"Sphere":{"unit":"D","value":7.24},"Cylinder":{"unit":"D","value":-1.22},"Axis":{"unit":"deg","value":7}}],"Median":{"Sphere":{"unit":"D","value":7.24},"Cylinder":{"unit":"D","value":2.38},"Axis":{"unit":"deg","value":7}}},"R":{"return":true,"Records":[{"Sphere":{"unit":"D","value":7.84},"Cylinder":{"unit":"D","value":6.67},"Axis":{"unit":"deg","value":19}},{"Sphere":{"unit":"D","value":-8.86},"Cylinder":{"unit":"D","value":9.15},"Axis":{"unit":"deg","value":111}},{"Sphere":{"unit":"D","value":-6.54},"Cylinder":{"unit":"D","value":3.23},"Axis":{"unit":"deg","value":49}}],"Median":{"Sphere":{"unit":"D","value":7.84},"Cylinder":{"unit":"D","value":6.67},"Axis":{"unit":"deg","value":111}}},"return":true}},"children":[]},{"date":{"first":"2019-03-12T16:12:16+05:30","last":"2019-03-12T16:12:16+05:30"},"name":"ChronosAlignment2","private":{"param":{"RangeXY":0.2,"RangeZ":0.375,"CorneaDetection":false,"infoForLog":{"sessionDate":"20190312","sessionPatientID":"empty161211","execTime":"20190312T161216+0530"}},"result":{"L":{"return":true,"HPD":{"unit":"mm","value":40.2}},"R":{"return":true,"HPD":{"unit":"mm","value":44}},"return":true}},"children":[]},{"date":{"first":"2019-03-12T16:12:16+05:30","last":"2019-03-12T16:12:16+05:30"},"name":"ChronosRef2","private":{"param":{"RoughMeasure":false,"DiopterShift":0,"infoForLog":{"sessionDate":"20190312","sessionPatientID":"empty161211","execTime":"20190312T161216+0530"}},"result":{"L":{"return":true,"Records":[{"Sphere":{"unit":"D","value":-5.36},"Cylinder":{"unit":"D","value":1.85},"Axis":{"unit":"deg","value":73}},{"Sphere":{"unit":"D","value":5.62},"Cylinder":{"unit":"D","value":8.27},"Axis":{"unit":"deg","value":122}},{"Sphere":{"unit":"D","value":-9.79},"Cylinder":{"unit":"D","value":-1.43},"Axis":{"unit":"deg","value":65}}],"Median":{"Sphere":{"unit":"D","value":-5.36},"Cylinder":{"unit":"D","value":1.85},"Axis":{"unit":"deg","value":122}}},"R":{"return":true,"Records":[{"Sphere":{"unit":"D","value":-1.54},"Cylinder":{"unit":"D","value":-6.72},"Axis":{"unit":"deg","value":160}},{"Sphere":{"unit":"D","value":8.49},"Cylinder":{"unit":"D","value":0.25},"Axis":{"unit":"deg","value":166}},{"Sphere":{"unit":"D","value":2.46},"Cylinder":{"unit":"D","value":9.66},"Axis":{"unit":"deg","value":114}}],"Median":{"Sphere":{"unit":"D","value":2.46},"Cylinder":{"unit":"D","value":0.25},"Axis":{"unit":"deg","value":166}}},"return":true}},"children":[]}]},{"date":{"first":"2019-03-12T16:12:18+05:30","last":"2019-03-12T16:12:18+05:30"},"name":"objective measurement","private":[],"children":[{"date":{"first":"2019-03-12T16:12:18+05:30","last":"2019-03-12T16:12:18+05:30"},"name":"ChronosAlignment2","private":{"param":{"RangeXY":0.2,"RangeZ":0.375,"CorneaDetection":false,"infoForLog":{"sessionDate":"20190312","sessionPatientID":"empty161211","execTime":"20190312T161218+0530"}},"result":{"L":{"return":true,"HPD":{"unit":"mm","value":10.9}},"return":true}},"children":[]},{"date":{"first":"2019-03-12T16:12:18+05:30","last":"2019-03-12T16:12:18+05:30"},"name":"ChronosRef2","private":{"param":{"RoughMeasure":true,"infoForLog":{"sessionDate":"20190312","sessionPatientID":"empty161211","execTime":"20190312T161218+0530"}},"result":{"L":{"return":true,"Records":[{"Sphere":{"unit":"D","value":-5.09},"Cylinder":{"unit":"D","value":8.57},"Axis":{"unit":"deg","value":127}},{"Sphere":{"unit":"D","value":7.84},"Cylinder":{"unit":"D","value":0.69},"Axis":{"unit":"deg","value":168}},{"Sphere":{"unit":"D","value":-8.55},"Cylinder":{"unit":"D","value":-5.44},"Axis":{"unit":"deg","value":104}}],"Median":{"Sphere":{"unit":"D","value":-5.09},"Cylinder":{"unit":"D","value":0.69},"Axis":{"unit":"deg","value":168}}},"return":true}},"children":[]},{"date":{"first":"2019-03-12T16:12:18+05:30","last":"2019-03-12T16:12:18+05:30"},"name":"ChronosAlignment2","private":{"param":{"RangeXY":0.2,"RangeZ":0.375,"CorneaDetection":false,"infoForLog":{"sessionDate":"20190312","sessionPatientID":"empty161211","execTime":"20190312T161218+0530"}},"result":{"L":{"return":true,"HPD":{"unit":"mm","value":18.7}},"return":true}},"children":[]},{"date":{"first":"2019-03-12T16:12:18+05:30","last":"2019-03-12T16:12:18+05:30"},"name":"ChronosRef2","private":{"param":{"RoughMeasure":false,"DiopterShift":0,"infoForLog":{"sessionDate":"20190312","sessionPatientID":"empty161211","execTime":"20190312T161218+0530"}},"result":{"L":{"return":true,"Records":[{"Sphere":{"unit":"D","value":0.85},"Cylinder":{"unit":"D","value":-7.86},"Axis":{"unit":"deg","value":32}},{"Sphere":{"unit":"D","value":3.82},"Cylinder":{"unit":"D","value":0.57},"Axis":{"unit":"deg","value":39}},{"Sphere":{"unit":"D","value":8.59},"Cylinder":{"unit":"D","value":8.82},"Axis":{"unit":"deg","value":107}}],"Median":{"Sphere":{"unit":"D","value":3.82},"Cylinder":{"unit":"D","value":8.82},"Axis":{"unit":"deg","value":39}}},"return":true}},"children":[]}]},{"date":{"first":"2019-03-12T16:12:20+05:30","last":"2019-03-12T16:12:20+05:30"},"name":"objective measurement","private":[],"children":[{"date":{"first":"2019-03-12T16:12:20+05:30","last":"2019-03-12T16:12:20+05:30"},"name":"ChronosAlignment2","private":{"param":{"RangeXY":0.2,"RangeZ":0.375,"CorneaDetection":false,"infoForLog":{"sessionDate":"20190312","sessionPatientID":"empty161211","execTime":"20190312T161220+0530"}},"result":{"L":{"return":true,"HPD":{"unit":"mm","value":38}},"R":{"return":true,"HPD":{"unit":"mm","value":17.4}},"return":true}},"children":[]},{"date":{"first":"2019-03-12T16:12:20+05:30","last":"2019-03-12T16:12:20+05:30"},"name":"ChronosRef2","private":{"param":{"RoughMeasure":true,"infoForLog":{"sessionDate":"20190312","sessionPatientID":"empty161211","execTime":"20190312T161220+0530"}},"result":{"L":{"return":true,"Records":[{"Sphere":{"unit":"D","value":7.46},"Cylinder":{"unit":"D","value":6.01},"Axis":{"unit":"deg","value":92}},{"Sphere":{"unit":"D","value":2},"Cylinder":{"unit":"D","value":1.12},"Axis":{"unit":"deg","value":117}},{"Sphere":{"unit":"D","value":-7.27},"Cylinder":{"unit":"D","value":-1.37},"Axis":{"unit":"deg","value":14}}],"Median":{"Sphere":{"unit":"D","value":2},"Cylinder":{"unit":"D","value":6.01},"Axis":{"unit":"deg","value":117}}},"R":{"return":true,"Records":[{"Sphere":{"unit":"D","value":-7.15},"Cylinder":{"unit":"D","value":7.37},"Axis":{"unit":"deg","value":9}},{"Sphere":{"unit":"D","value":4.19},"Cylinder":{"unit":"D","value":2.44},"Axis":{"unit":"deg","value":159}},{"Sphere":{"unit":"D","value":4.74},"Cylinder":{"unit":"D","value":8.12},"Axis":{"unit":"deg","value":122}}],"Median":{"Sphere":{"unit":"D","value":-7.15},"Cylinder":{"unit":"D","value":8.12},"Axis":{"unit":"deg","value":9}}},"return":true}},"children":[]},{"date":{"first":"2019-03-12T16:12:20+05:30","last":"2019-03-12T16:12:20+05:30"},"name":"ChronosAlignment2","private":{"param":{"RangeXY":0.2,"RangeZ":0.375,"CorneaDetection":false,"infoForLog":{"sessionDate":"20190312","sessionPatientID":"empty161211","execTime":"20190312T161220+0530"}},"result":{"L":{"return":true,"HPD":{"unit":"mm","value":48.3}},"R":{"return":true,"HPD":{"unit":"mm","value":28.8}},"return":true}},"children":[]},{"date":{"first":"2019-03-12T16:12:20+05:30","last":"2019-03-12T16:12:20+05:30"},"name":"ChronosRef2","private":{"param":{"RoughMeasure":false,"DiopterShift":0,"infoForLog":{"sessionDate":"20190312","sessionPatientID":"empty161211","execTime":"20190312T161220+0530"}},"result":{"L":{"return":true,"Records":[{"Sphere":{"unit":"D","value":-0.54},"Cylinder":{"unit":"D","value":-5.13},"Axis":{"unit":"deg","value":45}},{"Sphere":{"unit":"D","value":0.51},"Cylinder":{"unit":"D","value":5.42},"Axis":{"unit":"deg","value":95}},{"Sphere":{"unit":"D","value":-8.69},"Cylinder":{"unit":"D","value":-9.26},"Axis":{"unit":"deg","value":127}}],"Median":{"Sphere":{"unit":"D","value":0.51},"Cylinder":{"unit":"D","value":-9.26},"Axis":{"unit":"deg","value":95}}},"R":{"return":true,"Records":[{"Sphere":{"unit":"D","value":9.38},"Cylinder":{"unit":"D","value":-0.14},"Axis":{"unit":"deg","value":99}},{"Sphere":{"unit":"D","value":-3.24},"Cylinder":{"unit":"D","value":-4.82},"Axis":{"unit":"deg","value":23}},{"Sphere":{"unit":"D","value":-6.62},"Cylinder":{"unit":"D","value":4.94},"Axis":{"unit":"deg","value":158}}],"Median":{"Sphere":{"unit":"D","value":-6.62},"Cylinder":{"unit":"D","value":-4.82},"Axis":{"unit":"deg","value":158}}},"return":true}},"children":[]}]},{"date":{"first":"2019-03-12T16:12:21+05:30","last":"2019-03-12T16:12:21+05:30"},"name":"objective measurement","private":[],"children":[{"date":{"first":"2019-03-12T16:12:21+05:30","last":"2019-03-12T16:12:21+05:30"},"name":"ChronosAlignment2","private":{"param":{"RangeXY":0.2,"RangeZ":0.375,"CorneaDetection":false,"infoForLog":{"sessionDate":"20190312","sessionPatientID":"empty161211","execTime":"20190312T161221+0530"}},"result":{"L":{"return":true,"HPD":{"unit":"mm","value":48}},"R":{"return":true,"HPD":{"unit":"mm","value":16.5}},"return":true}},"children":[]},{"date":{"first":"2019-03-12T16:12:21+05:30","last":"2019-03-12T16:12:21+05:30"},"name":"ChronosRef2","private":{"param":{"RoughMeasure":true,"infoForLog":{"sessionDate":"20190312","sessionPatientID":"empty161211","execTime":"20190312T161221+0530"}},"result":{"L":{"return":true,"Records":[{"Sphere":{"unit":"D","value":4.25},"Cylinder":{"unit":"D","value":-7.84},"Axis":{"unit":"deg","value":24}},{"Sphere":{"unit":"D","value":9.54},"Cylinder":{"unit":"D","value":9.08},"Axis":{"unit":"deg","value":22}},{"Sphere":{"unit":"D","value":3.87},"Cylinder":{"unit":"D","value":-7.36},"Axis":{"unit":"deg","value":167}}],"Median":{"Sphere":{"unit":"D","value":9.54},"Cylinder":{"unit":"D","value":-7.84},"Axis":{"unit":"deg","value":22}}},"R":{"return":true,"Records":[{"Sphere":{"unit":"D","value":5.85},"Cylinder":{"unit":"D","value":9.41},"Axis":{"unit":"deg","value":156}},{"Sphere":{"unit":"D","value":5.96},"Cylinder":{"unit":"D","value":7.74},"Axis":{"unit":"deg","value":91}},{"Sphere":{"unit":"D","value":-9.46},"Cylinder":{"unit":"D","value":-1.56},"Axis":{"unit":"deg","value":111}}],"Median":{"Sphere":{"unit":"D","value":5.96},"Cylinder":{"unit":"D","value":-1.56},"Axis":{"unit":"deg","value":156}}},"return":true}},"children":[]},{"date":{"first":"2019-03-12T16:12:21+05:30","last":"2019-03-12T16:12:21+05:30"},"name":"ChronosAlignment2","private":{"param":{"RangeXY":0.2,"RangeZ":0.375,"CorneaDetection":false,"infoForLog":{"sessionDate":"20190312","sessionPatientID":"empty161211","execTime":"20190312T161221+0530"}},"result":{"L":{"return":true,"HPD":{"unit":"mm","value":37.7}},"R":{"return":true,"HPD":{"unit":"mm","value":44.8}},"return":true}},"children":[]},{"date":{"first":"2019-03-12T16:12:21+05:30","last":"2019-03-12T16:12:21+05:30"},"name":"ChronosRef2","private":{"param":{"RoughMeasure":false,"DiopterShift":0,"infoForLog":{"sessionDate":"20190312","sessionPatientID":"empty161211","execTime":"20190312T161221+0530"}},"result":{"L":{"return":true,"Records":[{"Sphere":{"unit":"D","value":2.08},"Cylinder":{"unit":"D","value":8.69},"Axis":{"unit":"deg","value":63}},{"Sphere":{"unit":"D","value":0.16},"Cylinder":{"unit":"D","value":1.74},"Axis":{"unit":"deg","value":92}},{"Sphere":{"unit":"D","value":3.56},"Cylinder":{"unit":"D","value":3.51},"Axis":{"unit":"deg","value":31}}],"Median":{"Sphere":{"unit":"D","value":2.08},"Cylinder":{"unit":"D","value":1.74},"Axis":{"unit":"deg","value":63}}},"R":{"return":true,"Records":[{"Sphere":{"unit":"D","value":2.95},"Cylinder":{"unit":"D","value":7.17},"Axis":{"unit":"deg","value":50}},{"Sphere":{"unit":"D","value":0.8},"Cylinder":{"unit":"D","value":-1.28},"Axis":{"unit":"deg","value":27}},{"Sphere":{"unit":"D","value":-7.87},"Cylinder":{"unit":"D","value":-4.47},"Axis":{"unit":"deg","value":179}}],"Median":{"Sphere":{"unit":"D","value":0.8},"Cylinder":{"unit":"D","value":-4.47},"Axis":{"unit":"deg","value":27}}},"return":true}},"children":[]}]},{"date":{"first":"2019-03-12T16:12:21+05:30","last":"2019-03-12T16:12:22+05:30"},"name":"objective measurement","private":[],"children":[{"date":{"first":"2019-03-12T16:12:21+05:30","last":"2019-03-12T16:12:21+05:30"},"name":"ChronosAlignment2","private":{"param":{"RangeXY":0.2,"RangeZ":0.375,"CorneaDetection":false,"infoForLog":{"sessionDate":"20190312","sessionPatientID":"empty161211","execTime":"20190312T161221+0530"}},"result":{"L":{"return":true,"HPD":{"unit":"mm","value":36.4}},"R":{"return":true,"HPD":{"unit":"mm","value":24.7}},"return":true}},"children":[]},{"date":{"first":"2019-03-12T16:12:21+05:30","last":"2019-03-12T16:12:21+05:30"},"name":"ChronosRef2","private":{"param":{"RoughMeasure":true,"infoForLog":{"sessionDate":"20190312","sessionPatientID":"empty161211","execTime":"20190312T161221+0530"}},"result":{"L":{"return":true,"Records":[{"Sphere":{"unit":"D","value":8.71},"Cylinder":{"unit":"D","value":-7.66},"Axis":{"unit":"deg","value":40}},{"Sphere":{"unit":"D","value":-0.46},"Cylinder":{"unit":"D","value":-3.64},"Axis":{"unit":"deg","value":180}},{"Sphere":{"unit":"D","value":7.05},"Cylinder":{"unit":"D","value":8.12},"Axis":{"unit":"deg","value":89}}],"Median":{"Sphere":{"unit":"D","value":-0.46},"Cylinder":{"unit":"D","value":8.12},"Axis":{"unit":"deg","value":40}}},"R":{"return":true,"Records":[{"Sphere":{"unit":"D","value":-0.4},"Cylinder":{"unit":"D","value":0.4},"Axis":{"unit":"deg","value":169}},{"Sphere":{"unit":"D","value":-4.66},"Cylinder":{"unit":"D","value":2.04},"Axis":{"unit":"deg","value":33}},{"Sphere":{"unit":"D","value":-3.85},"Cylinder":{"unit":"D","value":-9.46},"Axis":{"unit":"deg","value":78}}],"Median":{"Sphere":{"unit":"D","value":-4.66},"Cylinder":{"unit":"D","value":2.04},"Axis":{"unit":"deg","value":78}}},"return":true}},"children":[]},{"date":{"first":"2019-03-12T16:12:21+05:30","last":"2019-03-12T16:12:21+05:30"},"name":"ChronosAlignment2","private":{"param":{"RangeXY":0.2,"RangeZ":0.375,"CorneaDetection":false,"infoForLog":{"sessionDate":"20190312","sessionPatientID":"empty161211","execTime":"20190312T161221+0530"}},"result":{"L":{"return":true,"HPD":{"unit":"mm","value":20.6}},"R":{"return":true,"HPD":{"unit":"mm","value":37.1}},"return":true}},"children":[]},{"date":{"first":"2019-03-12T16:12:21+05:30","last":"2019-03-12T16:12:22+05:30"},"name":"ChronosRef2","private":{"param":{"RoughMeasure":false,"DiopterShift":0,"infoForLog":{"sessionDate":"20190312","sessionPatientID":"empty161211","execTime":"20190312T161221+0530"}},"result":{"L":{"return":true,"Records":[{"Sphere":{"unit":"D","value":-3.65},"Cylinder":{"unit":"D","value":-6.61},"Axis":{"unit":"deg","value":141}},{"Sphere":{"unit":"D","value":0.37},"Cylinder":{"unit":"D","value":-6.81},"Axis":{"unit":"deg","value":153}},{"Sphere":{"unit":"D","value":7.28},"Cylinder":{"unit":"D","value":-3.5},"Axis":{"unit":"deg","value":88}}],"Median":{"Sphere":{"unit":"D","value":7.28},"Cylinder":{"unit":"D","value":-6.81},"Axis":{"unit":"deg","value":88}}},"R":{"return":true,"Records":[{"Sphere":{"unit":"D","value":5.26},"Cylinder":{"unit":"D","value":-2.47},"Axis":{"unit":"deg","value":131}},{"Sphere":{"unit":"D","value":6.15},"Cylinder":{"unit":"D","value":1.45},"Axis":{"unit":"deg","value":29}},{"Sphere":{"unit":"D","value":7.95},"Cylinder":{"unit":"D","value":8.06},"Axis":{"unit":"deg","value":76}}],"Median":{"Sphere":{"unit":"D","value":5.26},"Cylinder":{"unit":"D","value":8.06},"Axis":{"unit":"deg","value":29}}},"return":true}},"children":[]}]},{"date":{"first":"2019-03-12T16:12:22+05:30","last":"2019-03-12T16:12:22+05:30"},"name":"objective measurement","private":[],"children":[{"date":{"first":"2019-03-12T16:12:22+05:30","last":"2019-03-12T16:12:22+05:30"},"name":"ChronosAlignment2","private":{"param":{"RangeXY":0.2,"RangeZ":0.375,"CorneaDetection":false,"infoForLog":{"sessionDate":"20190312","sessionPatientID":"empty161211","execTime":"20190312T161222+0530"}},"result":{"L":{"return":true,"HPD":{"unit":"mm","value":49.5}},"R":{"return":true,"HPD":{"unit":"mm","value":16.5}},"return":true}},"children":[]},{"date":{"first":"2019-03-12T16:12:22+05:30","last":"2019-03-12T16:12:22+05:30"},"name":"ChronosRef2","private":{"param":{"RoughMeasure":true,"infoForLog":{"sessionDate":"20190312","sessionPatientID":"empty161211","execTime":"20190312T161222+0530"}},"result":{"L":{"return":true,"Records":[{"Sphere":{"unit":"D","value":-0.33},"Cylinder":{"unit":"D","value":-7.57},"Axis":{"unit":"deg","value":88}},{"Sphere":{"unit":"D","value":2.67},"Cylinder":{"unit":"D","value":-4.95},"Axis":{"unit":"deg","value":90}},{"Sphere":{"unit":"D","value":3.04},"Cylinder":{"unit":"D","value":2.13},"Axis":{"unit":"deg","value":151}}],"Median":{"Sphere":{"unit":"D","value":-0.33},"Cylinder":{"unit":"D","value":-4.95},"Axis":{"unit":"deg","value":90}}},"R":{"return":true,"Records":[{"Sphere":{"unit":"D","value":-0.72},"Cylinder":{"unit":"D","value":7.69},"Axis":{"unit":"deg","value":9}},{"Sphere":{"unit":"D","value":0.51},"Cylinder":{"unit":"D","value":-9.16},"Axis":{"unit":"deg","value":57}},{"Sphere":{"unit":"D","value":8.82},"Cylinder":{"unit":"D","value":1.24},"Axis":{"unit":"deg","value":18}}],"Median":{"Sphere":{"unit":"D","value":0.51},"Cylinder":{"unit":"D","value":7.69},"Axis":{"unit":"deg","value":57}}},"return":true}},"children":[]},{"date":{"first":"2019-03-12T16:12:22+05:30","last":"2019-03-12T16:12:22+05:30"},"name":"ChronosAlignment2","private":{"param":{"RangeXY":0.2,"RangeZ":0.375,"CorneaDetection":false,"infoForLog":{"sessionDate":"20190312","sessionPatientID":"empty161211","execTime":"20190312T161222+0530"}},"result":{"L":{"return":true,"HPD":{"unit":"mm","value":13.9}},"R":{"return":true,"HPD":{"unit":"mm","value":44.7}},"return":true}},"children":[]},{"date":{"first":"2019-03-12T16:12:22+05:30","last":"2019-03-12T16:12:22+05:30"},"name":"ChronosRef2","private":{"param":{"RoughMeasure":false,"DiopterShift":0,"infoForLog":{"sessionDate":"20190312","sessionPatientID":"empty161211","execTime":"20190312T161222+0530"}},"result":{"L":{"return":true,"Records":[{"Sphere":{"unit":"D","value":-8.36},"Cylinder":{"unit":"D","value":-9.01},"Axis":{"unit":"deg","value":79}},{"Sphere":{"unit":"D","value":-6.34},"Cylinder":{"unit":"D","value":7.47},"Axis":{"unit":"deg","value":90}},{"Sphere":{"unit":"D","value":-1.47},"Cylinder":{"unit":"D","value":4.12},"Axis":{"unit":"deg","value":129}}],"Median":{"Sphere":{"unit":"D","value":-6.34},"Cylinder":{"unit":"D","value":-9.01},"Axis":{"unit":"deg","value":90}}},"R":{"return":true,"Records":[{"Sphere":{"unit":"D","value":-4.59},"Cylinder":{"unit":"D","value":8.74},"Axis":{"unit":"deg","value":70}},{"Sphere":{"unit":"D","value":1.87},"Cylinder":{"unit":"D","value":-3.88},"Axis":{"unit":"deg","value":66}},{"Sphere":{"unit":"D","value":-4.07},"Cylinder":{"unit":"D","value":1.45},"Axis":{"unit":"deg","value":41}}],"Median":{"Sphere":{"unit":"D","value":1.87},"Cylinder":{"unit":"D","value":8.74},"Axis":{"unit":"deg","value":70}}},"return":true}},"children":[]}]},{"date":{"first":"2019-03-12T16:12:22+05:30","last":"2019-03-12T16:12:23+05:30"},"name":"objective measurement","private":[],"children":[{"date":{"first":"2019-03-12T16:12:22+05:30","last":"2019-03-12T16:12:22+05:30"},"name":"ChronosAlignment2","private":{"param":{"RangeXY":0.2,"RangeZ":0.375,"CorneaDetection":false,"infoForLog":{"sessionDate":"20190312","sessionPatientID":"empty161211","execTime":"20190312T161222+0530"}},"result":{"L":{"return":true,"HPD":{"unit":"mm","value":44.3}},"R":{"return":true,"HPD":{"unit":"mm","value":12.6}},"return":true}},"children":[]},{"date":{"first":"2019-03-12T16:12:22+05:30","last":"2019-03-12T16:12:22+05:30"},"name":"ChronosRef2","private":{"param":{"RoughMeasure":true,"infoForLog":{"sessionDate":"20190312","sessionPatientID":"empty161211","execTime":"20190312T161222+0530"}},"result":{"L":{"return":true,"Records":[{"Sphere":{"unit":"D","value":-9.51},"Cylinder":{"unit":"D","value":-9.64},"Axis":{"unit":"deg","value":81}},{"Sphere":{"unit":"D","value":-9.44},"Cylinder":{"unit":"D","value":1.75},"Axis":{"unit":"deg","value":139}},{"Sphere":{"unit":"D","value":5.91},"Cylinder":{"unit":"D","value":5.16},"Axis":{"unit":"deg","value":104}}],"Median":{"Sphere":{"unit":"D","value":-9.51},"Cylinder":{"unit":"D","value":1.75},"Axis":{"unit":"deg","value":139}}},"R":{"return":true,"Records":[{"Sphere":{"unit":"D","value":-3.34},"Cylinder":{"unit":"D","value":9.74},"Axis":{"unit":"deg","value":130}},{"Sphere":{"unit":"D","value":6.46},"Cylinder":{"unit":"D","value":4.05},"Axis":{"unit":"deg","value":146}},{"Sphere":{"unit":"D","value":-8.43},"Cylinder":{"unit":"D","value":-7.98},"Axis":{"unit":"deg","value":134}}],"Median":{"Sphere":{"unit":"D","value":-8.43},"Cylinder":{"unit":"D","value":4.05},"Axis":{"unit":"deg","value":130}}},"return":true}},"children":[]},{"date":{"first":"2019-03-12T16:12:22+05:30","last":"2019-03-12T16:12:22+05:30"},"name":"ChronosAlignment2","private":{"param":{"RangeXY":0.2,"RangeZ":0.375,"CorneaDetection":false,"infoForLog":{"sessionDate":"20190312","sessionPatientID":"empty161211","execTime":"20190312T161222+0530"}},"result":{"L":{"return":true,"HPD":{"unit":"mm","value":41.3}},"R":{"return":true,"HPD":{"unit":"mm","value":20.2}},"return":true}},"children":[]},{"date":{"first":"2019-03-12T16:12:22+05:30","last":"2019-03-12T16:12:23+05:30"},"name":"ChronosRef2","private":{"param":{"RoughMeasure":false,"DiopterShift":0,"infoForLog":{"sessionDate":"20190312","sessionPatientID":"empty161211","execTime":"20190312T161222+0530"}},"result":{"L":{"return":true,"Records":[{"Sphere":{"unit":"D","value":6.13},"Cylinder":{"unit":"D","value":1.92},"Axis":{"unit":"deg","value":105}},{"Sphere":{"unit":"D","value":-0.7},"Cylinder":{"unit":"D","value":-2.94},"Axis":{"unit":"deg","value":117}},{"Sphere":{"unit":"D","value":-7.4},"Cylinder":{"unit":"D","value":-2.39},"Axis":{"unit":"deg","value":140}}],"Median":{"Sphere":{"unit":"D","value":-0.7},"Cylinder":{"unit":"D","value":-2.94},"Axis":{"unit":"deg","value":140}}},"R":{"return":true,"Records":[{"Sphere":{"unit":"D","value":-5.52},"Cylinder":{"unit":"D","value":3.11},"Axis":{"unit":"deg","value":10}},{"Sphere":{"unit":"D","value":3.35},"Cylinder":{"unit":"D","value":9.69},"Axis":{"unit":"deg","value":111}},{"Sphere":{"unit":"D","value":4.91},"Cylinder":{"unit":"D","value":8.32},"Axis":{"unit":"deg","value":46}}],"Median":{"Sphere":{"unit":"D","value":-5.52},"Cylinder":{"unit":"D","value":9.69},"Axis":{"unit":"deg","value":46}}},"return":true}},"children":[]}]},{"date":{"first":"2019-03-12T16:12:23+05:30","last":"2019-03-12T16:12:23+05:30"},"name":"objective measurement","private":[],"children":[{"date":{"first":"2019-03-12T16:12:23+05:30","last":"2019-03-12T16:12:23+05:30"},"name":"ChronosAlignment2","private":{"param":{"RangeXY":0.2,"RangeZ":0.375,"CorneaDetection":false,"infoForLog":{"sessionDate":"20190312","sessionPatientID":"empty161211","execTime":"20190312T161223+0530"}},"result":{"L":{"return":true,"HPD":{"unit":"mm","value":12.9}},"R":{"return":true,"HPD":{"unit":"mm","value":13.7}},"return":true}},"children":[]},{"date":{"first":"2019-03-12T16:12:23+05:30","last":"2019-03-12T16:12:23+05:30"},"name":"ChronosRef2","private":{"param":{"RoughMeasure":true,"infoForLog":{"sessionDate":"20190312","sessionPatientID":"empty161211","execTime":"20190312T161223+0530"}},"result":{"L":{"return":true,"Records":[{"Sphere":{"unit":"D","value":-0.38},"Cylinder":{"unit":"D","value":-1.37},"Axis":{"unit":"deg","value":69}},{"Sphere":{"unit":"D","value":5.32},"Cylinder":{"unit":"D","value":6.62},"Axis":{"unit":"deg","value":18}},{"Sphere":{"unit":"D","value":-6.24},"Cylinder":{"unit":"D","value":5.3},"Axis":{"unit":"deg","value":94}}],"Median":{"Sphere":{"unit":"D","value":-6.24},"Cylinder":{"unit":"D","value":-1.37},"Axis":{"unit":"deg","value":94}}},"R":{"return":true,"Records":[{"Sphere":{"unit":"D","value":-7.69},"Cylinder":{"unit":"D","value":9.86},"Axis":{"unit":"deg","value":107}},{"Sphere":{"unit":"D","value":7.74},"Cylinder":{"unit":"D","value":9.54},"Axis":{"unit":"deg","value":71}},{"Sphere":{"unit":"D","value":0.34},"Cylinder":{"unit":"D","value":-8.83},"Axis":{"unit":"deg","value":134}}],"Median":{"Sphere":{"unit":"D","value":-7.69},"Cylinder":{"unit":"D","value":9.54},"Axis":{"unit":"deg","value":71}}},"return":true}},"children":[]},{"date":{"first":"2019-03-12T16:12:23+05:30","last":"2019-03-12T16:12:23+05:30"},"name":"ChronosAlignment2","private":{"param":{"RangeXY":0.2,"RangeZ":0.375,"CorneaDetection":false,"infoForLog":{"sessionDate":"20190312","sessionPatientID":"empty161211","execTime":"20190312T161223+0530"}},"result":{"L":{"return":true,"HPD":{"unit":"mm","value":24}},"R":{"return":true,"HPD":{"unit":"mm","value":47.4}},"return":true}},"children":[]},{"date":{"first":"2019-03-12T16:12:23+05:30","last":"2019-03-12T16:12:23+05:30"},"name":"ChronosRef2","private":{"param":{"RoughMeasure":false,"DiopterShift":0,"infoForLog":{"sessionDate":"20190312","sessionPatientID":"empty161211","execTime":"20190312T161223+0530"}},"result":{"L":{"return":true,"Records":[{"Sphere":{"unit":"D","value":9.68},"Cylinder":{"unit":"D","value":-3.9},"Axis":{"unit":"deg","value":104}},{"Sphere":{"unit":"D","value":-0.68},"Cylinder":{"unit":"D","value":-8.69},"Axis":{"unit":"deg","value":39}},{"Sphere":{"unit":"D","value":-5.13},"Cylinder":{"unit":"D","value":9.3},"Axis":{"unit":"deg","value":104}}],"Median":{"Sphere":{"unit":"D","value":9.68},"Cylinder":{"unit":"D","value":-8.69},"Axis":{"unit":"deg","value":104}}},"R":{"return":true,"Records":[{"Sphere":{"unit":"D","value":1.89},"Cylinder":{"unit":"D","value":-4.17},"Axis":{"unit":"deg","value":144}},{"Sphere":{"unit":"D","value":5.12},"Cylinder":{"unit":"D","value":2.68},"Axis":{"unit":"deg","value":64}},{"Sphere":{"unit":"D","value":8.72},"Cylinder":{"unit":"D","value":2.8},"Axis":{"unit":"deg","value":24}}],"Median":{"Sphere":{"unit":"D","value":5.12},"Cylinder":{"unit":"D","value":2.8},"Axis":{"unit":"deg","value":144}}},"return":true}},"children":[]}]},{"date":{"first":"2019-03-12T16:12:23+05:30","last":"2019-03-12T16:12:24+05:30"},"name":"objective measurement","private":[],"children":[{"date":{"first":"2019-03-12T16:12:23+05:30","last":"2019-03-12T16:12:23+05:30"},"name":"ChronosAlignment2","private":{"param":{"RangeXY":0.2,"RangeZ":0.375,"CorneaDetection":false,"infoForLog":{"sessionDate":"20190312","sessionPatientID":"empty161211","execTime":"20190312T161224+0530"}},"result":{"L":{"return":true,"HPD":{"unit":"mm","value":30.7}},"R":{"return":true,"HPD":{"unit":"mm","value":35.1}},"return":true}},"children":[]},{"date":{"first":"2019-03-12T16:12:23+05:30","last":"2019-03-12T16:12:24+05:30"},"name":"ChronosRef2","private":{"param":{"RoughMeasure":true,"infoForLog":{"sessionDate":"20190312","sessionPatientID":"empty161211","execTime":"20190312T161223+0530"}},"result":{"L":{"return":true,"Records":[{"Sphere":{"unit":"D","value":1.42},"Cylinder":{"unit":"D","value":1.3},"Axis":{"unit":"deg","value":63}},{"Sphere":{"unit":"D","value":-7.69},"Cylinder":{"unit":"D","value":1.45},"Axis":{"unit":"deg","value":97}},{"Sphere":{"unit":"D","value":-4.67},"Cylinder":{"unit":"D","value":-1.17},"Axis":{"unit":"deg","value":144}}],"Median":{"Sphere":{"unit":"D","value":1.42},"Cylinder":{"unit":"D","value":1.3},"Axis":{"unit":"deg","value":97}}},"R":{"return":true,"Records":[{"Sphere":{"unit":"D","value":1.23},"Cylinder":{"unit":"D","value":8.67},"Axis":{"unit":"deg","value":66}},{"Sphere":{"unit":"D","value":9.08},"Cylinder":{"unit":"D","value":4.76},"Axis":{"unit":"deg","value":108}},{"Sphere":{"unit":"D","value":-7.26},"Cylinder":{"unit":"D","value":-5.36},"Axis":{"unit":"deg","value":58}}],"Median":{"Sphere":{"unit":"D","value":9.08},"Cylinder":{"unit":"D","value":8.67},"Axis":{"unit":"deg","value":66}}},"return":true}},"children":[]},{"date":{"first":"2019-03-12T16:12:24+05:30","last":"2019-03-12T16:12:24+05:30"},"name":"ChronosAlignment2","private":{"param":{"RangeXY":0.2,"RangeZ":0.375,"CorneaDetection":false,"infoForLog":{"sessionDate":"20190312","sessionPatientID":"empty161211","execTime":"20190312T161224+0530"}},"result":{"L":{"return":true,"HPD":{"unit":"mm","value":24.1}},"R":{"return":true,"HPD":{"unit":"mm","value":32.7}},"return":true}},"children":[]},{"date":{"first":"2019-03-12T16:12:24+05:30","last":"2019-03-12T16:12:24+05:30"},"name":"ChronosRef2","private":{"param":{"RoughMeasure":false,"DiopterShift":0,"infoForLog":{"sessionDate":"20190312","sessionPatientID":"empty161211","execTime":"20190312T161224+0530"}},"result":{"L":{"return":true,"Records":[{"Sphere":{"unit":"D","value":2.41},"Cylinder":{"unit":"D","value":-0.75},"Axis":{"unit":"deg","value":70}},{"Sphere":{"unit":"D","value":8.33},"Cylinder":{"unit":"D","value":-9.37},"Axis":{"unit":"deg","value":56}},{"Sphere":{"unit":"D","value":-2.21},"Cylinder":{"unit":"D","value":-6.04},"Axis":{"unit":"deg","value":3}}],"Median":{"Sphere":{"unit":"D","value":2.41},"Cylinder":{"unit":"D","value":-9.37},"Axis":{"unit":"deg","value":3}}},"R":{"return":true,"Records":[{"Sphere":{"unit":"D","value":-2.38},"Cylinder":{"unit":"D","value":0.46},"Axis":{"unit":"deg","value":98}},{"Sphere":{"unit":"D","value":-3.21},"Cylinder":{"unit":"D","value":1.13},"Axis":{"unit":"deg","value":107}},{"Sphere":{"unit":"D","value":2.32},"Cylinder":{"unit":"D","value":3.9},"Axis":{"unit":"deg","value":48}}],"Median":{"Sphere":{"unit":"D","value":2.32},"Cylinder":{"unit":"D","value":3.9},"Axis":{"unit":"deg","value":48}}},"return":true}},"children":[]}]},{"date":{"first":"2019-03-12T16:12:24+05:30","last":"2019-03-12T16:12:24+05:30"},"name":"objective measurement","private":[],"children":[{"date":{"first":"2019-03-12T16:12:24+05:30","last":"2019-03-12T16:12:24+05:30"},"name":"ChronosAlignment2","private":{"param":{"RangeXY":0.2,"RangeZ":0.375,"CorneaDetection":false,"infoForLog":{"sessionDate":"20190312","sessionPatientID":"empty161211","execTime":"20190312T161224+0530"}},"result":{"L":{"return":true,"HPD":{"unit":"mm","value":14.9}},"R":{"return":true,"HPD":{"unit":"mm","value":31.8}},"return":true}},"children":[]},{"date":{"first":"2019-03-12T16:12:24+05:30","last":"2019-03-12T16:12:24+05:30"},"name":"ChronosRef2","private":{"param":{"RoughMeasure":true,"infoForLog":{"sessionDate":"20190312","sessionPatientID":"empty161211","execTime":"20190312T161224+0530"}},"result":{"L":{"return":true,"Records":[{"Sphere":{"unit":"D","value":-5.69},"Cylinder":{"unit":"D","value":6.22},"Axis":{"unit":"deg","value":96}},{"Sphere":{"unit":"D","value":1.8},"Cylinder":{"unit":"D","value":-3.34},"Axis":{"unit":"deg","value":22}},{"Sphere":{"unit":"D","value":0.16},"Cylinder":{"unit":"D","value":1.83},"Axis":{"unit":"deg","value":140}}],"Median":{"Sphere":{"unit":"D","value":1.8},"Cylinder":{"unit":"D","value":6.22},"Axis":{"unit":"deg","value":140}}},"R":{"return":true,"Records":[{"Sphere":{"unit":"D","value":1.74},"Cylinder":{"unit":"D","value":0.36},"Axis":{"unit":"deg","value":29}},{"Sphere":{"unit":"D","value":9.2},"Cylinder":{"unit":"D","value":2.73},"Axis":{"unit":"deg","value":54}},{"Sphere":{"unit":"D","value":-6.58},"Cylinder":{"unit":"D","value":-6.95},"Axis":{"unit":"deg","value":179}}],"Median":{"Sphere":{"unit":"D","value":1.74},"Cylinder":{"unit":"D","value":-6.95},"Axis":{"unit":"deg","value":29}}},"return":true}},"children":[]},{"date":{"first":"2019-03-12T16:12:24+05:30","last":"2019-03-12T16:12:24+05:30"},"name":"ChronosAlignment2","private":{"param":{"RangeXY":0.2,"RangeZ":0.375,"CorneaDetection":false,"infoForLog":{"sessionDate":"20190312","sessionPatientID":"empty161211","execTime":"20190312T161224+0530"}},"result":{"L":{"return":true,"HPD":{"unit":"mm","value":40}},"R":{"return":true,"HPD":{"unit":"mm","value":10.3}},"return":true}},"children":[]},{"date":{"first":"2019-03-12T16:12:24+05:30","last":"2019-03-12T16:12:24+05:30"},"name":"ChronosRef2","private":{"param":{"RoughMeasure":false,"DiopterShift":0,"infoForLog":{"sessionDate":"20190312","sessionPatientID":"empty161211","execTime":"20190312T161224+0530"}},"result":{"L":{"return":true,"Records":[{"Sphere":{"unit":"D","value":2.1},"Cylinder":{"unit":"D","value":-4.94},"Axis":{"unit":"deg","value":58}},{"Sphere":{"unit":"D","value":-7.98},"Cylinder":{"unit":"D","value":-8.73},"Axis":{"unit":"deg","value":75}},{"Sphere":{"unit":"D","value":-9.61},"Cylinder":{"unit":"D","value":7.9},"Axis":{"unit":"deg","value":147}}],"Median":{"Sphere":{"unit":"D","value":-9.61},"Cylinder":{"unit":"D","value":-8.73},"Axis":{"unit":"deg","value":75}}},"R":{"return":true,"Records":[{"Sphere":{"unit":"D","value":3.73},"Cylinder":{"unit":"D","value":-9.56},"Axis":{"unit":"deg","value":61}},{"Sphere":{"unit":"D","value":-1.27},"Cylinder":{"unit":"D","value":-4.04},"Axis":{"unit":"deg","value":115}},{"Sphere":{"unit":"D","value":-8.62},"Cylinder":{"unit":"D","value":7.39},"Axis":{"unit":"deg","value":64}}],"Median":{"Sphere":{"unit":"D","value":3.73},"Cylinder":{"unit":"D","value":-9.56},"Axis":{"unit":"deg","value":64}}},"return":true}},"children":[]}]},{"date":{"first":"2019-03-12T16:12:24+05:30","last":"2019-03-12T16:12:24+05:30"},"name":"objective measurement","private":[],"children":[{"date":{"first":"2019-03-12T16:12:24+05:30","last":"2019-03-12T16:12:24+05:30"},"name":"ChronosAlignment2","private":{"param":{"RangeXY":0.2,"RangeZ":0.375,"CorneaDetection":false,"infoForLog":{"sessionDate":"20190312","sessionPatientID":"empty161211","execTime":"20190312T161224+0530"}},"result":{"L":{"return":true,"HPD":{"unit":"mm","value":28.2}},"R":{"return":true,"HPD":{"unit":"mm","value":45.4}},"return":true}},"children":[]},{"date":{"first":"2019-03-12T16:12:24+05:30","last":"2019-03-12T16:12:24+05:30"},"name":"ChronosRef2","private":{"param":{"RoughMeasure":true,"infoForLog":{"sessionDate":"20190312","sessionPatientID":"empty161211","execTime":"20190312T161224+0530"}},"result":{"L":{"return":true,"Records":[{"Sphere":{"unit":"D","value":-3.56},"Cylinder":{"unit":"D","value":3.76},"Axis":{"unit":"deg","value":60}},{"Sphere":{"unit":"D","value":-5.28},"Cylinder":{"unit":"D","value":9.7},"Axis":{"unit":"deg","value":152}},{"Sphere":{"unit":"D","value":3.14},"Cylinder":{"unit":"D","value":-0.18},"Axis":{"unit":"deg","value":171}}],"Median":{"Sphere":{"unit":"D","value":3.14},"Cylinder":{"unit":"D","value":3.76},"Axis":{"unit":"deg","value":60}}},"R":{"return":true,"Records":[{"Sphere":{"unit":"D","value":-2.46},"Cylinder":{"unit":"D","value":-8.08},"Axis":{"unit":"deg","value":122}},{"Sphere":{"unit":"D","value":-2.1},"Cylinder":{"unit":"D","value":-8.42},"Axis":{"unit":"deg","value":75}},{"Sphere":{"unit":"D","value":7.61},"Cylinder":{"unit":"D","value":5.27},"Axis":{"unit":"deg","value":63}}],"Median":{"Sphere":{"unit":"D","value":-2.46},"Cylinder":{"unit":"D","value":-8.08},"Axis":{"unit":"deg","value":63}}},"return":true}},"children":[]},{"date":{"first":"2019-03-12T16:12:24+05:30","last":"2019-03-12T16:12:24+05:30"},"name":"ChronosAlignment2","private":{"param":{"RangeXY":0.2,"RangeZ":0.375,"CorneaDetection":false,"infoForLog":{"sessionDate":"20190312","sessionPatientID":"empty161211","execTime":"20190312T161224+0530"}},"result":{"L":{"return":true,"HPD":{"unit":"mm","value":15.8}},"R":{"return":true,"HPD":{"unit":"mm","value":34.1}},"return":true}},"children":[]},{"date":{"first":"2019-03-12T16:12:24+05:30","last":"2019-03-12T16:12:24+05:30"},"name":"ChronosRef2","private":{"param":{"RoughMeasure":false,"DiopterShift":0,"infoForLog":{"sessionDate":"20190312","sessionPatientID":"empty161211","execTime":"20190312T161224+0530"}},"result":{"L":{"return":true,"Records":[{"Sphere":{"unit":"D","value":-3.55},"Cylinder":{"unit":"D","value":-0.26},"Axis":{"unit":"deg","value":29}},{"Sphere":{"unit":"D","value":0.55},"Cylinder":{"unit":"D","value":-0.14},"Axis":{"unit":"deg","value":73}},{"Sphere":{"unit":"D","value":-4.79},"Cylinder":{"unit":"D","value":-6.36},"Axis":{"unit":"deg","value":81}}],"Median":{"Sphere":{"unit":"D","value":0.55},"Cylinder":{"unit":"D","value":-0.14},"Axis":{"unit":"deg","value":81}}},"R":{"return":true,"Records":[{"Sphere":{"unit":"D","value":2.88},"Cylinder":{"unit":"D","value":-8.07},"Axis":{"unit":"deg","value":74}},{"Sphere":{"unit":"D","value":2.91},"Cylinder":{"unit":"D","value":8.23},"Axis":{"unit":"deg","value":51}},{"Sphere":{"unit":"D","value":0.15},"Cylinder":{"unit":"D","value":3.84},"Axis":{"unit":"deg","value":158}}],"Median":{"Sphere":{"unit":"D","value":2.88},"Cylinder":{"unit":"D","value":-8.07},"Axis":{"unit":"deg","value":74}}},"return":true}},"children":[]}]},{"date":{"first":"2019-03-12T16:12:25+05:30","last":"2019-03-12T16:12:25+05:30"},"name":"objective measurement","private":[],"children":[{"date":{"first":"2019-03-12T16:12:25+05:30","last":"2019-03-12T16:12:25+05:30"},"name":"ChronosAlignment2","private":{"param":{"RangeXY":0.2,"RangeZ":0.375,"CorneaDetection":false,"infoForLog":{"sessionDate":"20190312","sessionPatientID":"empty161211","execTime":"20190312T161225+0530"}},"result":{"L":{"return":true,"HPD":{"unit":"mm","value":13.3}},"R":{"return":true,"HPD":{"unit":"mm","value":10.7}},"return":true}},"children":[]},{"date":{"first":"2019-03-12T16:12:25+05:30","last":"2019-03-12T16:12:25+05:30"},"name":"ChronosRef2","private":{"param":{"RoughMeasure":true,"infoForLog":{"sessionDate":"20190312","sessionPatientID":"empty161211","execTime":"20190312T161225+0530"}},"result":{"L":{"return":true,"Records":[{"Sphere":{"unit":"D","value":1.78},"Cylinder":{"unit":"D","value":-2.42},"Axis":{"unit":"deg","value":115}},{"Sphere":{"unit":"D","value":3.13},"Cylinder":{"unit":"D","value":9.9},"Axis":{"unit":"deg","value":34}},{"Sphere":{"unit":"D","value":-3.23},"Cylinder":{"unit":"D","value":5},"Axis":{"unit":"deg","value":118}}],"Median":{"Sphere":{"unit":"D","value":-3.23},"Cylinder":{"unit":"D","value":9.9},"Axis":{"unit":"deg","value":118}}},"R":{"return":true,"Records":[{"Sphere":{"unit":"D","value":5.26},"Cylinder":{"unit":"D","value":-7.22},"Axis":{"unit":"deg","value":85}},{"Sphere":{"unit":"D","value":2.68},"Cylinder":{"unit":"D","value":-4.36},"Axis":{"unit":"deg","value":161}},{"Sphere":{"unit":"D","value":4.22},"Cylinder":{"unit":"D","value":-2.52},"Axis":{"unit":"deg","value":6}}],"Median":{"Sphere":{"unit":"D","value":2.68},"Cylinder":{"unit":"D","value":-7.22},"Axis":{"unit":"deg","value":6}}},"return":true}},"children":[]},{"date":{"first":"2019-03-12T16:12:25+05:30","last":"2019-03-12T16:12:25+05:30"},"name":"ChronosAlignment2","private":{"param":{"RangeXY":0.2,"RangeZ":0.375,"CorneaDetection":false,"infoForLog":{"sessionDate":"20190312","sessionPatientID":"empty161211","execTime":"20190312T161225+0530"}},"result":{"L":{"return":true,"HPD":{"unit":"mm","value":25.6}},"R":{"return":true,"HPD":{"unit":"mm","value":29.9}},"return":true}},"children":[]},{"date":{"first":"2019-03-12T16:12:25+05:30","last":"2019-03-12T16:12:25+05:30"},"name":"ChronosRef2","private":{"param":{"RoughMeasure":false,"DiopterShift":0,"infoForLog":{"sessionDate":"20190312","sessionPatientID":"empty161211","execTime":"20190312T161225+0530"}},"result":{"L":{"return":true,"Records":[{"Sphere":{"unit":"D","value":0.71},"Cylinder":{"unit":"D","value":-5.9},"Axis":{"unit":"deg","value":29}},{"Sphere":{"unit":"D","value":2.85},"Cylinder":{"unit":"D","value":-7.56},"Axis":{"unit":"deg","value":173}},{"Sphere":{"unit":"D","value":6.36},"Cylinder":{"unit":"D","value":-0.77},"Axis":{"unit":"deg","value":72}}],"Median":{"Sphere":{"unit":"D","value":6.36},"Cylinder":{"unit":"D","value":-7.56},"Axis":{"unit":"deg","value":29}}},"R":{"return":true,"Records":[{"Sphere":{"unit":"D","value":-6.13},"Cylinder":{"unit":"D","value":-6.99},"Axis":{"unit":"deg","value":6}},{"Sphere":{"unit":"D","value":-6.15},"Cylinder":{"unit":"D","value":5.18},"Axis":{"unit":"deg","value":1}},{"Sphere":{"unit":"D","value":1.74},"Cylinder":{"unit":"D","value":2.26},"Axis":{"unit":"deg","value":37}}],"Median":{"Sphere":{"unit":"D","value":1.74},"Cylinder":{"unit":"D","value":2.26},"Axis":{"unit":"deg","value":37}}},"return":true}},"children":[]}]},{"date":{"first":"2019-03-12T16:12:25+05:30","last":"2019-03-12T16:12:25+05:30"},"name":"objective measurement","private":[],"children":[{"date":{"first":"2019-03-12T16:12:25+05:30","last":"2019-03-12T16:12:25+05:30"},"name":"ChronosAlignment2","private":{"param":{"RangeXY":0.2,"RangeZ":0.375,"CorneaDetection":false,"infoForLog":{"sessionDate":"20190312","sessionPatientID":"empty161211","execTime":"20190312T161225+0530"}},"result":{"L":{"return":true,"HPD":{"unit":"mm","value":16.6}},"R":{"return":true,"HPD":{"unit":"mm","value":16.6}},"return":true}},"children":[]},{"date":{"first":"2019-03-12T16:12:25+05:30","last":"2019-03-12T16:12:25+05:30"},"name":"ChronosRef2","private":{"param":{"RoughMeasure":true,"infoForLog":{"sessionDate":"20190312","sessionPatientID":"empty161211","execTime":"20190312T161225+0530"}},"result":{"L":{"return":true,"Records":[{"Sphere":{"unit":"D","value":-4.7},"Cylinder":{"unit":"D","value":7.85},"Axis":{"unit":"deg","value":73}},{"Sphere":{"unit":"D","value":-2.38},"Cylinder":{"unit":"D","value":-2.48},"Axis":{"unit":"deg","value":82}},{"Sphere":{"unit":"D","value":-6.91},"Cylinder":{"unit":"D","value":-5.18},"Axis":{"unit":"deg","value":54}}],"Median":{"Sphere":{"unit":"D","value":-4.7},"Cylinder":{"unit":"D","value":7.85},"Axis":{"unit":"deg","value":54}}},"R":{"return":true,"Records":[{"Sphere":{"unit":"D","value":9.62},"Cylinder":{"unit":"D","value":-1.57},"Axis":{"unit":"deg","value":90}},{"Sphere":{"unit":"D","value":3.93},"Cylinder":{"unit":"D","value":-4.29},"Axis":{"unit":"deg","value":124}},{"Sphere":{"unit":"D","value":-8.74},"Cylinder":{"unit":"D","value":-2.38},"Axis":{"unit":"deg","value":40}}],"Median":{"Sphere":{"unit":"D","value":9.62},"Cylinder":{"unit":"D","value":-1.57},"Axis":{"unit":"deg","value":90}}},"return":true}},"children":[]},{"date":{"first":"2019-03-12T16:12:25+05:30","last":"2019-03-12T16:12:25+05:30"},"name":"ChronosAlignment2","private":{"param":{"RangeXY":0.2,"RangeZ":0.375,"CorneaDetection":false,"infoForLog":{"sessionDate":"20190312","sessionPatientID":"empty161211","execTime":"20190312T161225+0530"}},"result":{"L":{"return":true,"HPD":{"unit":"mm","value":14.8}},"R":{"return":true,"HPD":{"unit":"mm","value":11.7}},"return":true}},"children":[]},{"date":{"first":"2019-03-12T16:12:25+05:30","last":"2019-03-12T16:12:25+05:30"},"name":"ChronosRef2","private":{"param":{"RoughMeasure":false,"DiopterShift":0,"infoForLog":{"sessionDate":"20190312","sessionPatientID":"empty161211","execTime":"20190312T161225+0530"}},"result":{"L":{"return":true,"Records":[{"Sphere":{"unit":"D","value":-3.14},"Cylinder":{"unit":"D","value":9.82},"Axis":{"unit":"deg","value":1}},{"Sphere":{"unit":"D","value":7.47},"Cylinder":{"unit":"D","value":4.69},"Axis":{"unit":"deg","value":33}},{"Sphere":{"unit":"D","value":5.22},"Cylinder":{"unit":"D","value":1.11},"Axis":{"unit":"deg","value":115}}],"Median":{"Sphere":{"unit":"D","value":7.47},"Cylinder":{"unit":"D","value":1.11},"Axis":{"unit":"deg","value":33}}},"R":{"return":true,"Records":[{"Sphere":{"unit":"D","value":-7.41},"Cylinder":{"unit":"D","value":-5.59},"Axis":{"unit":"deg","value":96}},{"Sphere":{"unit":"D","value":-7.74},"Cylinder":{"unit":"D","value":-8.09},"Axis":{"unit":"deg","value":118}},{"Sphere":{"unit":"D","value":4.39},"Cylinder":{"unit":"D","value":-3.15},"Axis":{"unit":"deg","value":44}}],"Median":{"Sphere":{"unit":"D","value":-7.74},"Cylinder":{"unit":"D","value":-5.59},"Axis":{"unit":"deg","value":44}}},"return":true}},"children":[]}]},{"date":{"first":"2019-03-12T16:12:26+05:30","last":"2019-03-12T16:12:26+05:30"},"name":"objective measurement","private":[],"children":[{"date":{"first":"2019-03-12T16:12:26+05:30","last":"2019-03-12T16:12:26+05:30"},"name":"ChronosAlignment2","private":{"param":{"RangeXY":0.2,"RangeZ":0.375,"CorneaDetection":false,"infoForLog":{"sessionDate":"20190312","sessionPatientID":"empty161211","execTime":"20190312T161226+0530"}},"result":{"L":{"return":true,"HPD":{"unit":"mm","value":24.9}},"R":{"return":true,"HPD":{"unit":"mm","value":31.4}},"return":true}},"children":[]},{"date":{"first":"2019-03-12T16:12:26+05:30","last":"2019-03-12T16:12:26+05:30"},"name":"ChronosRef2","private":{"param":{"RoughMeasure":true,"infoForLog":{"sessionDate":"20190312","sessionPatientID":"empty161211","execTime":"20190312T161226+0530"}},"result":{"L":{"return":true,"Records":[{"Sphere":{"unit":"D","value":8.06},"Cylinder":{"unit":"D","value":4.04},"Axis":{"unit":"deg","value":115}},{"Sphere":{"unit":"D","value":9.74},"Cylinder":{"unit":"D","value":-1.99},"Axis":{"unit":"deg","value":159}},{"Sphere":{"unit":"D","value":3.78},"Cylinder":{"unit":"D","value":-2.25},"Axis":{"unit":"deg","value":59}}],"Median":{"Sphere":{"unit":"D","value":9.74},"Cylinder":{"unit":"D","value":-1.99},"Axis":{"unit":"deg","value":159}}},"R":{"return":true,"Records":[{"Sphere":{"unit":"D","value":3.85},"Cylinder":{"unit":"D","value":-7.32},"Axis":{"unit":"deg","value":15}},{"Sphere":{"unit":"D","value":4.59},"Cylinder":{"unit":"D","value":0.63},"Axis":{"unit":"deg","value":127}},{"Sphere":{"unit":"D","value":9.54},"Cylinder":{"unit":"D","value":-9.23},"Axis":{"unit":"deg","value":163}}],"Median":{"Sphere":{"unit":"D","value":4.59},"Cylinder":{"unit":"D","value":-7.32},"Axis":{"unit":"deg","value":127}}},"return":true}},"children":[]},{"date":{"first":"2019-03-12T16:12:26+05:30","last":"2019-03-12T16:12:26+05:30"},"name":"ChronosAlignment2","private":{"param":{"RangeXY":0.2,"RangeZ":0.375,"CorneaDetection":false,"infoForLog":{"sessionDate":"20190312","sessionPatientID":"empty161211","execTime":"20190312T161226+0530"}},"result":{"L":{"return":true,"HPD":{"unit":"mm","value":21.4}},"R":{"return":true,"HPD":{"unit":"mm","value":37.2}},"return":true}},"children":[]},{"date":{"first":"2019-03-12T16:12:26+05:30","last":"2019-03-12T16:12:26+05:30"},"name":"ChronosRef2","private":{"param":{"RoughMeasure":false,"DiopterShift":0,"infoForLog":{"sessionDate":"20190312","sessionPatientID":"empty161211","execTime":"20190312T161226+0530"}},"result":{"L":{"return":true,"Records":[{"Sphere":{"unit":"D","value":9.08},"Cylinder":{"unit":"D","value":7.11},"Axis":{"unit":"deg","value":86}},{"Sphere":{"unit":"D","value":9.29},"Cylinder":{"unit":"D","value":-3.05},"Axis":{"unit":"deg","value":176}},{"Sphere":{"unit":"D","value":-2.83},"Cylinder":{"unit":"D","value":-9.69},"Axis":{"unit":"deg","value":32}}],"Median":{"Sphere":{"unit":"D","value":-2.83},"Cylinder":{"unit":"D","value":7.11},"Axis":{"unit":"deg","value":176}}},"R":{"return":true,"Records":[{"Sphere":{"unit":"D","value":8.31},"Cylinder":{"unit":"D","value":-9.74},"Axis":{"unit":"deg","value":152}},{"Sphere":{"unit":"D","value":-6.38},"Cylinder":{"unit":"D","value":-5.23},"Axis":{"unit":"deg","value":50}},{"Sphere":{"unit":"D","value":8.24},"Cylinder":{"unit":"D","value":0.35},"Axis":{"unit":"deg","value":113}}],"Median":{"Sphere":{"unit":"D","value":8.24},"Cylinder":{"unit":"D","value":0.35},"Axis":{"unit":"deg","value":113}}},"return":true}},"children":[]}]},{"date":{"first":"2019-03-12T16:12:26+05:30","last":"2019-03-12T16:12:27+05:30"},"name":"objective measurement","private":[],"children":[{"date":{"first":"2019-03-12T16:12:26+05:30","last":"2019-03-12T16:12:26+05:30"},"name":"ChronosAlignment2","private":{"param":{"RangeXY":0.2,"RangeZ":0.375,"CorneaDetection":false,"infoForLog":{"sessionDate":"20190312","sessionPatientID":"empty161211","execTime":"20190312T161227+0530"}},"result":{"L":{"return":true,"HPD":{"unit":"mm","value":49.8}},"R":{"return":true,"HPD":{"unit":"mm","value":28.7}},"return":true}},"children":[]},{"date":{"first":"2019-03-12T16:12:26+05:30","last":"2019-03-12T16:12:27+05:30"},"name":"ChronosRef2","private":{"param":{"RoughMeasure":true,"infoForLog":{"sessionDate":"20190312","sessionPatientID":"empty161211","execTime":"20190312T161226+0530"}},"result":{"L":{"return":true,"Records":[{"Sphere":{"unit":"D","value":-0.6},"Cylinder":{"unit":"D","value":3.22},"Axis":{"unit":"deg","value":61}},{"Sphere":{"unit":"D","value":-0.7},"Cylinder":{"unit":"D","value":-6.63},"Axis":{"unit":"deg","value":147}},{"Sphere":{"unit":"D","value":5.8},"Cylinder":{"unit":"D","value":0.77},"Axis":{"unit":"deg","value":40}}],"Median":{"Sphere":{"unit":"D","value":-0.6},"Cylinder":{"unit":"D","value":3.22},"Axis":{"unit":"deg","value":61}}},"R":{"return":true,"Records":[{"Sphere":{"unit":"D","value":3.8},"Cylinder":{"unit":"D","value":6.66},"Axis":{"unit":"deg","value":48}},{"Sphere":{"unit":"D","value":6.88},"Cylinder":{"unit":"D","value":6},"Axis":{"unit":"deg","value":117}},{"Sphere":{"unit":"D","value":4.77},"Cylinder":{"unit":"D","value":-4.87},"Axis":{"unit":"deg","value":41}}],"Median":{"Sphere":{"unit":"D","value":6.88},"Cylinder":{"unit":"D","value":6},"Axis":{"unit":"deg","value":41}}},"return":true}},"children":[]},{"date":{"first":"2019-03-12T16:12:27+05:30","last":"2019-03-12T16:12:27+05:30"},"name":"ChronosAlignment2","private":{"param":{"RangeXY":0.2,"RangeZ":0.375,"CorneaDetection":false,"infoForLog":{"sessionDate":"20190312","sessionPatientID":"empty161211","execTime":"20190312T161227+0530"}},"result":{"L":{"return":true,"HPD":{"unit":"mm","value":45.3}},"R":{"return":true,"HPD":{"unit":"mm","value":13.9}},"return":true}},"children":[]},{"date":{"first":"2019-03-12T16:12:27+05:30","last":"2019-03-12T16:12:27+05:30"},"name":"ChronosRef2","private":{"param":{"RoughMeasure":false,"DiopterShift":0,"infoForLog":{"sessionDate":"20190312","sessionPatientID":"empty161211","execTime":"20190312T161227+0530"}},"result":{"L":{"return":true,"Records":[{"Sphere":{"unit":"D","value":0.68},"Cylinder":{"unit":"D","value":-1.23},"Axis":{"unit":"deg","value":168}},{"Sphere":{"unit":"D","value":-7.24},"Cylinder":{"unit":"D","value":0.29},"Axis":{"unit":"deg","value":113}},{"Sphere":{"unit":"D","value":-8.57},"Cylinder":{"unit":"D","value":2.57},"Axis":{"unit":"deg","value":157}}],"Median":{"Sphere":{"unit":"D","value":0.68},"Cylinder":{"unit":"D","value":2.57},"Axis":{"unit":"deg","value":168}}},"R":{"return":true,"Records":[{"Sphere":{"unit":"D","value":4.25},"Cylinder":{"unit":"D","value":6.3},"Axis":{"unit":"deg","value":43}},{"Sphere":{"unit":"D","value":1.92},"Cylinder":{"unit":"D","value":-4.74},"Axis":{"unit":"deg","value":116}},{"Sphere":{"unit":"D","value":8.39},"Cylinder":{"unit":"D","value":-9.72},"Axis":{"unit":"deg","value":16}}],"Median":{"Sphere":{"unit":"D","value":1.92},"Cylinder":{"unit":"D","value":-4.74},"Axis":{"unit":"deg","value":16}}},"return":true}},"children":[]}]},{"date":{"first":"2019-03-12T16:12:27+05:30","last":"2019-03-12T16:12:27+05:30"},"name":"objective measurement","private":[],"children":[{"date":{"first":"2019-03-12T16:12:27+05:30","last":"2019-03-12T16:12:27+05:30"},"name":"ChronosAlignment2","private":{"param":{"RangeXY":0.2,"RangeZ":0.375,"CorneaDetection":false,"infoForLog":{"sessionDate":"20190312","sessionPatientID":"empty161211","execTime":"20190312T161227+0530"}},"result":{"L":{"return":true,"HPD":{"unit":"mm","value":48.9}},"R":{"return":true,"HPD":{"unit":"mm","value":38.1}},"return":true}},"children":[]},{"date":{"first":"2019-03-12T16:12:27+05:30","last":"2019-03-12T16:12:27+05:30"},"name":"ChronosRef2","private":{"param":{"RoughMeasure":true,"infoForLog":{"sessionDate":"20190312","sessionPatientID":"empty161211","execTime":"20190312T161227+0530"}},"result":{"L":{"return":true,"Records":[{"Sphere":{"unit":"D","value":5.82},"Cylinder":{"unit":"D","value":-4.63},"Axis":{"unit":"deg","value":8}},{"Sphere":{"unit":"D","value":-6.45},"Cylinder":{"unit":"D","value":-1.05},"Axis":{"unit":"deg","value":65}},{"Sphere":{"unit":"D","value":8.92},"Cylinder":{"unit":"D","value":7.52},"Axis":{"unit":"deg","value":132}}],"Median":{"Sphere":{"unit":"D","value":8.92},"Cylinder":{"unit":"D","value":7.52},"Axis":{"unit":"deg","value":132}}},"R":{"return":true,"Records":[{"Sphere":{"unit":"D","value":8.87},"Cylinder":{"unit":"D","value":-3.31},"Axis":{"unit":"deg","value":121}},{"Sphere":{"unit":"D","value":6.78},"Cylinder":{"unit":"D","value":5.99},"Axis":{"unit":"deg","value":29}},{"Sphere":{"unit":"D","value":1.03},"Cylinder":{"unit":"D","value":7.95},"Axis":{"unit":"deg","value":79}}],"Median":{"Sphere":{"unit":"D","value":8.87},"Cylinder":{"unit":"D","value":5.99},"Axis":{"unit":"deg","value":121}}},"return":true}},"children":[]},{"date":{"first":"2019-03-12T16:12:27+05:30","last":"2019-03-12T16:12:27+05:30"},"name":"ChronosAlignment2","private":{"param":{"RangeXY":0.2,"RangeZ":0.375,"CorneaDetection":false,"infoForLog":{"sessionDate":"20190312","sessionPatientID":"empty161211","execTime":"20190312T161227+0530"}},"result":{"L":{"return":true,"HPD":{"unit":"mm","value":44.4}},"R":{"return":true,"HPD":{"unit":"mm","value":41.3}},"return":true}},"children":[]},{"date":{"first":"2019-03-12T16:12:27+05:30","last":"2019-03-12T16:12:27+05:30"},"name":"ChronosRef2","private":{"param":{"RoughMeasure":false,"DiopterShift":0,"infoForLog":{"sessionDate":"20190312","sessionPatientID":"empty161211","execTime":"20190312T161227+0530"}},"result":{"L":{"return":true,"Records":[{"Sphere":{"unit":"D","value":9.63},"Cylinder":{"unit":"D","value":-8.02},"Axis":{"unit":"deg","value":66}},{"Sphere":{"unit":"D","value":-8.56},"Cylinder":{"unit":"D","value":-7.59},"Axis":{"unit":"deg","value":178}},{"Sphere":{"unit":"D","value":-0.12},"Cylinder":{"unit":"D","value":9.53},"Axis":{"unit":"deg","value":151}}],"Median":{"Sphere":{"unit":"D","value":-8.56},"Cylinder":{"unit":"D","value":-8.02},"Axis":{"unit":"deg","value":151}}},"R":{"return":true,"Records":[{"Sphere":{"unit":"D","value":-0.69},"Cylinder":{"unit":"D","value":6.93},"Axis":{"unit":"deg","value":38}},{"Sphere":{"unit":"D","value":-4.71},"Cylinder":{"unit":"D","value":-1.65},"Axis":{"unit":"deg","value":56}},{"Sphere":{"unit":"D","value":-1.85},"Cylinder":{"unit":"D","value":2.33},"Axis":{"unit":"deg","value":40}}],"Median":{"Sphere":{"unit":"D","value":-0.69},"Cylinder":{"unit":"D","value":-1.65},"Axis":{"unit":"deg","value":56}}},"return":true}},"children":[]}]},{"date":{"first":"2019-03-12T16:12:27+05:30","last":"2019-03-12T16:12:28+05:30"},"name":"objective measurement","private":[],"children":[{"date":{"first":"2019-03-12T16:12:27+05:30","last":"2019-03-12T16:12:27+05:30"},"name":"ChronosAlignment2","private":{"param":{"RangeXY":0.2,"RangeZ":0.375,"CorneaDetection":false,"infoForLog":{"sessionDate":"20190312","sessionPatientID":"empty161211","execTime":"20190312T161227+0530"}},"result":{"L":{"return":true,"HPD":{"unit":"mm","value":47.5}},"R":{"return":true,"HPD":{"unit":"mm","value":24.8}},"return":true}},"children":[]},{"date":{"first":"2019-03-12T16:12:27+05:30","last":"2019-03-12T16:12:27+05:30"},"name":"ChronosRef2","private":{"param":{"RoughMeasure":true,"infoForLog":{"sessionDate":"20190312","sessionPatientID":"empty161211","execTime":"20190312T161227+0530"}},"result":{"L":{"return":true,"Records":[{"Sphere":{"unit":"D","value":1.55},"Cylinder":{"unit":"D","value":-4.31},"Axis":{"unit":"deg","value":130}},{"Sphere":{"unit":"D","value":-3.39},"Cylinder":{"unit":"D","value":-7.49},"Axis":{"unit":"deg","value":164}},{"Sphere":{"unit":"D","value":-2.49},"Cylinder":{"unit":"D","value":-5.83},"Axis":{"unit":"deg","value":157}}],"Median":{"Sphere":{"unit":"D","value":-2.49},"Cylinder":{"unit":"D","value":-5.83},"Axis":{"unit":"deg","value":130}}},"R":{"return":true,"Records":[{"Sphere":{"unit":"D","value":-1.56},"Cylinder":{"unit":"D","value":0.24},"Axis":{"unit":"deg","value":77}},{"Sphere":{"unit":"D","value":-6.34},"Cylinder":{"unit":"D","value":2.53},"Axis":{"unit":"deg","value":69}},{"Sphere":{"unit":"D","value":-6.12},"Cylinder":{"unit":"D","value":3.56},"Axis":{"unit":"deg","value":68}}],"Median":{"Sphere":{"unit":"D","value":-6.12},"Cylinder":{"unit":"D","value":2.53},"Axis":{"unit":"deg","value":68}}},"return":true}},"children":[]},{"date":{"first":"2019-03-12T16:12:27+05:30","last":"2019-03-12T16:12:27+05:30"},"name":"ChronosAlignment2","private":{"param":{"RangeXY":0.2,"RangeZ":0.375,"CorneaDetection":false,"infoForLog":{"sessionDate":"20190312","sessionPatientID":"empty161211","execTime":"20190312T161227+0530"}},"result":{"L":{"return":true,"HPD":{"unit":"mm","value":25.9}},"R":{"return":true,"HPD":{"unit":"mm","value":18.9}},"return":true}},"children":[]},{"date":{"first":"2019-03-12T16:12:27+05:30","last":"2019-03-12T16:12:27+05:30"},"name":"ChronosRef2","private":{"param":{"RoughMeasure":false,"DiopterShift":0,"infoForLog":{"sessionDate":"20190312","sessionPatientID":"empty161211","execTime":"20190312T161227+0530"}},"result":{"L":{"return":true,"Records":[{"Sphere":{"unit":"D","value":-5.83},"Cylinder":{"unit":"D","value":4.01},"Axis":{"unit":"deg","value":178}},{"Sphere":{"unit":"D","value":-6.96},"Cylinder":{"unit":"D","value":4.89},"Axis":{"unit":"deg","value":119}},{"Sphere":{"unit":"D","value":-8.79},"Cylinder":{"unit":"D","value":-9.68},"Axis":{"unit":"deg","value":78}}],"Median":{"Sphere":{"unit":"D","value":-8.79},"Cylinder":{"unit":"D","value":4.01},"Axis":{"unit":"deg","value":178}}},"R":{"return":true,"Records":[{"Sphere":{"unit":"D","value":-6.91},"Cylinder":{"unit":"D","value":1.47},"Axis":{"unit":"deg","value":173}},{"Sphere":{"unit":"D","value":5.23},"Cylinder":{"unit":"D","value":-9.14},"Axis":{"unit":"deg","value":83}},{"Sphere":{"unit":"D","value":-0.86},"Cylinder":{"unit":"D","value":-2.64},"Axis":{"unit":"deg","value":15}}],"Median":{"Sphere":{"unit":"D","value":-0.86},"Cylinder":{"unit":"D","value":-2.64},"Axis":{"unit":"deg","value":173}}},"return":true}},"children":[]}]},{"date":{"first":"2019-03-12T16:12:28+05:30","last":"2019-03-12T16:12:28+05:30"},"name":"objective measurement","private":[],"children":[{"date":{"first":"2019-03-12T16:12:28+05:30","last":"2019-03-12T16:12:28+05:30"},"name":"ChronosAlignment2","private":{"param":{"RangeXY":0.2,"RangeZ":0.375,"CorneaDetection":false,"infoForLog":{"sessionDate":"20190312","sessionPatientID":"empty161211","execTime":"20190312T161228+0530"}},"result":{"L":{"return":true,"HPD":{"unit":"mm","value":31.4}},"R":{"return":true,"HPD":{"unit":"mm","value":18.1}},"return":true}},"children":[]},{"date":{"first":"2019-03-12T16:12:28+05:30","last":"2019-03-12T16:12:28+05:30"},"name":"ChronosRef2","private":{"param":{"RoughMeasure":true,"infoForLog":{"sessionDate":"20190312","sessionPatientID":"empty161211","execTime":"20190312T161228+0530"}},"result":{"L":{"return":true,"Records":[{"Sphere":{"unit":"D","value":-2},"Cylinder":{"unit":"D","value":1},"Axis":{"unit":"deg","value":100}},{"Sphere":{"unit":"D","value":9.51},"Cylinder":{"unit":"D","value":6.84},"Axis":{"unit":"deg","value":73}},{"Sphere":{"unit":"D","value":4.19},"Cylinder":{"unit":"D","value":2.38},"Axis":{"unit":"deg","value":127}}],"Median":{"Sphere":{"unit":"D","value":-2},"Cylinder":{"unit":"D","value":1},"Axis":{"unit":"deg","value":127}}},"R":{"return":true,"Records":[{"Sphere":{"unit":"D","value":2.36},"Cylinder":{"unit":"D","value":1.59},"Axis":{"unit":"deg","value":115}},{"Sphere":{"unit":"D","value":5.23},"Cylinder":{"unit":"D","value":5.8},"Axis":{"unit":"deg","value":34}},{"Sphere":{"unit":"D","value":4.01},"Cylinder":{"unit":"D","value":-1.06},"Axis":{"unit":"deg","value":73}}],"Median":{"Sphere":{"unit":"D","value":5.23},"Cylinder":{"unit":"D","value":1.59},"Axis":{"unit":"deg","value":34}}},"return":true}},"children":[]},{"date":{"first":"2019-03-12T16:12:28+05:30","last":"2019-03-12T16:12:28+05:30"},"name":"ChronosAlignment2","private":{"param":{"RangeXY":0.2,"RangeZ":0.375,"CorneaDetection":false,"infoForLog":{"sessionDate":"20190312","sessionPatientID":"empty161211","execTime":"20190312T161228+0530"}},"result":{"L":{"return":true,"HPD":{"unit":"mm","value":36.6}},"R":{"return":true,"HPD":{"unit":"mm","value":35.4}},"return":true}},"children":[]},{"date":{"first":"2019-03-12T16:12:28+05:30","last":"2019-03-12T16:12:28+05:30"},"name":"ChronosRef2","private":{"param":{"RoughMeasure":false,"DiopterShift":0,"infoForLog":{"sessionDate":"20190312","sessionPatientID":"empty161211","execTime":"20190312T161228+0530"}},"result":{"L":{"return":true,"Records":[{"Sphere":{"unit":"D","value":4.01},"Cylinder":{"unit":"D","value":-7.06},"Axis":{"unit":"deg","value":45}},{"Sphere":{"unit":"D","value":-0.81},"Cylinder":{"unit":"D","value":-1.46},"Axis":{"unit":"deg","value":38}},{"Sphere":{"unit":"D","value":1.33},"Cylinder":{"unit":"D","value":-8.14},"Axis":{"unit":"deg","value":75}}],"Median":{"Sphere":{"unit":"D","value":4.01},"Cylinder":{"unit":"D","value":-8.14},"Axis":{"unit":"deg","value":45}}},"R":{"return":true,"Records":[{"Sphere":{"unit":"D","value":-5.28},"Cylinder":{"unit":"D","value":-8.64},"Axis":{"unit":"deg","value":9}},{"Sphere":{"unit":"D","value":-0.77},"Cylinder":{"unit":"D","value":-5.36},"Axis":{"unit":"deg","value":141}},{"Sphere":{"unit":"D","value":6.9},"Cylinder":{"unit":"D","value":-9.01},"Axis":{"unit":"deg","value":74}}],"Median":{"Sphere":{"unit":"D","value":6.9},"Cylinder":{"unit":"D","value":-8.64},"Axis":{"unit":"deg","value":74}}},"return":true}},"children":[]}]},{"date":{"first":"2019-03-12T16:12:28+05:30","last":"2019-03-12T16:12:29+05:30"},"name":"objective measurement","private":[],"children":[{"date":{"first":"2019-03-12T16:12:28+05:30","last":"2019-03-12T16:12:28+05:30"},"name":"ChronosAlignment2","private":{"param":{"RangeXY":0.2,"RangeZ":0.375,"CorneaDetection":false,"infoForLog":{"sessionDate":"20190312","sessionPatientID":"empty161211","execTime":"20190312T161228+0530"}},"result":{"L":{"return":true,"HPD":{"unit":"mm","value":32.5}},"R":{"return":true,"HPD":{"unit":"mm","value":20.8}},"return":true}},"children":[]},{"date":{"first":"2019-03-12T16:12:28+05:30","last":"2019-03-12T16:12:28+05:30"},"name":"ChronosRef2","private":{"param":{"RoughMeasure":true,"infoForLog":{"sessionDate":"20190312","sessionPatientID":"empty161211","execTime":"20190312T161228+0530"}},"result":{"L":{"return":true,"Records":[{"Sphere":{"unit":"D","value":-0.22},"Cylinder":{"unit":"D","value":3.23},"Axis":{"unit":"deg","value":128}},{"Sphere":{"unit":"D","value":9.18},"Cylinder":{"unit":"D","value":-5.82},"Axis":{"unit":"deg","value":123}},{"Sphere":{"unit":"D","value":1.02},"Cylinder":{"unit":"D","value":-8.52},"Axis":{"unit":"deg","value":83}}],"Median":{"Sphere":{"unit":"D","value":1.02},"Cylinder":{"unit":"D","value":3.23},"Axis":{"unit":"deg","value":83}}},"R":{"return":true,"Records":[{"Sphere":{"unit":"D","value":-0.63},"Cylinder":{"unit":"D","value":-3.88},"Axis":{"unit":"deg","value":99}},{"Sphere":{"unit":"D","value":2.71},"Cylinder":{"unit":"D","value":8.86},"Axis":{"unit":"deg","value":115}},{"Sphere":{"unit":"D","value":-1.95},"Cylinder":{"unit":"D","value":7.95},"Axis":{"unit":"deg","value":118}}],"Median":{"Sphere":{"unit":"D","value":-0.63},"Cylinder":{"unit":"D","value":-3.88},"Axis":{"unit":"deg","value":99}}},"return":true}},"children":[]},{"date":{"first":"2019-03-12T16:12:28+05:30","last":"2019-03-12T16:12:28+05:30"},"name":"ChronosAlignment2","private":{"param":{"RangeXY":0.2,"RangeZ":0.375,"CorneaDetection":false,"infoForLog":{"sessionDate":"20190312","sessionPatientID":"empty161211","execTime":"20190312T161228+0530"}},"result":{"L":{"return":true,"HPD":{"unit":"mm","value":44.4}},"R":{"return":true,"HPD":{"unit":"mm","value":27.2}},"return":true}},"children":[]},{"date":{"first":"2019-03-12T16:12:28+05:30","last":"2019-03-12T16:12:29+05:30"},"name":"ChronosRef2","private":{"param":{"RoughMeasure":false,"DiopterShift":0,"infoForLog":{"sessionDate":"20190312","sessionPatientID":"empty161211","execTime":"20190312T161228+0530"}},"result":{"L":{"return":true,"Records":[{"Sphere":{"unit":"D","value":9.36},"Cylinder":{"unit":"D","value":-3.28},"Axis":{"unit":"deg","value":60}},{"Sphere":{"unit":"D","value":6.95},"Cylinder":{"unit":"D","value":-2.59},"Axis":{"unit":"deg","value":37}},{"Sphere":{"unit":"D","value":1.92},"Cylinder":{"unit":"D","value":-0.42},"Axis":{"unit":"deg","value":85}}],"Median":{"Sphere":{"unit":"D","value":6.95},"Cylinder":{"unit":"D","value":-2.59},"Axis":{"unit":"deg","value":37}}},"R":{"return":true,"Records":[{"Sphere":{"unit":"D","value":-1.59},"Cylinder":{"unit":"D","value":-8.36},"Axis":{"unit":"deg","value":38}},{"Sphere":{"unit":"D","value":6.9},"Cylinder":{"unit":"D","value":3.03},"Axis":{"unit":"deg","value":1}},{"Sphere":{"unit":"D","value":8},"Cylinder":{"unit":"D","value":-0.04},"Axis":{"unit":"deg","value":136}}],"Median":{"Sphere":{"unit":"D","value":8},"Cylinder":{"unit":"D","value":-8.36},"Axis":{"unit":"deg","value":1}}},"return":true}},"children":[]}]},{"date":{"first":"2019-03-12T16:12:31+05:30","last":"2019-03-12T16:12:31+05:30"},"name":"objective measurement","private":[],"children":[{"date":{"first":"2019-03-12T16:12:31+05:30","last":"2019-03-12T16:12:31+05:30"},"name":"ChronosAlignment2","private":{"param":{"RangeXY":0.2,"RangeZ":0.375,"CorneaDetection":false,"infoForLog":{"sessionDate":"20190312","sessionPatientID":"empty161211","execTime":"20190312T161231+0530"}},"result":{"L":{"return":true,"HPD":{"unit":"mm","value":15.9}},"R":{"return":true,"HPD":{"unit":"mm","value":48}},"return":true}},"children":[]},{"date":{"first":"2019-03-12T16:12:31+05:30","last":"2019-03-12T16:12:31+05:30"},"name":"ChronosRef2","private":{"param":{"RoughMeasure":true,"infoForLog":{"sessionDate":"20190312","sessionPatientID":"empty161211","execTime":"20190312T161231+0530"}},"result":{"L":{"return":true,"Records":[{"Sphere":{"unit":"D","value":9.46},"Cylinder":{"unit":"D","value":-3.84},"Axis":{"unit":"deg","value":151}},{"Sphere":{"unit":"D","value":-9.13},"Cylinder":{"unit":"D","value":8.61},"Axis":{"unit":"deg","value":147}},{"Sphere":{"unit":"D","value":-4.49},"Cylinder":{"unit":"D","value":-6.27},"Axis":{"unit":"deg","value":30}}],"Median":{"Sphere":{"unit":"D","value":-4.49},"Cylinder":{"unit":"D","value":-3.84},"Axis":{"unit":"deg","value":151}}},"R":{"return":true,"Records":[{"Sphere":{"unit":"D","value":-0.09},"Cylinder":{"unit":"D","value":3.61},"Axis":{"unit":"deg","value":123}},{"Sphere":{"unit":"D","value":6.18},"Cylinder":{"unit":"D","value":-8.55},"Axis":{"unit":"deg","value":147}},{"Sphere":{"unit":"D","value":-9.11},"Cylinder":{"unit":"D","value":1.63},"Axis":{"unit":"deg","value":60}}],"Median":{"Sphere":{"unit":"D","value":-9.11},"Cylinder":{"unit":"D","value":3.61},"Axis":{"unit":"deg","value":123}}},"return":true}},"children":[]},{"date":{"first":"2019-03-12T16:12:31+05:30","last":"2019-03-12T16:12:31+05:30"},"name":"ChronosAlignment2","private":{"param":{"RangeXY":0.2,"RangeZ":0.375,"CorneaDetection":false,"infoForLog":{"sessionDate":"20190312","sessionPatientID":"empty161211","execTime":"20190312T161231+0530"}},"result":{"L":{"return":true,"HPD":{"unit":"mm","value":10.5}},"R":{"return":true,"HPD":{"unit":"mm","value":34.3}},"return":true}},"children":[]},{"date":{"first":"2019-03-12T16:12:31+05:30","last":"2019-03-12T16:12:31+05:30"},"name":"ChronosRef2","private":{"param":{"RoughMeasure":false,"DiopterShift":0,"infoForLog":{"sessionDate":"20190312","sessionPatientID":"empty161211","execTime":"20190312T161231+0530"}},"result":{"L":{"return":true,"Records":[{"Sphere":{"unit":"D","value":-8.4},"Cylinder":{"unit":"D","value":-3.09},"Axis":{"unit":"deg","value":58}},{"Sphere":{"unit":"D","value":6.04},"Cylinder":{"unit":"D","value":-6.22},"Axis":{"unit":"deg","value":113}},{"Sphere":{"unit":"D","value":-9.21},"Cylinder":{"unit":"D","value":5.19},"Axis":{"unit":"deg","value":131}}],"Median":{"Sphere":{"unit":"D","value":6.04},"Cylinder":{"unit":"D","value":-3.09},"Axis":{"unit":"deg","value":131}}},"R":{"return":true,"Records":[{"Sphere":{"unit":"D","value":-0.65},"Cylinder":{"unit":"D","value":2.67},"Axis":{"unit":"deg","value":139}},{"Sphere":{"unit":"D","value":7.87},"Cylinder":{"unit":"D","value":-8.5},"Axis":{"unit":"deg","value":14}},{"Sphere":{"unit":"D","value":6.78},"Cylinder":{"unit":"D","value":-8.72},"Axis":{"unit":"deg","value":121}}],"Median":{"Sphere":{"unit":"D","value":6.78},"Cylinder":{"unit":"D","value":2.67},"Axis":{"unit":"deg","value":121}}},"return":true}},"children":[]}]}]}