{"refraction":{"VD":{"unit":"mm","value":13.75},"R":{"List":{"1":{"Sphere":{"unit":"D","value":-6.91},"Cylinder":{"unit":"D","value":1.47},"Axis":{"unit":"deg","value":173}},"2":{"Sphere":{"unit":"D","value":5.23},"Cylinder":{"unit":"D","value":-9.14},"Axis":{"unit":"deg","value":83}},"3":{"Sphere":{"unit":"D","value":-0.86},"Cylinder":{"unit":"D","value":-2.64},"Axis":{"unit":"deg","value":15}}},"Median":{"Sphere":{"unit":"D","value":-0.86},"Cylinder":{"unit":"D","value":-2.64},"Axis":{"unit":"deg","value":173}},"TargetEye":"Bino"},"L":{"List":{"1":{"Sphere":{"unit":"D","value":-5.83},"Cylinder":{"unit":"D","value":4.01},"Axis":{"unit":"deg","value":178}},"2":{"Sphere":{"unit":"D","value":-6.96},"Cylinder":{"unit":"D","value":4.89},"Axis":{"unit":"deg","value":119}},"3":{"Sphere":{"unit":"D","value":-8.79},"Cylinder":{"unit":"D","value":-9.68},"Axis":{"unit":"deg","value":78}}},"Median":{"Sphere":{"unit":"D","value":-8.79},"Cylinder":{"unit":"D","value":4.01},"Axis":{"unit":"deg","value":178}},"TargetEye":"Bino"}},"PD":{"Distance":{"value":72.3,"unit":"mm"}}}