{"refraction":{"VD":{"unit":"mm","value":13.75},"R":{"List":{"1":{"Sphere":{"unit":"D","value":-0.65},"Cylinder":{"unit":"D","value":2.67},"Axis":{"unit":"deg","value":139}},"2":{"Sphere":{"unit":"D","value":7.87},"Cylinder":{"unit":"D","value":-8.5},"Axis":{"unit":"deg","value":14}},"3":{"Sphere":{"unit":"D","value":6.78},"Cylinder":{"unit":"D","value":-8.72},"Axis":{"unit":"deg","value":121}}},"Median":{"Sphere":{"unit":"D","value":6.78},"Cylinder":{"unit":"D","value":2.67},"Axis":{"unit":"deg","value":121}},"TargetEye":"Bino"},"L":{"List":{"1":{"Sphere":{"unit":"D","value":-8.4},"Cylinder":{"unit":"D","value":-3.09},"Axis":{"unit":"deg","value":58}},"2":{"Sphere":{"unit":"D","value":6.04},"Cylinder":{"unit":"D","value":-6.22},"Axis":{"unit":"deg","value":113}},"3":{"Sphere":{"unit":"D","value":-9.21},"Cylinder":{"unit":"D","value":5.19},"Axis":{"unit":"deg","value":131}}},"Median":{"Sphere":{"unit":"D","value":6.04},"Cylinder":{"unit":"D","value":-3.09},"Axis":{"unit":"deg","value":131}},"TargetEye":"Bino"}},"PD":{"Distance":{"value":63.9,"unit":"mm"}}}