{"refraction":{"VD":{"unit":"mm","value":13.75},"R":{"List":{"1":{"Sphere":{"unit":"D","value":-6.13},"Cylinder":{"unit":"D","value":-6.99},"Axis":{"unit":"deg","value":6}},"2":{"Sphere":{"unit":"D","value":-6.15},"Cylinder":{"unit":"D","value":5.18},"Axis":{"unit":"deg","value":1}},"3":{"Sphere":{"unit":"D","value":1.74},"Cylinder":{"unit":"D","value":2.26},"Axis":{"unit":"deg","value":37}}},"Median":{"Sphere":{"unit":"D","value":1.74},"Cylinder":{"unit":"D","value":2.26},"Axis":{"unit":"deg","value":37}},"TargetEye":"Bino"},"L":{"List":{"1":{"Sphere":{"unit":"D","value":0.71},"Cylinder":{"unit":"D","value":-5.9},"Axis":{"unit":"deg","value":29}},"2":{"Sphere":{"unit":"D","value":2.85},"Cylinder":{"unit":"D","value":-7.56},"Axis":{"unit":"deg","value":173}},"3":{"Sphere":{"unit":"D","value":6.36},"Cylinder":{"unit":"D","value":-0.77},"Axis":{"unit":"deg","value":72}}},"Median":{"Sphere":{"unit":"D","value":6.36},"Cylinder":{"unit":"D","value":-7.56},"Axis":{"unit":"deg","value":29}},"TargetEye":"Bino"}},"PD":{"Distance":{"value":24,"unit":"mm"}}}