{"refraction":{"VD":{"unit":"mm","value":13.75},"R":{"List":{"1":{"Sphere":{"unit":"D","value":4.25},"Cylinder":{"unit":"D","value":6.3},"Axis":{"unit":"deg","value":43}},"2":{"Sphere":{"unit":"D","value":1.92},"Cylinder":{"unit":"D","value":-4.74},"Axis":{"unit":"deg","value":116}},"3":{"Sphere":{"unit":"D","value":8.39},"Cylinder":{"unit":"D","value":-9.72},"Axis":{"unit":"deg","value":16}}},"Median":{"Sphere":{"unit":"D","value":1.92},"Cylinder":{"unit":"D","value":-4.74},"Axis":{"unit":"deg","value":16}},"TargetEye":"Bino"},"L":{"List":{"1":{"Sphere":{"unit":"D","value":0.68},"Cylinder":{"unit":"D","value":-1.23},"Axis":{"unit":"deg","value":168}},"2":{"Sphere":{"unit":"D","value":-7.24},"Cylinder":{"unit":"D","value":0.29},"Axis":{"unit":"deg","value":113}},"3":{"Sphere":{"unit":"D","value":-8.57},"Cylinder":{"unit":"D","value":2.57},"Axis":{"unit":"deg","value":157}}},"Median":{"Sphere":{"unit":"D","value":0.68},"Cylinder":{"unit":"D","value":2.57},"Axis":{"unit":"deg","value":168}},"TargetEye":"Bino"}},"PD":{"Distance":{"value":78.5,"unit":"mm"}}}