{"refraction":{"VD":{"unit":"mm","value":13.75},"R":{"List":{"1":{"Sphere":{"unit":"D","value":-1.54},"Cylinder":{"unit":"D","value":-6.72},"Axis":{"unit":"deg","value":160}},"2":{"Sphere":{"unit":"D","value":8.49},"Cylinder":{"unit":"D","value":0.25},"Axis":{"unit":"deg","value":166}},"3":{"Sphere":{"unit":"D","value":2.46},"Cylinder":{"unit":"D","value":9.66},"Axis":{"unit":"deg","value":114}}},"Median":{"Sphere":{"unit":"D","value":2.46},"Cylinder":{"unit":"D","value":0.25},"Axis":{"unit":"deg","value":166}},"TargetEye":"Bino"},"L":{"List":{"1":{"Sphere":{"unit":"D","value":-5.36},"Cylinder":{"unit":"D","value":1.85},"Axis":{"unit":"deg","value":73}},"2":{"Sphere":{"unit":"D","value":5.62},"Cylinder":{"unit":"D","value":8.27},"Axis":{"unit":"deg","value":122}},"3":{"Sphere":{"unit":"D","value":-9.79},"Cylinder":{"unit":"D","value":-1.43},"Axis":{"unit":"deg","value":65}}},"Median":{"Sphere":{"unit":"D","value":-5.36},"Cylinder":{"unit":"D","value":1.85},"Axis":{"unit":"deg","value":122}},"TargetEye":"Bino"}},"PD":{"Distance":{"value":75,"unit":"mm"}}}