{"refraction":{"VD":{"unit":"mm","value":13.75},"R":{"List":{"1":{"Sphere":{"unit":"D","value":-8.81},"Cylinder":{"unit":"D","value":4.74},"Axis":{"unit":"deg","value":56}},"2":{"Sphere":{"unit":"D","value":-5.77},"Cylinder":{"unit":"D","value":7.57},"Axis":{"unit":"deg","value":62}},"3":{"Sphere":{"unit":"D","value":-3.43},"Cylinder":{"unit":"D","value":1.86},"Axis":{"unit":"deg","value":32}}},"Median":{"Sphere":{"unit":"D","value":-5.77},"Cylinder":{"unit":"D","value":4.74},"Axis":{"unit":"deg","value":32}},"TargetEye":"R"},"L":{"List":{"1":[],"2":[],"3":[]},"Median":[]}},"PD":{"Distance":{"value":0,"unit":""}}}