{"refraction":{"VD":{"unit":"mm","value":13.75},"R":{"List":{"1":{"Sphere":{"unit":"D","value":3.73},"Cylinder":{"unit":"D","value":-9.56},"Axis":{"unit":"deg","value":61}},"2":{"Sphere":{"unit":"D","value":-1.27},"Cylinder":{"unit":"D","value":-4.04},"Axis":{"unit":"deg","value":115}},"3":{"Sphere":{"unit":"D","value":-8.62},"Cylinder":{"unit":"D","value":7.39},"Axis":{"unit":"deg","value":64}}},"Median":{"Sphere":{"unit":"D","value":3.73},"Cylinder":{"unit":"D","value":-9.56},"Axis":{"unit":"deg","value":64}},"TargetEye":"Bino"},"L":{"List":{"1":{"Sphere":{"unit":"D","value":2.1},"Cylinder":{"unit":"D","value":-4.94},"Axis":{"unit":"deg","value":58}},"2":{"Sphere":{"unit":"D","value":-7.98},"Cylinder":{"unit":"D","value":-8.73},"Axis":{"unit":"deg","value":75}},"3":{"Sphere":{"unit":"D","value":-9.61},"Cylinder":{"unit":"D","value":7.9},"Axis":{"unit":"deg","value":147}}},"Median":{"Sphere":{"unit":"D","value":-9.61},"Cylinder":{"unit":"D","value":-8.73},"Axis":{"unit":"deg","value":75}},"TargetEye":"Bino"}},"PD":{"Distance":{"value":46.7,"unit":"mm"}}}