{"refraction":{"VD":{"unit":"mm","value":13.75},"R":{"List":{"1":{"Sphere":{"unit":"D","value":-5.28},"Cylinder":{"unit":"D","value":-8.64},"Axis":{"unit":"deg","value":9}},"2":{"Sphere":{"unit":"D","value":-0.77},"Cylinder":{"unit":"D","value":-5.36},"Axis":{"unit":"deg","value":141}},"3":{"Sphere":{"unit":"D","value":6.9},"Cylinder":{"unit":"D","value":-9.01},"Axis":{"unit":"deg","value":74}}},"Median":{"Sphere":{"unit":"D","value":6.9},"Cylinder":{"unit":"D","value":-8.64},"Axis":{"unit":"deg","value":74}},"TargetEye":"Bino"},"L":{"List":{"1":{"Sphere":{"unit":"D","value":4.01},"Cylinder":{"unit":"D","value":-7.06},"Axis":{"unit":"deg","value":45}},"2":{"Sphere":{"unit":"D","value":-0.81},"Cylinder":{"unit":"D","value":-1.46},"Axis":{"unit":"deg","value":38}},"3":{"Sphere":{"unit":"D","value":1.33},"Cylinder":{"unit":"D","value":-8.14},"Axis":{"unit":"deg","value":75}}},"Median":{"Sphere":{"unit":"D","value":4.01},"Cylinder":{"unit":"D","value":-8.14},"Axis":{"unit":"deg","value":45}},"TargetEye":"Bino"}},"PD":{"Distance":{"value":49.5,"unit":"mm"}}}