{"refraction":{"VD":{"unit":"mm","value":13.75},"R":{"List":{"1":{"Sphere":{"unit":"D","value":-5.52},"Cylinder":{"unit":"D","value":3.11},"Axis":{"unit":"deg","value":10}},"2":{"Sphere":{"unit":"D","value":3.35},"Cylinder":{"unit":"D","value":9.69},"Axis":{"unit":"deg","value":111}},"3":{"Sphere":{"unit":"D","value":4.91},"Cylinder":{"unit":"D","value":8.32},"Axis":{"unit":"deg","value":46}}},"Median":{"Sphere":{"unit":"D","value":-5.52},"Cylinder":{"unit":"D","value":9.69},"Axis":{"unit":"deg","value":46}},"TargetEye":"Bino"},"L":{"List":{"1":{"Sphere":{"unit":"D","value":6.13},"Cylinder":{"unit":"D","value":1.92},"Axis":{"unit":"deg","value":105}},"2":{"Sphere":{"unit":"D","value":-0.7},"Cylinder":{"unit":"D","value":-2.94},"Axis":{"unit":"deg","value":117}},"3":{"Sphere":{"unit":"D","value":-7.4},"Cylinder":{"unit":"D","value":-2.39},"Axis":{"unit":"deg","value":140}}},"Median":{"Sphere":{"unit":"D","value":-0.7},"Cylinder":{"unit":"D","value":-2.94},"Axis":{"unit":"deg","value":140}},"TargetEye":"Bino"}},"PD":{"Distance":{"value":56.9,"unit":"mm"}}}