{"refraction":{"VD":{"unit":"mm","value":13.75},"R":{"List":{"1":{"Sphere":{"unit":"D","value":-1.54},"Cylinder":{"unit":"D","value":-6.72},"Axis":{"unit":"deg","value":160}},"2":{"Sphere":{"unit":"D","value":8.49},"Cylinder":{"unit":"D","value":0.25},"Axis":{"unit":"deg","value":166}},"3":{"Sphere":{"unit":"D","value":2.46},"Cylinder":{"unit":"D","value":9.66},"Axis":{"unit":"deg","value":114}}},"Median":{"Sphere":{"unit":"D","value":2.46},"Cylinder":{"unit":"D","value":0.25},"Axis":{"unit":"deg","value":166}},"TargetEye":"Bino"},"L":{"List":{"1":{"Sphere":{"unit":"D","value":0.85},"Cylinder":{"unit":"D","value":-7.86},"Axis":{"unit":"deg","value":32}},"2":{"Sphere":{"unit":"D","value":3.82},"Cylinder":{"unit":"D","value":0.57},"Axis":{"unit":"deg","value":39}},"3":{"Sphere":{"unit":"D","value":8.59},"Cylinder":{"unit":"D","value":8.82},"Axis":{"unit":"deg","value":107}}},"Median":{"Sphere":{"unit":"D","value":3.82},"Cylinder":{"unit":"D","value":8.82},"Axis":{"unit":"deg","value":39}},"TargetEye":"L"}},"PD":{"Distance":{"value":0,"unit":""}}}