{"refraction":{"VD":{"unit":"mm","value":13.75},"R":{"List":{"1":{"Sphere":{"unit":"D","value":-1.59},"Cylinder":{"unit":"D","value":-8.36},"Axis":{"unit":"deg","value":38}},"2":{"Sphere":{"unit":"D","value":6.9},"Cylinder":{"unit":"D","value":3.03},"Axis":{"unit":"deg","value":1}},"3":{"Sphere":{"unit":"D","value":8},"Cylinder":{"unit":"D","value":-0.04},"Axis":{"unit":"deg","value":136}}},"Median":{"Sphere":{"unit":"D","value":8},"Cylinder":{"unit":"D","value":-8.36},"Axis":{"unit":"deg","value":1}},"TargetEye":"Bino"},"L":{"List":{"1":{"Sphere":{"unit":"D","value":9.36},"Cylinder":{"unit":"D","value":-3.28},"Axis":{"unit":"deg","value":60}},"2":{"Sphere":{"unit":"D","value":6.95},"Cylinder":{"unit":"D","value":-2.59},"Axis":{"unit":"deg","value":37}},"3":{"Sphere":{"unit":"D","value":1.92},"Cylinder":{"unit":"D","value":-0.42},"Axis":{"unit":"deg","value":85}}},"Median":{"Sphere":{"unit":"D","value":6.95},"Cylinder":{"unit":"D","value":-2.59},"Axis":{"unit":"deg","value":37}},"TargetEye":"Bino"}},"PD":{"Distance":{"value":53.3,"unit":"mm"}}}