{"date":{"first":"2019-03-13T12:36:30+05:30","last":""},"name":"One cycle of eye examination","private":{"sessionDate":"20190313","sessionTime":"123630","patientID":""},"children":[{"date":{"first":"2019-03-13T14:10:19+05:30","last":"2019-03-13T14:10:19+05:30"},"name":"objective measurement","private":[],"children":[{"date":{"first":"2019-03-13T14:10:19+05:30","last":"2019-03-13T14:10:19+05:30"},"name":"ChronosAlignment2","private":{"param":{"RangeXY":0.2,"RangeZ":0.375,"CorneaDetection":false,"infoForLog":{"sessionDate":"20190313","sessionPatientID":"empty123630","execTime":"20190313T141019+0530"}},"result":{"L":{"return":true,"HPD":{"unit":"mm","value":14}},"R":{"return":true,"HPD":{"unit":"mm","value":48.9}},"return":true}},"children":[]},{"date":{"first":"2019-03-13T14:10:19+05:30","last":"2019-03-13T14:10:19+05:30"},"name":"ChronosRef2","private":{"param":{"RoughMeasure":true,"infoForLog":{"sessionDate":"20190313","sessionPatientID":"empty123630","execTime":"20190313T141019+0530"}},"result":{"L":{"return":true,"Records":[{"Sphere":{"unit":"D","value":-0.6},"Cylinder":{"unit":"D","value":-1.27},"Axis":{"unit":"deg","value":20}},{"Sphere":{"unit":"D","value":-0.88},"Cylinder":{"unit":"D","value":-4.28},"Axis":{"unit":"deg","value":28}},{"Sphere":{"unit":"D","value":-9.35},"Cylinder":{"unit":"D","value":-2.8},"Axis":{"unit":"deg","value":159}}],"Median":{"Sphere":{"unit":"D","value":-9.35},"Cylinder":{"unit":"D","value":-2.8},"Axis":{"unit":"deg","value":28}}},"R":{"return":true,"Records":[{"Sphere":{"unit":"D","value":2.85},"Cylinder":{"unit":"D","value":-1.7},"Axis":{"unit":"deg","value":94}},{"Sphere":{"unit":"D","value":6.03},"Cylinder":{"unit":"D","value":0.11},"Axis":{"unit":"deg","value":176}},{"Sphere":{"unit":"D","value":-5.35},"Cylinder":{"unit":"D","value":-0.5},"Axis":{"unit":"deg","value":36}}],"Median":{"Sphere":{"unit":"D","value":2.85},"Cylinder":{"unit":"D","value":0.11},"Axis":{"unit":"deg","value":94}}},"return":true}},"children":[]},{"date":{"first":"2019-03-13T14:10:19+05:30","last":"2019-03-13T14:10:19+05:30"},"name":"ChronosAlignment2","private":{"param":{"RangeXY":0.2,"RangeZ":0.375,"CorneaDetection":false,"infoForLog":{"sessionDate":"20190313","sessionPatientID":"empty123630","execTime":"20190313T141019+0530"}},"result":{"L":{"return":true,"HPD":{"unit":"mm","value":37.9}},"R":{"return":true,"HPD":{"unit":"mm","value":43.7}},"return":true}},"children":[]},{"date":{"first":"2019-03-13T14:10:19+05:30","last":"2019-03-13T14:10:19+05:30"},"name":"ChronosRef2","private":{"param":{"RoughMeasure":false,"DiopterShift":0,"infoForLog":{"sessionDate":"20190313","sessionPatientID":"empty123630","execTime":"20190313T141019+0530"}},"result":{"L":{"return":true,"Records":[{"Sphere":{"unit":"D","value":-6.94},"Cylinder":{"unit":"D","value":6.11},"Axis":{"unit":"deg","value":89}},{"Sphere":{"unit":"D","value":9.9},"Cylinder":{"unit":"D","value":-5.85},"Axis":{"unit":"deg","value":27}},{"Sphere":{"unit":"D","value":-5.27},"Cylinder":{"unit":"D","value":3.11},"Axis":{"unit":"deg","value":164}}],"Median":{"Sphere":{"unit":"D","value":-5.27},"Cylinder":{"unit":"D","value":3.11},"Axis":{"unit":"deg","value":89}}},"R":{"return":true,"Records":[{"Sphere":{"unit":"D","value":4.55},"Cylinder":{"unit":"D","value":4.28},"Axis":{"unit":"deg","value":60}},{"Sphere":{"unit":"D","value":8.01},"Cylinder":{"unit":"D","value":7.65},"Axis":{"unit":"deg","value":91}},{"Sphere":{"unit":"D","value":-7.89},"Cylinder":{"unit":"D","value":9.27},"Axis":{"unit":"deg","value":128}}],"Median":{"Sphere":{"unit":"D","value":4.55},"Cylinder":{"unit":"D","value":4.28},"Axis":{"unit":"deg","value":128}}},"return":true}},"children":[]}]},{"date":{"first":"2019-03-13T14:10:49+05:30","last":"2019-03-13T14:10:50+05:30"},"name":"objective measurement","private":[],"children":[{"date":{"first":"2019-03-13T14:10:49+05:30","last":"2019-03-13T14:10:49+05:30"},"name":"ChronosAlignment2","private":{"param":{"RangeXY":0.2,"RangeZ":0.375,"CorneaDetection":false,"infoForLog":{"sessionDate":"20190313","sessionPatientID":"empty123630","execTime":"20190313T141049+0530"}},"result":{"L":{"return":true,"HPD":{"unit":"mm","value":23.9}},"R":{"return":true,"HPD":{"unit":"mm","value":20.4}},"return":true}},"children":[]},{"date":{"first":"2019-03-13T14:10:49+05:30","last":"2019-03-13T14:10:49+05:30"},"name":"ChronosRef2","private":{"param":{"RoughMeasure":true,"infoForLog":{"sessionDate":"20190313","sessionPatientID":"empty123630","execTime":"20190313T141049+0530"}},"result":{"L":{"return":true,"Records":[{"Sphere":{"unit":"D","value":-6.31},"Cylinder":{"unit":"D","value":9.25},"Axis":{"unit":"deg","value":140}},{"Sphere":{"unit":"D","value":3.53},"Cylinder":{"unit":"D","value":2.49},"Axis":{"unit":"deg","value":2}},{"Sphere":{"unit":"D","value":-0.94},"Cylinder":{"unit":"D","value":-8.73},"Axis":{"unit":"deg","value":149}}],"Median":{"Sphere":{"unit":"D","value":3.53},"Cylinder":{"unit":"D","value":9.25},"Axis":{"unit":"deg","value":149}}},"R":{"return":true,"Records":[{"Sphere":{"unit":"D","value":-6.44},"Cylinder":{"unit":"D","value":-1.53},"Axis":{"unit":"deg","value":86}},{"Sphere":{"unit":"D","value":4.37},"Cylinder":{"unit":"D","value":2.75},"Axis":{"unit":"deg","value":70}},{"Sphere":{"unit":"D","value":-0.18},"Cylinder":{"unit":"D","value":1.51},"Axis":{"unit":"deg","value":1}}],"Median":{"Sphere":{"unit":"D","value":-6.44},"Cylinder":{"unit":"D","value":1.51},"Axis":{"unit":"deg","value":1}}},"return":true}},"children":[]},{"date":{"first":"2019-03-13T14:10:49+05:30","last":"2019-03-13T14:10:49+05:30"},"name":"ChronosAlignment2","private":{"param":{"RangeXY":0.2,"RangeZ":0.375,"CorneaDetection":false,"infoForLog":{"sessionDate":"20190313","sessionPatientID":"empty123630","execTime":"20190313T141049+0530"}},"result":{"L":{"return":true,"HPD":{"unit":"mm","value":18}},"R":{"return":true,"HPD":{"unit":"mm","value":49.9}},"return":true}},"children":[]},{"date":{"first":"2019-03-13T14:10:49+05:30","last":"2019-03-13T14:10:49+05:30"},"name":"ChronosRef2","private":{"param":{"RoughMeasure":false,"DiopterShift":0,"infoForLog":{"sessionDate":"20190313","sessionPatientID":"empty123630","execTime":"20190313T141049+0530"}},"result":{"L":{"return":true,"Records":[{"Sphere":{"unit":"D","value":8.3},"Cylinder":{"unit":"D","value":-1.83},"Axis":{"unit":"deg","value":87}},{"Sphere":{"unit":"D","value":7.36},"Cylinder":{"unit":"D","value":6.04},"Axis":{"unit":"deg","value":60}},{"Sphere":{"unit":"D","value":2.55},"Cylinder":{"unit":"D","value":-7.98},"Axis":{"unit":"deg","value":168}}],"Median":{"Sphere":{"unit":"D","value":2.55},"Cylinder":{"unit":"D","value":-7.98},"Axis":{"unit":"deg","value":60}}},"R":{"return":true,"Records":[{"Sphere":{"unit":"D","value":7.64},"Cylinder":{"unit":"D","value":9.85},"Axis":{"unit":"deg","value":83}},{"Sphere":{"unit":"D","value":-4.29},"Cylinder":{"unit":"D","value":0.13},"Axis":{"unit":"deg","value":116}},{"Sphere":{"unit":"D","value":9.07},"Cylinder":{"unit":"D","value":1.11},"Axis":{"unit":"deg","value":43}}],"Median":{"Sphere":{"unit":"D","value":7.64},"Cylinder":{"unit":"D","value":0.13},"Axis":{"unit":"deg","value":116}}},"return":true}},"children":[]}]},{"date":{"first":"2019-03-13T14:10:50+05:30","last":"2019-03-13T14:10:51+05:30"},"name":"objective measurement","private":[],"children":[{"date":{"first":"2019-03-13T14:10:51+05:30","last":"2019-03-13T14:10:51+05:30"},"name":"ChronosAlignment2","private":{"param":{"RangeXY":0.2,"RangeZ":0.375,"CorneaDetection":false,"infoForLog":{"sessionDate":"20190313","sessionPatientID":"empty123630","execTime":"20190313T141051+0530"}},"result":{"L":{"return":true,"HPD":{"unit":"mm","value":27.7}},"R":{"return":true,"HPD":{"unit":"mm","value":48.3}},"return":true}},"children":[]},{"date":{"first":"2019-03-13T14:10:51+05:30","last":"2019-03-13T14:10:51+05:30"},"name":"ChronosRef2","private":{"param":{"RoughMeasure":true,"infoForLog":{"sessionDate":"20190313","sessionPatientID":"empty123630","execTime":"20190313T141051+0530"}},"result":{"L":{"return":true,"Records":[{"Sphere":{"unit":"D","value":-4.51},"Cylinder":{"unit":"D","value":-7.23},"Axis":{"unit":"deg","value":78}},{"Sphere":{"unit":"D","value":3.34},"Cylinder":{"unit":"D","value":-6.13},"Axis":{"unit":"deg","value":33}},{"Sphere":{"unit":"D","value":-8.17},"Cylinder":{"unit":"D","value":-0.28},"Axis":{"unit":"deg","value":63}}],"Median":{"Sphere":{"unit":"D","value":-4.51},"Cylinder":{"unit":"D","value":-6.13},"Axis":{"unit":"deg","value":33}}},"R":{"return":true,"Records":[{"Sphere":{"unit":"D","value":-4.58},"Cylinder":{"unit":"D","value":-6.29},"Axis":{"unit":"deg","value":170}},{"Sphere":{"unit":"D","value":-0.35},"Cylinder":{"unit":"D","value":-9.25},"Axis":{"unit":"deg","value":146}},{"Sphere":{"unit":"D","value":7.39},"Cylinder":{"unit":"D","value":-4.3},"Axis":{"unit":"deg","value":61}}],"Median":{"Sphere":{"unit":"D","value":7.39},"Cylinder":{"unit":"D","value":-9.25},"Axis":{"unit":"deg","value":146}}},"return":true}},"children":[]},{"date":{"first":"2019-03-13T14:10:51+05:30","last":"2019-03-13T14:10:51+05:30"},"name":"ChronosAlignment2","private":{"param":{"RangeXY":0.2,"RangeZ":0.375,"CorneaDetection":false,"infoForLog":{"sessionDate":"20190313","sessionPatientID":"empty123630","execTime":"20190313T141051+0530"}},"result":{"L":{"return":true,"HPD":{"unit":"mm","value":25}},"R":{"return":true,"HPD":{"unit":"mm","value":20.1}},"return":true}},"children":[]},{"date":{"first":"2019-03-13T14:10:51+05:30","last":"2019-03-13T14:10:51+05:30"},"name":"ChronosRef2","private":{"param":{"RoughMeasure":false,"DiopterShift":0,"infoForLog":{"sessionDate":"20190313","sessionPatientID":"empty123630","execTime":"20190313T141051+0530"}},"result":{"L":{"return":true,"Records":[{"Sphere":{"unit":"D","value":9.85},"Cylinder":{"unit":"D","value":-2.62},"Axis":{"unit":"deg","value":5}},{"Sphere":{"unit":"D","value":-1.95},"Cylinder":{"unit":"D","value":2.12},"Axis":{"unit":"deg","value":145}},{"Sphere":{"unit":"D","value":2.83},"Cylinder":{"unit":"D","value":-2.49},"Axis":{"unit":"deg","value":121}}],"Median":{"Sphere":{"unit":"D","value":9.85},"Cylinder":{"unit":"D","value":-2.62},"Axis":{"unit":"deg","value":145}}},"R":{"return":true,"Records":[{"Sphere":{"unit":"D","value":8.71},"Cylinder":{"unit":"D","value":6.99},"Axis":{"unit":"deg","value":13}},{"Sphere":{"unit":"D","value":-4.21},"Cylinder":{"unit":"D","value":3.88},"Axis":{"unit":"deg","value":165}},{"Sphere":{"unit":"D","value":-9.67},"Cylinder":{"unit":"D","value":-3.32},"Axis":{"unit":"deg","value":5}}],"Median":{"Sphere":{"unit":"D","value":8.71},"Cylinder":{"unit":"D","value":6.99},"Axis":{"unit":"deg","value":13}}},"return":true}},"children":[]}]},{"date":{"first":"2019-03-13T14:10:51+05:30","last":"2019-03-13T14:10:51+05:30"},"name":"objective measurement","private":[],"children":[{"date":{"first":"2019-03-13T14:10:51+05:30","last":"2019-03-13T14:10:51+05:30"},"name":"ChronosAlignment2","private":{"param":{"RangeXY":0.2,"RangeZ":0.375,"CorneaDetection":false,"infoForLog":{"sessionDate":"20190313","sessionPatientID":"empty123630","execTime":"20190313T141051+0530"}},"result":{"L":{"return":true,"HPD":{"unit":"mm","value":19.8}},"R":{"return":true,"HPD":{"unit":"mm","value":38.6}},"return":true}},"children":[]},{"date":{"first":"2019-03-13T14:10:51+05:30","last":"2019-03-13T14:10:51+05:30"},"name":"ChronosRef2","private":{"param":{"RoughMeasure":true,"infoForLog":{"sessionDate":"20190313","sessionPatientID":"empty123630","execTime":"20190313T141051+0530"}},"result":{"L":{"return":true,"Records":[{"Sphere":{"unit":"D","value":9.35},"Cylinder":{"unit":"D","value":2.04},"Axis":{"unit":"deg","value":25}},{"Sphere":{"unit":"D","value":-2.48},"Cylinder":{"unit":"D","value":2.7},"Axis":{"unit":"deg","value":110}},{"Sphere":{"unit":"D","value":-2.15},"Cylinder":{"unit":"D","value":1.41},"Axis":{"unit":"deg","value":5}}],"Median":{"Sphere":{"unit":"D","value":-2.15},"Cylinder":{"unit":"D","value":2.04},"Axis":{"unit":"deg","value":25}}},"R":{"return":true,"Records":[{"Sphere":{"unit":"D","value":-2.62},"Cylinder":{"unit":"D","value":-4.47},"Axis":{"unit":"deg","value":73}},{"Sphere":{"unit":"D","value":-2.14},"Cylinder":{"unit":"D","value":8.71},"Axis":{"unit":"deg","value":158}},{"Sphere":{"unit":"D","value":5.4},"Cylinder":{"unit":"D","value":3.41},"Axis":{"unit":"deg","value":139}}],"Median":{"Sphere":{"unit":"D","value":5.4},"Cylinder":{"unit":"D","value":-4.47},"Axis":{"unit":"deg","value":73}}},"return":true}},"children":[]},{"date":{"first":"2019-03-13T14:10:51+05:30","last":"2019-03-13T14:10:51+05:30"},"name":"ChronosAlignment2","private":{"param":{"RangeXY":0.2,"RangeZ":0.375,"CorneaDetection":false,"infoForLog":{"sessionDate":"20190313","sessionPatientID":"empty123630","execTime":"20190313T141051+0530"}},"result":{"L":{"return":true,"HPD":{"unit":"mm","value":11.5}},"R":{"return":true,"HPD":{"unit":"mm","value":29}},"return":true}},"children":[]},{"date":{"first":"2019-03-13T14:10:51+05:30","last":"2019-03-13T14:10:51+05:30"},"name":"ChronosRef2","private":{"param":{"RoughMeasure":false,"DiopterShift":0,"infoForLog":{"sessionDate":"20190313","sessionPatientID":"empty123630","execTime":"20190313T141051+0530"}},"result":{"L":{"return":true,"Records":[{"Sphere":{"unit":"D","value":1.54},"Cylinder":{"unit":"D","value":9.17},"Axis":{"unit":"deg","value":47}},{"Sphere":{"unit":"D","value":-0.68},"Cylinder":{"unit":"D","value":-8.94},"Axis":{"unit":"deg","value":178}},{"Sphere":{"unit":"D","value":-2.32},"Cylinder":{"unit":"D","value":-7.37},"Axis":{"unit":"deg","value":35}}],"Median":{"Sphere":{"unit":"D","value":-0.68},"Cylinder":{"unit":"D","value":9.17},"Axis":{"unit":"deg","value":178}}},"R":{"return":true,"Records":[{"Sphere":{"unit":"D","value":3.58},"Cylinder":{"unit":"D","value":-2.5},"Axis":{"unit":"deg","value":146}},{"Sphere":{"unit":"D","value":-2.91},"Cylinder":{"unit":"D","value":5.98},"Axis":{"unit":"deg","value":138}},{"Sphere":{"unit":"D","value":-3.25},"Cylinder":{"unit":"D","value":-5.93},"Axis":{"unit":"deg","value":32}}],"Median":{"Sphere":{"unit":"D","value":3.58},"Cylinder":{"unit":"D","value":-2.5},"Axis":{"unit":"deg","value":32}}},"return":true}},"children":[]}]},{"date":{"first":"2019-03-13T14:10:51+05:30","last":"2019-03-13T14:10:52+05:30"},"name":"objective measurement","private":[],"children":[{"date":{"first":"2019-03-13T14:10:51+05:30","last":"2019-03-13T14:10:51+05:30"},"name":"ChronosAlignment2","private":{"param":{"RangeXY":0.2,"RangeZ":0.375,"CorneaDetection":false,"infoForLog":{"sessionDate":"20190313","sessionPatientID":"empty123630","execTime":"20190313T141051+0530"}},"result":{"L":{"return":true,"HPD":{"unit":"mm","value":46.4}},"R":{"return":true,"HPD":{"unit":"mm","value":45.8}},"return":true}},"children":[]},{"date":{"first":"2019-03-13T14:10:51+05:30","last":"2019-03-13T14:10:51+05:30"},"name":"ChronosRef2","private":{"param":{"RoughMeasure":true,"infoForLog":{"sessionDate":"20190313","sessionPatientID":"empty123630","execTime":"20190313T141051+0530"}},"result":{"L":{"return":true,"Records":[{"Sphere":{"unit":"D","value":2.16},"Cylinder":{"unit":"D","value":-2.13},"Axis":{"unit":"deg","value":109}},{"Sphere":{"unit":"D","value":2.2},"Cylinder":{"unit":"D","value":8.38},"Axis":{"unit":"deg","value":64}},{"Sphere":{"unit":"D","value":-8.04},"Cylinder":{"unit":"D","value":8.2},"Axis":{"unit":"deg","value":115}}],"Median":{"Sphere":{"unit":"D","value":-8.04},"Cylinder":{"unit":"D","value":-2.13},"Axis":{"unit":"deg","value":64}}},"R":{"return":true,"Records":[{"Sphere":{"unit":"D","value":1.76},"Cylinder":{"unit":"D","value":-5.42},"Axis":{"unit":"deg","value":110}},{"Sphere":{"unit":"D","value":3.17},"Cylinder":{"unit":"D","value":3.17},"Axis":{"unit":"deg","value":80}},{"Sphere":{"unit":"D","value":3.78},"Cylinder":{"unit":"D","value":5.94},"Axis":{"unit":"deg","value":163}}],"Median":{"Sphere":{"unit":"D","value":3.17},"Cylinder":{"unit":"D","value":-5.42},"Axis":{"unit":"deg","value":110}}},"return":true}},"children":[]},{"date":{"first":"2019-03-13T14:10:51+05:30","last":"2019-03-13T14:10:52+05:30"},"name":"ChronosAlignment2","private":{"param":{"RangeXY":0.2,"RangeZ":0.375,"CorneaDetection":false,"infoForLog":{"sessionDate":"20190313","sessionPatientID":"empty123630","execTime":"20190313T141051+0530"}},"result":{"L":{"return":true,"HPD":{"unit":"mm","value":29.7}},"R":{"return":true,"HPD":{"unit":"mm","value":14.7}},"return":true}},"children":[]},{"date":{"first":"2019-03-13T14:10:52+05:30","last":"2019-03-13T14:10:52+05:30"},"name":"ChronosRef2","private":{"param":{"RoughMeasure":false,"DiopterShift":0,"infoForLog":{"sessionDate":"20190313","sessionPatientID":"empty123630","execTime":"20190313T141052+0530"}},"result":{"L":{"return":true,"Records":[{"Sphere":{"unit":"D","value":4.21},"Cylinder":{"unit":"D","value":5.44},"Axis":{"unit":"deg","value":137}},{"Sphere":{"unit":"D","value":4.52},"Cylinder":{"unit":"D","value":-5.69},"Axis":{"unit":"deg","value":129}},{"Sphere":{"unit":"D","value":5.7},"Cylinder":{"unit":"D","value":9.96},"Axis":{"unit":"deg","value":39}}],"Median":{"Sphere":{"unit":"D","value":4.52},"Cylinder":{"unit":"D","value":9.96},"Axis":{"unit":"deg","value":129}}},"R":{"return":true,"Records":[{"Sphere":{"unit":"D","value":-1.23},"Cylinder":{"unit":"D","value":7.04},"Axis":{"unit":"deg","value":81}},{"Sphere":{"unit":"D","value":4.58},"Cylinder":{"unit":"D","value":-3.72},"Axis":{"unit":"deg","value":56}},{"Sphere":{"unit":"D","value":-4.44},"Cylinder":{"unit":"D","value":6.57},"Axis":{"unit":"deg","value":156}}],"Median":{"Sphere":{"unit":"D","value":4.58},"Cylinder":{"unit":"D","value":-3.72},"Axis":{"unit":"deg","value":56}}},"return":true}},"children":[]}]},{"date":{"first":"2019-03-13T14:10:52+05:30","last":"2019-03-13T14:10:52+05:30"},"name":"objective measurement","private":[],"children":[{"date":{"first":"2019-03-13T14:10:52+05:30","last":"2019-03-13T14:10:52+05:30"},"name":"ChronosAlignment2","private":{"param":{"RangeXY":0.2,"RangeZ":0.375,"CorneaDetection":false,"infoForLog":{"sessionDate":"20190313","sessionPatientID":"empty123630","execTime":"20190313T141052+0530"}},"result":{"L":{"return":true,"HPD":{"unit":"mm","value":11.1}},"R":{"return":true,"HPD":{"unit":"mm","value":19.8}},"return":true}},"children":[]},{"date":{"first":"2019-03-13T14:10:52+05:30","last":"2019-03-13T14:10:52+05:30"},"name":"ChronosRef2","private":{"param":{"RoughMeasure":true,"infoForLog":{"sessionDate":"20190313","sessionPatientID":"empty123630","execTime":"20190313T141052+0530"}},"result":{"L":{"return":true,"Records":[{"Sphere":{"unit":"D","value":-7.22},"Cylinder":{"unit":"D","value":2.91},"Axis":{"unit":"deg","value":114}},{"Sphere":{"unit":"D","value":-0.23},"Cylinder":{"unit":"D","value":6.48},"Axis":{"unit":"deg","value":50}},{"Sphere":{"unit":"D","value":1.98},"Cylinder":{"unit":"D","value":-3.92},"Axis":{"unit":"deg","value":84}}],"Median":{"Sphere":{"unit":"D","value":1.98},"Cylinder":{"unit":"D","value":6.48},"Axis":{"unit":"deg","value":84}}},"R":{"return":true,"Records":[{"Sphere":{"unit":"D","value":-0.4},"Cylinder":{"unit":"D","value":-3.69},"Axis":{"unit":"deg","value":83}},{"Sphere":{"unit":"D","value":-3.28},"Cylinder":{"unit":"D","value":-3.23},"Axis":{"unit":"deg","value":75}},{"Sphere":{"unit":"D","value":8.59},"Cylinder":{"unit":"D","value":-4.06},"Axis":{"unit":"deg","value":1}}],"Median":{"Sphere":{"unit":"D","value":-0.4},"Cylinder":{"unit":"D","value":-3.69},"Axis":{"unit":"deg","value":75}}},"return":true}},"children":[]},{"date":{"first":"2019-03-13T14:10:52+05:30","last":"2019-03-13T14:10:52+05:30"},"name":"ChronosAlignment2","private":{"param":{"RangeXY":0.2,"RangeZ":0.375,"CorneaDetection":false,"infoForLog":{"sessionDate":"20190313","sessionPatientID":"empty123630","execTime":"20190313T141052+0530"}},"result":{"L":{"return":true,"HPD":{"unit":"mm","value":21.5}},"R":{"return":true,"HPD":{"unit":"mm","value":29.5}},"return":true}},"children":[]},{"date":{"first":"2019-03-13T14:10:52+05:30","last":"2019-03-13T14:10:52+05:30"},"name":"ChronosRef2","private":{"param":{"RoughMeasure":false,"DiopterShift":0,"infoForLog":{"sessionDate":"20190313","sessionPatientID":"empty123630","execTime":"20190313T141052+0530"}},"result":{"L":{"return":true,"Records":[{"Sphere":{"unit":"D","value":1.94},"Cylinder":{"unit":"D","value":-8.27},"Axis":{"unit":"deg","value":172}},{"Sphere":{"unit":"D","value":-1.45},"Cylinder":{"unit":"D","value":-8.96},"Axis":{"unit":"deg","value":108}},{"Sphere":{"unit":"D","value":-7.32},"Cylinder":{"unit":"D","value":-9.44},"Axis":{"unit":"deg","value":119}}],"Median":{"Sphere":{"unit":"D","value":-1.45},"Cylinder":{"unit":"D","value":-8.96},"Axis":{"unit":"deg","value":172}}},"R":{"return":true,"Records":[{"Sphere":{"unit":"D","value":0.03},"Cylinder":{"unit":"D","value":-1.47},"Axis":{"unit":"deg","value":64}},{"Sphere":{"unit":"D","value":-5.67},"Cylinder":{"unit":"D","value":8.48},"Axis":{"unit":"deg","value":105}},{"Sphere":{"unit":"D","value":5.23},"Cylinder":{"unit":"D","value":-4.31},"Axis":{"unit":"deg","value":179}}],"Median":{"Sphere":{"unit":"D","value":0.03},"Cylinder":{"unit":"D","value":8.48},"Axis":{"unit":"deg","value":179}}},"return":true}},"children":[]}]},{"date":{"first":"2019-03-13T14:10:52+05:30","last":"2019-03-13T14:10:52+05:30"},"name":"objective measurement","private":[],"children":[{"date":{"first":"2019-03-13T14:10:52+05:30","last":"2019-03-13T14:10:52+05:30"},"name":"ChronosAlignment2","private":{"param":{"RangeXY":0.2,"RangeZ":0.375,"CorneaDetection":false,"infoForLog":{"sessionDate":"20190313","sessionPatientID":"empty123630","execTime":"20190313T141052+0530"}},"result":{"L":{"return":true,"HPD":{"unit":"mm","value":13.6}},"R":{"return":true,"HPD":{"unit":"mm","value":23.3}},"return":true}},"children":[]},{"date":{"first":"2019-03-13T14:10:52+05:30","last":"2019-03-13T14:10:52+05:30"},"name":"ChronosRef2","private":{"param":{"RoughMeasure":true,"infoForLog":{"sessionDate":"20190313","sessionPatientID":"empty123630","execTime":"20190313T141052+0530"}},"result":{"L":{"return":true,"Records":[{"Sphere":{"unit":"D","value":9.02},"Cylinder":{"unit":"D","value":5.08},"Axis":{"unit":"deg","value":63}},{"Sphere":{"unit":"D","value":6.37},"Cylinder":{"unit":"D","value":1.06},"Axis":{"unit":"deg","value":92}},{"Sphere":{"unit":"D","value":6.75},"Cylinder":{"unit":"D","value":6.05},"Axis":{"unit":"deg","value":175}}],"Median":{"Sphere":{"unit":"D","value":6.37},"Cylinder":{"unit":"D","value":6.05},"Axis":{"unit":"deg","value":92}}},"R":{"return":true,"Records":[{"Sphere":{"unit":"D","value":5.78},"Cylinder":{"unit":"D","value":1.35},"Axis":{"unit":"deg","value":79}},{"Sphere":{"unit":"D","value":6.96},"Cylinder":{"unit":"D","value":-2.24},"Axis":{"unit":"deg","value":110}},{"Sphere":{"unit":"D","value":5.65},"Cylinder":{"unit":"D","value":9.05},"Axis":{"unit":"deg","value":123}}],"Median":{"Sphere":{"unit":"D","value":6.96},"Cylinder":{"unit":"D","value":9.05},"Axis":{"unit":"deg","value":123}}},"return":true}},"children":[]},{"date":{"first":"2019-03-13T14:10:52+05:30","last":"2019-03-13T14:10:52+05:30"},"name":"ChronosAlignment2","private":{"param":{"RangeXY":0.2,"RangeZ":0.375,"CorneaDetection":false,"infoForLog":{"sessionDate":"20190313","sessionPatientID":"empty123630","execTime":"20190313T141052+0530"}},"result":{"L":{"return":true,"HPD":{"unit":"mm","value":15.2}},"R":{"return":true,"HPD":{"unit":"mm","value":28.1}},"return":true}},"children":[]},{"date":{"first":"2019-03-13T14:10:52+05:30","last":"2019-03-13T14:10:52+05:30"},"name":"ChronosRef2","private":{"param":{"RoughMeasure":false,"DiopterShift":0,"infoForLog":{"sessionDate":"20190313","sessionPatientID":"empty123630","execTime":"20190313T141052+0530"}},"result":{"L":{"return":true,"Records":[{"Sphere":{"unit":"D","value":5.64},"Cylinder":{"unit":"D","value":8.88},"Axis":{"unit":"deg","value":25}},{"Sphere":{"unit":"D","value":7.83},"Cylinder":{"unit":"D","value":-3.02},"Axis":{"unit":"deg","value":142}},{"Sphere":{"unit":"D","value":9.86},"Cylinder":{"unit":"D","value":-0.95},"Axis":{"unit":"deg","value":165}}],"Median":{"Sphere":{"unit":"D","value":7.83},"Cylinder":{"unit":"D","value":-0.95},"Axis":{"unit":"deg","value":165}}},"R":{"return":true,"Records":[{"Sphere":{"unit":"D","value":-7.34},"Cylinder":{"unit":"D","value":-3.37},"Axis":{"unit":"deg","value":124}},{"Sphere":{"unit":"D","value":-4.34},"Cylinder":{"unit":"D","value":9.98},"Axis":{"unit":"deg","value":113}},{"Sphere":{"unit":"D","value":3.91},"Cylinder":{"unit":"D","value":-5.94},"Axis":{"unit":"deg","value":154}}],"Median":{"Sphere":{"unit":"D","value":-4.34},"Cylinder":{"unit":"D","value":-3.37},"Axis":{"unit":"deg","value":113}}},"return":true}},"children":[]}]},{"date":{"first":"2019-03-13T14:10:53+05:30","last":"2019-03-13T14:10:53+05:30"},"name":"objective measurement","private":[],"children":[{"date":{"first":"2019-03-13T14:10:53+05:30","last":"2019-03-13T14:10:53+05:30"},"name":"ChronosAlignment2","private":{"param":{"RangeXY":0.2,"RangeZ":0.375,"CorneaDetection":false,"infoForLog":{"sessionDate":"20190313","sessionPatientID":"empty123630","execTime":"20190313T141053+0530"}},"result":{"L":{"return":true,"HPD":{"unit":"mm","value":26.1}},"R":{"return":true,"HPD":{"unit":"mm","value":26.7}},"return":true}},"children":[]},{"date":{"first":"2019-03-13T14:10:53+05:30","last":"2019-03-13T14:10:53+05:30"},"name":"ChronosRef2","private":{"param":{"RoughMeasure":true,"infoForLog":{"sessionDate":"20190313","sessionPatientID":"empty123630","execTime":"20190313T141053+0530"}},"result":{"L":{"return":true,"Records":[{"Sphere":{"unit":"D","value":2.53},"Cylinder":{"unit":"D","value":9.88},"Axis":{"unit":"deg","value":55}},{"Sphere":{"unit":"D","value":-4.63},"Cylinder":{"unit":"D","value":4.33},"Axis":{"unit":"deg","value":82}},{"Sphere":{"unit":"D","value":4.74},"Cylinder":{"unit":"D","value":-2.6},"Axis":{"unit":"deg","value":137}}],"Median":{"Sphere":{"unit":"D","value":2.53},"Cylinder":{"unit":"D","value":-2.6},"Axis":{"unit":"deg","value":137}}},"R":{"return":true,"Records":[{"Sphere":{"unit":"D","value":-0.42},"Cylinder":{"unit":"D","value":1.65},"Axis":{"unit":"deg","value":135}},{"Sphere":{"unit":"D","value":-0.34},"Cylinder":{"unit":"D","value":-1.46},"Axis":{"unit":"deg","value":111}},{"Sphere":{"unit":"D","value":9.15},"Cylinder":{"unit":"D","value":-3.91},"Axis":{"unit":"deg","value":142}}],"Median":{"Sphere":{"unit":"D","value":9.15},"Cylinder":{"unit":"D","value":1.65},"Axis":{"unit":"deg","value":135}}},"return":true}},"children":[]},{"date":{"first":"2019-03-13T14:10:53+05:30","last":"2019-03-13T14:10:53+05:30"},"name":"ChronosAlignment2","private":{"param":{"RangeXY":0.2,"RangeZ":0.375,"CorneaDetection":false,"infoForLog":{"sessionDate":"20190313","sessionPatientID":"empty123630","execTime":"20190313T141053+0530"}},"result":{"L":{"return":true,"HPD":{"unit":"mm","value":15.5}},"R":{"return":true,"HPD":{"unit":"mm","value":20}},"return":true}},"children":[]},{"date":{"first":"2019-03-13T14:10:53+05:30","last":"2019-03-13T14:10:53+05:30"},"name":"ChronosRef2","private":{"param":{"RoughMeasure":false,"DiopterShift":0,"infoForLog":{"sessionDate":"20190313","sessionPatientID":"empty123630","execTime":"20190313T141053+0530"}},"result":{"L":{"return":true,"Records":[{"Sphere":{"unit":"D","value":-6.76},"Cylinder":{"unit":"D","value":5.11},"Axis":{"unit":"deg","value":118}},{"Sphere":{"unit":"D","value":1.55},"Cylinder":{"unit":"D","value":0.3},"Axis":{"unit":"deg","value":114}},{"Sphere":{"unit":"D","value":3.17},"Cylinder":{"unit":"D","value":4.94},"Axis":{"unit":"deg","value":89}}],"Median":{"Sphere":{"unit":"D","value":1.55},"Cylinder":{"unit":"D","value":5.11},"Axis":{"unit":"deg","value":114}}},"R":{"return":true,"Records":[{"Sphere":{"unit":"D","value":-7.54},"Cylinder":{"unit":"D","value":-2.7},"Axis":{"unit":"deg","value":172}},{"Sphere":{"unit":"D","value":-4.05},"Cylinder":{"unit":"D","value":-9.71},"Axis":{"unit":"deg","value":98}},{"Sphere":{"unit":"D","value":2.45},"Cylinder":{"unit":"D","value":-0.13},"Axis":{"unit":"deg","value":23}}],"Median":{"Sphere":{"unit":"D","value":-7.54},"Cylinder":{"unit":"D","value":-0.13},"Axis":{"unit":"deg","value":98}}},"return":true}},"children":[]}]},{"date":{"first":"2019-03-13T14:10:53+05:30","last":"2019-03-13T14:10:53+05:30"},"name":"objective measurement","private":[],"children":[{"date":{"first":"2019-03-13T14:10:53+05:30","last":"2019-03-13T14:10:53+05:30"},"name":"ChronosAlignment2","private":{"param":{"RangeXY":0.2,"RangeZ":0.375,"CorneaDetection":false,"infoForLog":{"sessionDate":"20190313","sessionPatientID":"empty123630","execTime":"20190313T141053+0530"}},"result":{"L":{"return":true,"HPD":{"unit":"mm","value":34.3}},"R":{"return":true,"HPD":{"unit":"mm","value":20}},"return":true}},"children":[]},{"date":{"first":"2019-03-13T14:10:53+05:30","last":"2019-03-13T14:10:53+05:30"},"name":"ChronosRef2","private":{"param":{"RoughMeasure":true,"infoForLog":{"sessionDate":"20190313","sessionPatientID":"empty123630","execTime":"20190313T141053+0530"}},"result":{"L":{"return":true,"Records":[{"Sphere":{"unit":"D","value":-4.1},"Cylinder":{"unit":"D","value":7.85},"Axis":{"unit":"deg","value":97}},{"Sphere":{"unit":"D","value":-4.19},"Cylinder":{"unit":"D","value":9.87},"Axis":{"unit":"deg","value":96}},{"Sphere":{"unit":"D","value":-3.78},"Cylinder":{"unit":"D","value":-8.03},"Axis":{"unit":"deg","value":40}}],"Median":{"Sphere":{"unit":"D","value":-4.1},"Cylinder":{"unit":"D","value":-8.03},"Axis":{"unit":"deg","value":40}}},"R":{"return":true,"Records":[{"Sphere":{"unit":"D","value":6.37},"Cylinder":{"unit":"D","value":-5.25},"Axis":{"unit":"deg","value":109}},{"Sphere":{"unit":"D","value":7.82},"Cylinder":{"unit":"D","value":2.9},"Axis":{"unit":"deg","value":73}},{"Sphere":{"unit":"D","value":9.32},"Cylinder":{"unit":"D","value":-5.94},"Axis":{"unit":"deg","value":158}}],"Median":{"Sphere":{"unit":"D","value":7.82},"Cylinder":{"unit":"D","value":2.9},"Axis":{"unit":"deg","value":73}}},"return":true}},"children":[]},{"date":{"first":"2019-03-13T14:10:53+05:30","last":"2019-03-13T14:10:53+05:30"},"name":"ChronosAlignment2","private":{"param":{"RangeXY":0.2,"RangeZ":0.375,"CorneaDetection":false,"infoForLog":{"sessionDate":"20190313","sessionPatientID":"empty123630","execTime":"20190313T141053+0530"}},"result":{"L":{"return":true,"HPD":{"unit":"mm","value":28.4}},"R":{"return":true,"HPD":{"unit":"mm","value":22.5}},"return":true}},"children":[]},{"date":{"first":"2019-03-13T14:10:53+05:30","last":"2019-03-13T14:10:53+05:30"},"name":"ChronosRef2","private":{"param":{"RoughMeasure":false,"DiopterShift":0,"infoForLog":{"sessionDate":"20190313","sessionPatientID":"empty123630","execTime":"20190313T141053+0530"}},"result":{"L":{"return":true,"Records":[{"Sphere":{"unit":"D","value":8.53},"Cylinder":{"unit":"D","value":7.12},"Axis":{"unit":"deg","value":155}},{"Sphere":{"unit":"D","value":-1.48},"Cylinder":{"unit":"D","value":4.88},"Axis":{"unit":"deg","value":41}},{"Sphere":{"unit":"D","value":-8.28},"Cylinder":{"unit":"D","value":-2.24},"Axis":{"unit":"deg","value":162}}],"Median":{"Sphere":{"unit":"D","value":-1.48},"Cylinder":{"unit":"D","value":7.12},"Axis":{"unit":"deg","value":41}}},"R":{"return":true,"Records":[{"Sphere":{"unit":"D","value":3.12},"Cylinder":{"unit":"D","value":-4.11},"Axis":{"unit":"deg","value":3}},{"Sphere":{"unit":"D","value":-7.37},"Cylinder":{"unit":"D","value":0.18},"Axis":{"unit":"deg","value":148}},{"Sphere":{"unit":"D","value":1.18},"Cylinder":{"unit":"D","value":-9.77},"Axis":{"unit":"deg","value":138}}],"Median":{"Sphere":{"unit":"D","value":1.18},"Cylinder":{"unit":"D","value":0.18},"Axis":{"unit":"deg","value":148}}},"return":true}},"children":[]}]},{"date":{"first":"2019-03-13T14:10:53+05:30","last":"2019-03-13T14:10:54+05:30"},"name":"objective measurement","private":[],"children":[{"date":{"first":"2019-03-13T14:10:53+05:30","last":"2019-03-13T14:10:53+05:30"},"name":"ChronosAlignment2","private":{"param":{"RangeXY":0.2,"RangeZ":0.375,"CorneaDetection":false,"infoForLog":{"sessionDate":"20190313","sessionPatientID":"empty123630","execTime":"20190313T141054+0530"}},"result":{"L":{"return":true,"HPD":{"unit":"mm","value":34.5}},"R":{"return":true,"HPD":{"unit":"mm","value":43.8}},"return":true}},"children":[]},{"date":{"first":"2019-03-13T14:10:53+05:30","last":"2019-03-13T14:10:54+05:30"},"name":"ChronosRef2","private":{"param":{"RoughMeasure":true,"infoForLog":{"sessionDate":"20190313","sessionPatientID":"empty123630","execTime":"20190313T141053+0530"}},"result":{"L":{"return":true,"Records":[{"Sphere":{"unit":"D","value":-6.13},"Cylinder":{"unit":"D","value":-3.31},"Axis":{"unit":"deg","value":167}},{"Sphere":{"unit":"D","value":-9.37},"Cylinder":{"unit":"D","value":1.37},"Axis":{"unit":"deg","value":138}},{"Sphere":{"unit":"D","value":1.99},"Cylinder":{"unit":"D","value":-9.3},"Axis":{"unit":"deg","value":81}}],"Median":{"Sphere":{"unit":"D","value":1.99},"Cylinder":{"unit":"D","value":-9.3},"Axis":{"unit":"deg","value":81}}},"R":{"return":true,"Records":[{"Sphere":{"unit":"D","value":9.03},"Cylinder":{"unit":"D","value":-2.54},"Axis":{"unit":"deg","value":17}},{"Sphere":{"unit":"D","value":7.32},"Cylinder":{"unit":"D","value":-6.26},"Axis":{"unit":"deg","value":111}},{"Sphere":{"unit":"D","value":5.37},"Cylinder":{"unit":"D","value":-7.99},"Axis":{"unit":"deg","value":102}}],"Median":{"Sphere":{"unit":"D","value":5.37},"Cylinder":{"unit":"D","value":-7.99},"Axis":{"unit":"deg","value":111}}},"return":true}},"children":[]},{"date":{"first":"2019-03-13T14:10:54+05:30","last":"2019-03-13T14:10:54+05:30"},"name":"ChronosAlignment2","private":{"param":{"RangeXY":0.2,"RangeZ":0.375,"CorneaDetection":false,"infoForLog":{"sessionDate":"20190313","sessionPatientID":"empty123630","execTime":"20190313T141054+0530"}},"result":{"L":{"return":true,"HPD":{"unit":"mm","value":20.7}},"R":{"return":true,"HPD":{"unit":"mm","value":48.6}},"return":true}},"children":[]},{"date":{"first":"2019-03-13T14:10:54+05:30","last":"2019-03-13T14:10:54+05:30"},"name":"ChronosRef2","private":{"param":{"RoughMeasure":false,"DiopterShift":0,"infoForLog":{"sessionDate":"20190313","sessionPatientID":"empty123630","execTime":"20190313T141054+0530"}},"result":{"L":{"return":true,"Records":[{"Sphere":{"unit":"D","value":7.41},"Cylinder":{"unit":"D","value":7.01},"Axis":{"unit":"deg","value":139}},{"Sphere":{"unit":"D","value":-3.17},"Cylinder":{"unit":"D","value":-3.51},"Axis":{"unit":"deg","value":118}},{"Sphere":{"unit":"D","value":-4.44},"Cylinder":{"unit":"D","value":-2.91},"Axis":{"unit":"deg","value":110}}],"Median":{"Sphere":{"unit":"D","value":7.41},"Cylinder":{"unit":"D","value":7.01},"Axis":{"unit":"deg","value":139}}},"R":{"return":true,"Records":[{"Sphere":{"unit":"D","value":-5.98},"Cylinder":{"unit":"D","value":5.29},"Axis":{"unit":"deg","value":133}},{"Sphere":{"unit":"D","value":8.77},"Cylinder":{"unit":"D","value":3.3},"Axis":{"unit":"deg","value":39}},{"Sphere":{"unit":"D","value":-2.76},"Cylinder":{"unit":"D","value":7.11},"Axis":{"unit":"deg","value":27}}],"Median":{"Sphere":{"unit":"D","value":-2.76},"Cylinder":{"unit":"D","value":5.29},"Axis":{"unit":"deg","value":133}}},"return":true}},"children":[]}]},{"date":{"first":"2019-03-13T14:10:54+05:30","last":"2019-03-13T14:10:54+05:30"},"name":"objective measurement","private":[],"children":[{"date":{"first":"2019-03-13T14:10:54+05:30","last":"2019-03-13T14:10:54+05:30"},"name":"ChronosAlignment2","private":{"param":{"RangeXY":0.2,"RangeZ":0.375,"CorneaDetection":false,"infoForLog":{"sessionDate":"20190313","sessionPatientID":"empty123630","execTime":"20190313T141054+0530"}},"result":{"L":{"return":true,"HPD":{"unit":"mm","value":29.9}},"R":{"return":true,"HPD":{"unit":"mm","value":47.7}},"return":true}},"children":[]},{"date":{"first":"2019-03-13T14:10:54+05:30","last":"2019-03-13T14:10:54+05:30"},"name":"ChronosRef2","private":{"param":{"RoughMeasure":true,"infoForLog":{"sessionDate":"20190313","sessionPatientID":"empty123630","execTime":"20190313T141054+0530"}},"result":{"L":{"return":true,"Records":[{"Sphere":{"unit":"D","value":0.29},"Cylinder":{"unit":"D","value":-4.48},"Axis":{"unit":"deg","value":176}},{"Sphere":{"unit":"D","value":-1.17},"Cylinder":{"unit":"D","value":4.42},"Axis":{"unit":"deg","value":98}},{"Sphere":{"unit":"D","value":-0.26},"Cylinder":{"unit":"D","value":-5.99},"Axis":{"unit":"deg","value":24}}],"Median":{"Sphere":{"unit":"D","value":-1.17},"Cylinder":{"unit":"D","value":4.42},"Axis":{"unit":"deg","value":176}}},"R":{"return":true,"Records":[{"Sphere":{"unit":"D","value":-0.71},"Cylinder":{"unit":"D","value":1.17},"Axis":{"unit":"deg","value":104}},{"Sphere":{"unit":"D","value":2.39},"Cylinder":{"unit":"D","value":1.06},"Axis":{"unit":"deg","value":94}},{"Sphere":{"unit":"D","value":-5.12},"Cylinder":{"unit":"D","value":-7.29},"Axis":{"unit":"deg","value":49}}],"Median":{"Sphere":{"unit":"D","value":-0.71},"Cylinder":{"unit":"D","value":1.06},"Axis":{"unit":"deg","value":104}}},"return":true}},"children":[]},{"date":{"first":"2019-03-13T14:10:54+05:30","last":"2019-03-13T14:10:54+05:30"},"name":"ChronosAlignment2","private":{"param":{"RangeXY":0.2,"RangeZ":0.375,"CorneaDetection":false,"infoForLog":{"sessionDate":"20190313","sessionPatientID":"empty123630","execTime":"20190313T141054+0530"}},"result":{"L":{"return":true,"HPD":{"unit":"mm","value":31.8}},"R":{"return":true,"HPD":{"unit":"mm","value":46.2}},"return":true}},"children":[]},{"date":{"first":"2019-03-13T14:10:54+05:30","last":"2019-03-13T14:10:54+05:30"},"name":"ChronosRef2","private":{"param":{"RoughMeasure":false,"DiopterShift":0,"infoForLog":{"sessionDate":"20190313","sessionPatientID":"empty123630","execTime":"20190313T141054+0530"}},"result":{"L":{"return":true,"Records":[{"Sphere":{"unit":"D","value":-2.67},"Cylinder":{"unit":"D","value":6.16},"Axis":{"unit":"deg","value":120}},{"Sphere":{"unit":"D","value":-6.07},"Cylinder":{"unit":"D","value":-7.62},"Axis":{"unit":"deg","value":110}},{"Sphere":{"unit":"D","value":-3.85},"Cylinder":{"unit":"D","value":-3.43},"Axis":{"unit":"deg","value":27}}],"Median":{"Sphere":{"unit":"D","value":-6.07},"Cylinder":{"unit":"D","value":-3.43},"Axis":{"unit":"deg","value":110}}},"R":{"return":true,"Records":[{"Sphere":{"unit":"D","value":-3.58},"Cylinder":{"unit":"D","value":-2.17},"Axis":{"unit":"deg","value":164}},{"Sphere":{"unit":"D","value":4.09},"Cylinder":{"unit":"D","value":5.39},"Axis":{"unit":"deg","value":20}},{"Sphere":{"unit":"D","value":4.42},"Cylinder":{"unit":"D","value":-7.36},"Axis":{"unit":"deg","value":168}}],"Median":{"Sphere":{"unit":"D","value":4.09},"Cylinder":{"unit":"D","value":-7.36},"Axis":{"unit":"deg","value":164}}},"return":true}},"children":[]}]},{"date":{"first":"2019-03-13T14:10:54+05:30","last":"2019-03-13T14:10:55+05:30"},"name":"objective measurement","private":[],"children":[{"date":{"first":"2019-03-13T14:10:55+05:30","last":"2019-03-13T14:10:55+05:30"},"name":"ChronosAlignment2","private":{"param":{"RangeXY":0.2,"RangeZ":0.375,"CorneaDetection":false,"infoForLog":{"sessionDate":"20190313","sessionPatientID":"empty123630","execTime":"20190313T141055+0530"}},"result":{"L":{"return":true,"HPD":{"unit":"mm","value":43.1}},"R":{"return":true,"HPD":{"unit":"mm","value":48.4}},"return":true}},"children":[]},{"date":{"first":"2019-03-13T14:10:55+05:30","last":"2019-03-13T14:10:55+05:30"},"name":"ChronosRef2","private":{"param":{"RoughMeasure":true,"infoForLog":{"sessionDate":"20190313","sessionPatientID":"empty123630","execTime":"20190313T141055+0530"}},"result":{"L":{"return":true,"Records":[{"Sphere":{"unit":"D","value":4.27},"Cylinder":{"unit":"D","value":1.81},"Axis":{"unit":"deg","value":135}},{"Sphere":{"unit":"D","value":7.27},"Cylinder":{"unit":"D","value":-0.81},"Axis":{"unit":"deg","value":166}},{"Sphere":{"unit":"D","value":9.04},"Cylinder":{"unit":"D","value":-3.75},"Axis":{"unit":"deg","value":108}}],"Median":{"Sphere":{"unit":"D","value":7.27},"Cylinder":{"unit":"D","value":1.81},"Axis":{"unit":"deg","value":108}}},"R":{"return":true,"Records":[{"Sphere":{"unit":"D","value":-1.04},"Cylinder":{"unit":"D","value":3.25},"Axis":{"unit":"deg","value":67}},{"Sphere":{"unit":"D","value":8.03},"Cylinder":{"unit":"D","value":7.03},"Axis":{"unit":"deg","value":69}},{"Sphere":{"unit":"D","value":-9.35},"Cylinder":{"unit":"D","value":-5.36},"Axis":{"unit":"deg","value":81}}],"Median":{"Sphere":{"unit":"D","value":-9.35},"Cylinder":{"unit":"D","value":7.03},"Axis":{"unit":"deg","value":67}}},"return":true}},"children":[]},{"date":{"first":"2019-03-13T14:10:55+05:30","last":"2019-03-13T14:10:55+05:30"},"name":"ChronosAlignment2","private":{"param":{"RangeXY":0.2,"RangeZ":0.375,"CorneaDetection":false,"infoForLog":{"sessionDate":"20190313","sessionPatientID":"empty123630","execTime":"20190313T141055+0530"}},"result":{"L":{"return":true,"HPD":{"unit":"mm","value":21.3}},"R":{"return":true,"HPD":{"unit":"mm","value":29}},"return":true}},"children":[]},{"date":{"first":"2019-03-13T14:10:55+05:30","last":"2019-03-13T14:10:55+05:30"},"name":"ChronosRef2","private":{"param":{"RoughMeasure":false,"DiopterShift":0,"infoForLog":{"sessionDate":"20190313","sessionPatientID":"empty123630","execTime":"20190313T141055+0530"}},"result":{"L":{"return":true,"Records":[{"Sphere":{"unit":"D","value":7.39},"Cylinder":{"unit":"D","value":0.91},"Axis":{"unit":"deg","value":104}},{"Sphere":{"unit":"D","value":-7.04},"Cylinder":{"unit":"D","value":-4.84},"Axis":{"unit":"deg","value":33}},{"Sphere":{"unit":"D","value":-0.27},"Cylinder":{"unit":"D","value":4.98},"Axis":{"unit":"deg","value":163}}],"Median":{"Sphere":{"unit":"D","value":7.39},"Cylinder":{"unit":"D","value":-4.84},"Axis":{"unit":"deg","value":163}}},"R":{"return":true,"Records":[{"Sphere":{"unit":"D","value":-2.41},"Cylinder":{"unit":"D","value":-5.51},"Axis":{"unit":"deg","value":96}},{"Sphere":{"unit":"D","value":4.84},"Cylinder":{"unit":"D","value":8.92},"Axis":{"unit":"deg","value":131}},{"Sphere":{"unit":"D","value":-3.32},"Cylinder":{"unit":"D","value":-4.96},"Axis":{"unit":"deg","value":64}}],"Median":{"Sphere":{"unit":"D","value":4.84},"Cylinder":{"unit":"D","value":8.92},"Axis":{"unit":"deg","value":131}}},"return":true}},"children":[]}]},{"date":{"first":"2019-03-13T14:10:55+05:30","last":"2019-03-13T14:10:55+05:30"},"name":"objective measurement","private":[],"children":[{"date":{"first":"2019-03-13T14:10:55+05:30","last":"2019-03-13T14:10:55+05:30"},"name":"ChronosAlignment2","private":{"param":{"RangeXY":0.2,"RangeZ":0.375,"CorneaDetection":false,"infoForLog":{"sessionDate":"20190313","sessionPatientID":"empty123630","execTime":"20190313T141055+0530"}},"result":{"L":{"return":true,"HPD":{"unit":"mm","value":23.7}},"R":{"return":true,"HPD":{"unit":"mm","value":26.4}},"return":true}},"children":[]},{"date":{"first":"2019-03-13T14:10:55+05:30","last":"2019-03-13T14:10:55+05:30"},"name":"ChronosRef2","private":{"param":{"RoughMeasure":true,"infoForLog":{"sessionDate":"20190313","sessionPatientID":"empty123630","execTime":"20190313T141055+0530"}},"result":{"L":{"return":true,"Records":[{"Sphere":{"unit":"D","value":-7.33},"Cylinder":{"unit":"D","value":-0.73},"Axis":{"unit":"deg","value":110}},{"Sphere":{"unit":"D","value":-8.25},"Cylinder":{"unit":"D","value":-9.58},"Axis":{"unit":"deg","value":63}},{"Sphere":{"unit":"D","value":3.19},"Cylinder":{"unit":"D","value":8.73},"Axis":{"unit":"deg","value":2}}],"Median":{"Sphere":{"unit":"D","value":-7.33},"Cylinder":{"unit":"D","value":-9.58},"Axis":{"unit":"deg","value":110}}},"R":{"return":true,"Records":[{"Sphere":{"unit":"D","value":-1.02},"Cylinder":{"unit":"D","value":-6.11},"Axis":{"unit":"deg","value":139}},{"Sphere":{"unit":"D","value":-8.64},"Cylinder":{"unit":"D","value":3.5},"Axis":{"unit":"deg","value":99}},{"Sphere":{"unit":"D","value":1.79},"Cylinder":{"unit":"D","value":3.88},"Axis":{"unit":"deg","value":172}}],"Median":{"Sphere":{"unit":"D","value":-8.64},"Cylinder":{"unit":"D","value":3.88},"Axis":{"unit":"deg","value":99}}},"return":true}},"children":[]},{"date":{"first":"2019-03-13T14:10:55+05:30","last":"2019-03-13T14:10:55+05:30"},"name":"ChronosAlignment2","private":{"param":{"RangeXY":0.2,"RangeZ":0.375,"CorneaDetection":false,"infoForLog":{"sessionDate":"20190313","sessionPatientID":"empty123630","execTime":"20190313T141055+0530"}},"result":{"L":{"return":true,"HPD":{"unit":"mm","value":34.2}},"R":{"return":true,"HPD":{"unit":"mm","value":35.8}},"return":true}},"children":[]},{"date":{"first":"2019-03-13T14:10:55+05:30","last":"2019-03-13T14:10:55+05:30"},"name":"ChronosRef2","private":{"param":{"RoughMeasure":false,"DiopterShift":0,"infoForLog":{"sessionDate":"20190313","sessionPatientID":"empty123630","execTime":"20190313T141055+0530"}},"result":{"L":{"return":true,"Records":[{"Sphere":{"unit":"D","value":-1.74},"Cylinder":{"unit":"D","value":-6.22},"Axis":{"unit":"deg","value":169}},{"Sphere":{"unit":"D","value":7.23},"Cylinder":{"unit":"D","value":8.01},"Axis":{"unit":"deg","value":148}},{"Sphere":{"unit":"D","value":-4.78},"Cylinder":{"unit":"D","value":-4.62},"Axis":{"unit":"deg","value":99}}],"Median":{"Sphere":{"unit":"D","value":-1.74},"Cylinder":{"unit":"D","value":8.01},"Axis":{"unit":"deg","value":99}}},"R":{"return":true,"Records":[{"Sphere":{"unit":"D","value":9.1},"Cylinder":{"unit":"D","value":3.92},"Axis":{"unit":"deg","value":98}},{"Sphere":{"unit":"D","value":-8.37},"Cylinder":{"unit":"D","value":-2.15},"Axis":{"unit":"deg","value":91}},{"Sphere":{"unit":"D","value":-9.09},"Cylinder":{"unit":"D","value":0.85},"Axis":{"unit":"deg","value":156}}],"Median":{"Sphere":{"unit":"D","value":-9.09},"Cylinder":{"unit":"D","value":0.85},"Axis":{"unit":"deg","value":91}}},"return":true}},"children":[]}]},{"date":{"first":"2019-03-13T14:10:56+05:30","last":"2019-03-13T14:10:56+05:30"},"name":"objective measurement","private":[],"children":[{"date":{"first":"2019-03-13T14:10:56+05:30","last":"2019-03-13T14:10:56+05:30"},"name":"ChronosAlignment2","private":{"param":{"RangeXY":0.2,"RangeZ":0.375,"CorneaDetection":false,"infoForLog":{"sessionDate":"20190313","sessionPatientID":"empty123630","execTime":"20190313T141056+0530"}},"result":{"L":{"return":true,"HPD":{"unit":"mm","value":44.3}},"R":{"return":true,"HPD":{"unit":"mm","value":25.5}},"return":true}},"children":[]},{"date":{"first":"2019-03-13T14:10:56+05:30","last":"2019-03-13T14:10:56+05:30"},"name":"ChronosRef2","private":{"param":{"RoughMeasure":true,"infoForLog":{"sessionDate":"20190313","sessionPatientID":"empty123630","execTime":"20190313T141056+0530"}},"result":{"L":{"return":true,"Records":[{"Sphere":{"unit":"D","value":6.36},"Cylinder":{"unit":"D","value":0.41},"Axis":{"unit":"deg","value":133}},{"Sphere":{"unit":"D","value":1.54},"Cylinder":{"unit":"D","value":-6.61},"Axis":{"unit":"deg","value":94}},{"Sphere":{"unit":"D","value":-7.64},"Cylinder":{"unit":"D","value":-5.94},"Axis":{"unit":"deg","value":77}}],"Median":{"Sphere":{"unit":"D","value":-7.64},"Cylinder":{"unit":"D","value":0.41},"Axis":{"unit":"deg","value":77}}},"R":{"return":true,"Records":[{"Sphere":{"unit":"D","value":-7.22},"Cylinder":{"unit":"D","value":-5.81},"Axis":{"unit":"deg","value":170}},{"Sphere":{"unit":"D","value":0.1},"Cylinder":{"unit":"D","value":4.99},"Axis":{"unit":"deg","value":55}},{"Sphere":{"unit":"D","value":5.43},"Cylinder":{"unit":"D","value":-9.86},"Axis":{"unit":"deg","value":105}}],"Median":{"Sphere":{"unit":"D","value":0.1},"Cylinder":{"unit":"D","value":4.99},"Axis":{"unit":"deg","value":170}}},"return":true}},"children":[]},{"date":{"first":"2019-03-13T14:10:56+05:30","last":"2019-03-13T14:10:56+05:30"},"name":"ChronosAlignment2","private":{"param":{"RangeXY":0.2,"RangeZ":0.375,"CorneaDetection":false,"infoForLog":{"sessionDate":"20190313","sessionPatientID":"empty123630","execTime":"20190313T141056+0530"}},"result":{"L":{"return":true,"HPD":{"unit":"mm","value":10.4}},"R":{"return":true,"HPD":{"unit":"mm","value":16.9}},"return":true}},"children":[]},{"date":{"first":"2019-03-13T14:10:56+05:30","last":"2019-03-13T14:10:56+05:30"},"name":"ChronosRef2","private":{"param":{"RoughMeasure":false,"DiopterShift":0,"infoForLog":{"sessionDate":"20190313","sessionPatientID":"empty123630","execTime":"20190313T141056+0530"}},"result":{"L":{"return":true,"Records":[{"Sphere":{"unit":"D","value":5.03},"Cylinder":{"unit":"D","value":-3.95},"Axis":{"unit":"deg","value":40}},{"Sphere":{"unit":"D","value":-6.4},"Cylinder":{"unit":"D","value":9.38},"Axis":{"unit":"deg","value":109}},{"Sphere":{"unit":"D","value":-1.86},"Cylinder":{"unit":"D","value":-5.1},"Axis":{"unit":"deg","value":152}}],"Median":{"Sphere":{"unit":"D","value":-1.86},"Cylinder":{"unit":"D","value":-5.1},"Axis":{"unit":"deg","value":152}}},"R":{"return":true,"Records":[{"Sphere":{"unit":"D","value":-4.43},"Cylinder":{"unit":"D","value":8.85},"Axis":{"unit":"deg","value":13}},{"Sphere":{"unit":"D","value":-7.56},"Cylinder":{"unit":"D","value":-9.99},"Axis":{"unit":"deg","value":87}},{"Sphere":{"unit":"D","value":-4.65},"Cylinder":{"unit":"D","value":5.2},"Axis":{"unit":"deg","value":174}}],"Median":{"Sphere":{"unit":"D","value":-4.43},"Cylinder":{"unit":"D","value":8.85},"Axis":{"unit":"deg","value":174}}},"return":true}},"children":[]}]}]}