{"refraction":{"VD":{"unit":"mm","value":12},"R":{"List":{"1":{"Sphere":{"unit":"D","value":5.4},"Cylinder":{"unit":"D","value":5.42},"Axis":{"unit":"deg","value":175}},"2":{"Sphere":{"unit":"D","value":3.53},"Cylinder":{"unit":"D","value":-2.96},"Axis":{"unit":"deg","value":96}},"3":{"Sphere":{"unit":"D","value":-4.46},"Cylinder":{"unit":"D","value":-0.9},"Axis":{"unit":"deg","value":46}}},"Median":{"Sphere":{"unit":"D","value":-4.46},"Cylinder":{"unit":"D","value":-2.96},"Axis":{"unit":"deg","value":96}},"TargetEye":"Bino"},"L":{"List":{"1":{"Sphere":{"unit":"D","value":-8.93},"Cylinder":{"unit":"D","value":-4.07},"Axis":{"unit":"deg","value":105}},"2":{"Sphere":{"unit":"D","value":-4.1},"Cylinder":{"unit":"D","value":5.7},"Axis":{"unit":"deg","value":124}},"3":{"Sphere":{"unit":"D","value":-6.63},"Cylinder":{"unit":"D","value":-9.36},"Axis":{"unit":"deg","value":32}}},"Median":{"Sphere":{"unit":"D","value":-4.1},"Cylinder":{"unit":"D","value":-4.07},"Axis":{"unit":"deg","value":105}},"TargetEye":"Bino"}},"PD":{"Distance":{"value":37.8,"unit":"mm"}}}