{"date":{"first":"2019-03-15T09:24:59+05:30","last":"2019-03-15T09:59:53+05:30"},"name":"One cycle of eye examination","private":{"sessionDate":"20190315","sessionTime":"092459","patientID":""},"children":[{"date":{"first":"2019-03-15T09:25:08+05:30","last":"2019-03-15T09:25:08+05:30"},"name":"objective measurement","children":[{"date":{"first":"2019-03-15T09:25:08+05:30","last":"2019-03-15T09:25:08+05:30"},"name":"ChronosAlignment2","private":{"param":{"RangeXY":0.2,"RangeZ":0.375,"CorneaDetection":false,"infoForLog":{"sessionDate":"20190315","sessionPatientID":"empty092459","execTime":"20190315T092508+0530"}},"result":{"L":{"return":true,"HPD":{"unit":"mm","value":37.3}},"R":{"return":true,"HPD":{"unit":"mm","value":12.9}},"return":true}}},{"date":{"first":"2019-03-15T09:25:08+05:30","last":"2019-03-15T09:25:08+05:30"},"name":"ChronosRef2","private":{"param":{"RoughMeasure":true,"infoForLog":{"sessionDate":"20190315","sessionPatientID":"empty092459","execTime":"20190315T092508+0530"}},"result":{"L":{"return":true,"Records":[{"Sphere":{"unit":"D","value":-6.08},"Cylinder":{"unit":"D","value":7.34},"Axis":{"unit":"deg","value":116}},{"Sphere":{"unit":"D","value":8.54},"Cylinder":{"unit":"D","value":-5.53},"Axis":{"unit":"deg","value":177}},{"Sphere":{"unit":"D","value":9.26},"Cylinder":{"unit":"D","value":4.9},"Axis":{"unit":"deg","value":13}}],"Median":{"Sphere":{"unit":"D","value":-6.08},"Cylinder":{"unit":"D","value":-5.53},"Axis":{"unit":"deg","value":13}}},"R":{"return":true,"Records":[{"Sphere":{"unit":"D","value":-7.79},"Cylinder":{"unit":"D","value":1.26},"Axis":{"unit":"deg","value":162}},{"Sphere":{"unit":"D","value":5.75},"Cylinder":{"unit":"D","value":4.66},"Axis":{"unit":"deg","value":44}},{"Sphere":{"unit":"D","value":-6.02},"Cylinder":{"unit":"D","value":-4.45},"Axis":{"unit":"deg","value":143}}],"Median":{"Sphere":{"unit":"D","value":-6.02},"Cylinder":{"unit":"D","value":-4.45},"Axis":{"unit":"deg","value":162}}},"return":true}}},{"date":{"first":"2019-03-15T09:25:08+05:30","last":"2019-03-15T09:25:08+05:30"},"name":"ChronosAlignment2","private":{"param":{"RangeXY":0.2,"RangeZ":0.375,"CorneaDetection":false,"infoForLog":{"sessionDate":"20190315","sessionPatientID":"empty092459","execTime":"20190315T092508+0530"}},"result":{"L":{"return":true,"HPD":{"unit":"mm","value":37.6}},"R":{"return":true,"HPD":{"unit":"mm","value":46.4}},"return":true}}},{"date":{"first":"2019-03-15T09:25:08+05:30","last":"2019-03-15T09:25:08+05:30"},"name":"ChronosRef2","private":{"param":{"RoughMeasure":false,"DiopterShift":0,"infoForLog":{"sessionDate":"20190315","sessionPatientID":"empty092459","execTime":"20190315T092508+0530"}},"result":{"L":{"return":true,"Records":[{"Sphere":{"unit":"D","value":-0.6},"Cylinder":{"unit":"D","value":0.11},"Axis":{"unit":"deg","value":127}},{"Sphere":{"unit":"D","value":4.76},"Cylinder":{"unit":"D","value":-6.33},"Axis":{"unit":"deg","value":111}},{"Sphere":{"unit":"D","value":-3.69},"Cylinder":{"unit":"D","value":5.62},"Axis":{"unit":"deg","value":17}}],"Median":{"Sphere":{"unit":"D","value":-3.69},"Cylinder":{"unit":"D","value":-6.33},"Axis":{"unit":"deg","value":127}}},"R":{"return":true,"Records":[{"Sphere":{"unit":"D","value":8.96},"Cylinder":{"unit":"D","value":-0.11},"Axis":{"unit":"deg","value":100}},{"Sphere":{"unit":"D","value":-1.39},"Cylinder":{"unit":"D","value":6.26},"Axis":{"unit":"deg","value":90}},{"Sphere":{"unit":"D","value":7.67},"Cylinder":{"unit":"D","value":-2.54},"Axis":{"unit":"deg","value":1}}],"Median":{"Sphere":{"unit":"D","value":-1.39},"Cylinder":{"unit":"D","value":-0.11},"Axis":{"unit":"deg","value":90}}},"return":true}}}]},{"date":{"first":"2019-03-15T09:57:43+05:30","last":"2019-03-15T09:57:56+05:30"},"name":"subjective","children":[{"date":{"first":"2019-03-15T09:57:43+05:30","last":"2019-03-15T09:57:43+05:30"},"name":"Chart","private":{"param":{"R":{"chartID":2000},"L":{"chartID":2000}},"result":{"L":{"return":true},"R":{"return":true},"return":true}}},{"date":{"first":"2019-03-15T09:57:43+05:30","last":"2019-03-15T09:57:43+05:30"},"name":"Phoropter","private":{"param":{"eye":2,"distance":5000,"vd":0,"pd":50.2,"R":{"sphere":-1.5,"cylinder":0,"axis":90},"L":{"sphere":-3.75,"cylinder":-6.25,"axis":127},"crossCylinder":{"status":0,"power":0.5,"RG":0},"RGFilter":0},"result":{"L":{"return":true},"R":{"return":true},"return":true}}},{"date":{"first":"2019-03-15T09:57:45+05:30","last":"2019-03-15T09:57:45+05:30"},"name":"Phoropter","private":{"param":{"eye":2,"distance":5000,"vd":0,"pd":50.2,"R":{"sphere":-1.75,"cylinder":0,"axis":90},"L":{"sphere":-4,"cylinder":-6.25,"axis":127},"crossCylinder":{"status":0,"power":0.5,"RG":0},"RGFilter":0},"result":{"L":{"return":true},"R":{"return":true},"return":true}}},{"date":{"first":"2019-03-15T09:57:46+05:30","last":"2019-03-15T09:57:46+05:30"},"name":"Phoropter","private":{"param":{"eye":2,"distance":5000,"vd":0,"pd":50.2,"R":{"sphere":-2,"cylinder":0,"axis":90},"L":{"sphere":-4.25,"cylinder":-6.25,"axis":127},"crossCylinder":{"status":0,"power":0.5,"RG":0},"RGFilter":0},"result":{"L":{"return":true},"R":{"return":true},"return":true}}},{"date":{"first":"2019-03-15T09:57:46+05:30","last":"2019-03-15T09:57:46+05:30"},"name":"Phoropter","private":{"param":{"eye":2,"distance":5000,"vd":0,"pd":50.2,"R":{"sphere":-2.25,"cylinder":0,"axis":90},"L":{"sphere":-4.5,"cylinder":-6.25,"axis":127},"crossCylinder":{"status":0,"power":0.5,"RG":0},"RGFilter":0},"result":{"L":{"return":true},"R":{"return":true},"return":true}}},{"date":{"first":"2019-03-15T09:57:46+05:30","last":"2019-03-15T09:57:46+05:30"},"name":"Phoropter","private":{"param":{"eye":2,"distance":5000,"vd":0,"pd":50.2,"R":{"sphere":-2.5,"cylinder":0,"axis":90},"L":{"sphere":-4.75,"cylinder":-6.25,"axis":127},"crossCylinder":{"status":0,"power":0.5,"RG":0},"RGFilter":0},"result":{"L":{"return":true},"R":{"return":true},"return":true}}},{"date":{"first":"2019-03-15T09:57:46+05:30","last":"2019-03-15T09:57:46+05:30"},"name":"Phoropter","private":{"param":{"eye":2,"distance":5000,"vd":0,"pd":50.2,"R":{"sphere":-2.75,"cylinder":0,"axis":90},"L":{"sphere":-5,"cylinder":-6.25,"axis":127},"crossCylinder":{"status":0,"power":0.5,"RG":0},"RGFilter":0},"result":{"L":{"return":true},"R":{"return":true},"return":true}}},{"date":{"first":"2019-03-15T09:57:48+05:30","last":"2019-03-15T09:57:48+05:30"},"name":"Phoropter","private":{"param":{"eye":2,"distance":5000,"vd":0,"pd":50.2,"R":{"sphere":-2.5,"cylinder":0,"axis":90},"L":{"sphere":-4.75,"cylinder":-6.25,"axis":127},"crossCylinder":{"status":0,"power":0.5,"RG":0},"RGFilter":0},"result":{"L":{"return":true},"R":{"return":true},"return":true}}},{"date":{"first":"2019-03-15T09:57:48+05:30","last":"2019-03-15T09:57:48+05:30"},"name":"Phoropter","private":{"param":{"eye":2,"distance":5000,"vd":0,"pd":50.2,"R":{"sphere":-2.25,"cylinder":0,"axis":90},"L":{"sphere":-4.5,"cylinder":-6.25,"axis":127},"crossCylinder":{"status":0,"power":0.5,"RG":0},"RGFilter":0},"result":{"L":{"return":true},"R":{"return":true},"return":true}}},{"date":{"first":"2019-03-15T09:57:56+05:30","last":"2019-03-15T09:57:56+05:30"},"name":"Phoropter","private":{"param":{"eye":2,"distance":5000,"vd":0,"pd":50.2,"R":{"sphere":-2,"cylinder":0,"axis":90},"L":{"sphere":-4.25,"cylinder":-6.25,"axis":127},"crossCylinder":{"status":0,"power":0.5,"RG":0},"RGFilter":0},"result":{"L":{"return":true},"R":{"return":true},"return":true}}},{"date":{"first":"2019-03-15T09:57:56+05:30","last":"2019-03-15T09:57:56+05:30"},"name":"Phoropter","private":{"param":{"eye":2,"distance":5000,"vd":0,"pd":50.2,"R":{"sphere":-1.75,"cylinder":0,"axis":90},"L":{"sphere":-4,"cylinder":-6.25,"axis":127},"crossCylinder":{"status":0,"power":0.5,"RG":0},"RGFilter":0},"result":{"L":{"return":true},"R":{"return":true},"return":true}}},{"date":{"first":"2019-03-15T09:57:56+05:30","last":"2019-03-15T09:57:56+05:30"},"name":"Phoropter","private":{"param":{"eye":2,"distance":5000,"vd":0,"pd":50.2,"R":{"sphere":-1.5,"cylinder":0,"axis":90},"L":{"sphere":-3.75,"cylinder":-6.25,"axis":127},"crossCylinder":{"status":0,"power":0.5,"RG":0},"RGFilter":0},"result":{"L":{"return":true},"R":{"return":true},"return":true}}}]}]}