{"date":{"first":"2019-03-13T14:16:35+05:30","last":"2019-03-13T14:17:19+05:30"},"name":"One cycle of eye examination","private":{"sessionDate":"20190313","sessionTime":"141635","patientID":""},"children":[{"date":{"first":"2019-03-13T14:16:36+05:30","last":"2019-03-13T14:17:14+05:30"},"name":"subjective","children":[{"date":{"first":"2019-03-13T14:16:36+05:30","last":"2019-03-13T14:16:36+05:30"},"name":"Chart","private":{"param":{"R":{"chartID":2000},"L":{"chartID":2000}},"result":{"L":{"return":true},"R":{"return":true},"return":true}}},{"date":{"first":"2019-03-13T14:16:36+05:30","last":"2019-03-13T14:16:36+05:30"},"name":"Phoropter","private":{"param":{"eye":2,"distance":5000,"vd":0,"pd":65,"R":{"sphere":0,"cylinder":0,"axis":180},"L":{"sphere":0,"cylinder":0,"axis":180},"crossCylinder":{"status":0,"power":0.5,"RG":0},"RGFilter":0},"result":{"L":{"return":true},"R":{"return":true},"return":true}}},{"date":{"first":"2019-03-13T14:16:37+05:30","last":"2019-03-13T14:16:37+05:30"},"name":"Chart","private":{"param":{"R":{"chartID":2001},"L":{"chartID":2001}},"result":{"L":{"return":true},"R":{"return":true},"return":true}}},{"date":{"first":"2019-03-13T14:16:37+05:30","last":"2019-03-13T14:16:37+05:30"},"name":"Phoropter","private":{"param":{"eye":2,"distance":5000,"vd":0,"pd":65,"R":{"sphere":0,"cylinder":0,"axis":180},"L":{"sphere":0,"cylinder":0,"axis":180},"crossCylinder":{"status":0,"power":0.5,"RG":0},"RGFilter":0},"result":{"L":{"return":true},"R":{"return":true},"return":true}}},{"date":{"first":"2019-03-13T14:16:38+05:30","last":"2019-03-13T14:16:38+05:30"},"name":"Chart","private":{"param":{"R":{"chartID":7000},"L":{"chartID":7000}},"result":{"L":{"return":true},"R":{"return":true},"return":true}}},{"date":{"first":"2019-03-13T14:16:38+05:30","last":"2019-03-13T14:16:38+05:30"},"name":"Phoropter","private":{"param":{"eye":2,"distance":5000,"vd":0,"pd":65,"R":{"sphere":0,"cylinder":0,"axis":180},"L":{"sphere":0,"cylinder":0,"axis":180},"crossCylinder":{"status":0,"power":0.5,"RG":0},"RGFilter":1},"result":{"L":{"return":true},"R":{"return":true},"return":true}}},{"date":{"first":"2019-03-13T14:16:39+05:30","last":"2019-03-13T14:16:39+05:30"},"name":"Chart","private":{"param":{"R":{"chartID":7010},"L":{"chartID":7010}},"result":{"L":{"return":true},"R":{"return":true},"return":true}}},{"date":{"first":"2019-03-13T14:16:39+05:30","last":"2019-03-13T14:16:39+05:30"},"name":"Phoropter","private":{"param":{"eye":2,"distance":5000,"vd":0,"pd":65,"R":{"sphere":0,"cylinder":0,"axis":180},"L":{"sphere":0,"cylinder":0,"axis":180},"crossCylinder":{"status":0,"power":0.5,"RG":0},"RGFilter":0},"result":{"L":{"return":true},"R":{"return":true},"return":true}}},{"date":{"first":"2019-03-13T14:16:39+05:30","last":"2019-03-13T14:16:39+05:30"},"name":"Chart","private":{"param":{"R":{"chartID":1},"L":{"chartID":1}},"result":{"L":{"return":true},"R":{"return":true},"return":true}}},{"date":{"first":"2019-03-13T14:16:39+05:30","last":"2019-03-13T14:16:39+05:30"},"name":"Phoropter","private":{"param":{"eye":0,"distance":5000,"vd":0,"pd":65,"R":{"sphere":0,"cylinder":0,"axis":180},"L":{"sphere":0,"cylinder":0,"axis":180},"crossCylinder":{"status":1,"power":0.5,"RG":1},"RGFilter":0},"result":{"L":{"return":true},"R":{"return":true},"return":true}}},{"date":{"first":"2019-03-13T14:16:39+05:30","last":"2019-03-13T14:16:39+05:30"},"name":"Chart","private":{"param":{"R":{"chartID":7020},"L":{"chartID":1}},"result":{"L":{"return":true},"R":{"return":true},"return":true}}},{"date":{"first":"2019-03-13T14:16:40+05:30","last":"2019-03-13T14:16:40+05:30"},"name":"Chart","private":{"param":{"R":{"chartID":1},"L":{"chartID":1}},"result":{"L":{"return":true},"R":{"return":true},"return":true}}},{"date":{"first":"2019-03-13T14:16:40+05:30","last":"2019-03-13T14:16:40+05:30"},"name":"Phoropter","private":{"param":{"eye":0,"distance":5000,"vd":0,"pd":65,"R":{"sphere":0,"cylinder":0,"axis":180},"L":{"sphere":0,"cylinder":0,"axis":180},"crossCylinder":{"status":0,"power":0.5,"RG":0},"RGFilter":0},"result":{"L":{"return":true},"R":{"return":true},"return":true}}},{"date":{"first":"2019-03-13T14:16:40+05:30","last":"2019-03-13T14:16:40+05:30"},"name":"Chart","private":{"param":{"R":{"chartID":3002},"L":{"chartID":1}},"result":{"L":{"return":true},"R":{"return":true},"return":true}}},{"date":{"first":"2019-03-13T14:16:40+05:30","last":"2019-03-13T14:16:40+05:30"},"name":"Chart","private":{"param":{"R":{"chartID":3001},"L":{"chartID":1}},"result":{"L":{"return":true},"R":{"return":true},"return":true}}},{"date":{"first":"2019-03-13T14:16:40+05:30","last":"2019-03-13T14:16:40+05:30"},"name":"Phoropter","private":{"param":{"eye":0,"distance":5000,"vd":0,"pd":65,"R":{"sphere":0,"cylinder":0,"axis":180},"L":{"sphere":0,"cylinder":0,"axis":180},"crossCylinder":{"status":0,"power":0.5,"RG":0},"RGFilter":0},"result":{"L":{"return":true},"R":{"return":true},"return":true}}},{"date":{"first":"2019-03-13T14:16:41+05:30","last":"2019-03-13T14:16:41+05:30"},"name":"Chart","private":{"param":{"R":{"chartID":2007},"L":{"chartID":1}},"result":{"L":{"return":true},"R":{"return":true},"return":true}}},{"date":{"first":"2019-03-13T14:16:41+05:30","last":"2019-03-13T14:16:41+05:30"},"name":"Phoropter","private":{"param":{"eye":0,"distance":5000,"vd":0,"pd":65,"R":{"sphere":0,"cylinder":0,"axis":180},"L":{"sphere":0,"cylinder":0,"axis":180},"crossCylinder":{"status":0,"power":0.5,"RG":0},"RGFilter":0},"result":{"L":{"return":true},"R":{"return":true},"return":true}}},{"date":{"first":"2019-03-13T14:16:42+05:30","last":"2019-03-13T14:16:42+05:30"},"name":"Chart","private":{"param":{"R":{"chartID":3009},"L":{"chartID":1}},"result":{"L":{"return":true},"R":{"return":true},"return":true}}},{"date":{"first":"2019-03-13T14:16:42+05:30","last":"2019-03-13T14:16:42+05:30"},"name":"Phoropter","private":{"param":{"eye":0,"distance":5000,"vd":0,"pd":65,"R":{"sphere":0,"cylinder":0,"axis":180},"L":{"sphere":0,"cylinder":0,"axis":180},"crossCylinder":{"status":0,"power":0.5,"RG":0},"RGFilter":0},"result":{"L":{"return":true},"R":{"return":true},"return":true}}},{"date":{"first":"2019-03-13T14:16:42+05:30","last":"2019-03-13T14:16:42+05:30"},"name":"Chart","private":{"param":{"R":{"chartID":3008},"L":{"chartID":1}},"result":{"L":{"return":true},"R":{"return":true},"return":true}}},{"date":{"first":"2019-03-13T14:16:42+05:30","last":"2019-03-13T14:16:42+05:30"},"name":"Phoropter","private":{"param":{"eye":0,"distance":5000,"vd":0,"pd":65,"R":{"sphere":0,"cylinder":0,"axis":180},"L":{"sphere":0,"cylinder":0,"axis":180},"crossCylinder":{"status":0,"power":0.5,"RG":0},"RGFilter":0},"result":{"L":{"return":true},"R":{"return":true},"return":true}}},{"date":{"first":"2019-03-13T14:16:43+05:30","last":"2019-03-13T14:16:43+05:30"},"name":"Chart","private":{"param":{"R":{"chartID":3006},"L":{"chartID":1}},"result":{"L":{"return":true},"R":{"return":true},"return":true}}},{"date":{"first":"2019-03-13T14:16:43+05:30","last":"2019-03-13T14:16:43+05:30"},"name":"Phoropter","private":{"param":{"eye":0,"distance":5000,"vd":0,"pd":65,"R":{"sphere":0,"cylinder":0,"axis":180},"L":{"sphere":0,"cylinder":0,"axis":180},"crossCylinder":{"status":0,"power":0.5,"RG":0},"RGFilter":0},"result":{"L":{"return":true},"R":{"return":true},"return":true}}},{"date":{"first":"2019-03-13T14:16:47+05:30","last":"2019-03-13T14:16:47+05:30"},"name":"Chart","private":{"param":{"R":{"chartID":7031},"L":{"chartID":7032}},"result":{"L":{"return":true},"R":{"return":true},"return":true}}},{"date":{"first":"2019-03-13T14:16:47+05:30","last":"2019-03-13T14:16:47+05:30"},"name":"Phoropter","private":{"param":{"eye":2,"distance":5000,"vd":0,"pd":65,"R":{"sphere":0,"cylinder":0,"axis":180},"L":{"sphere":0,"cylinder":0,"axis":180},"crossCylinder":{"status":0,"power":0.5,"RG":0},"RGFilter":0},"result":{"L":{"return":true},"R":{"return":true},"return":true}}},{"date":{"first":"2019-03-13T14:16:47+05:30","last":"2019-03-13T14:16:47+05:30"},"name":"Chart","private":{"param":{"R":{"chartID":0},"L":{"chartID":0}},"result":{"L":{"return":true},"R":{"return":true},"return":true}}},{"date":{"first":"2019-03-13T14:16:47+05:30","last":"2019-03-13T14:16:47+05:30"},"name":"Phoropter","private":{"param":{"eye":2,"distance":400,"vd":0,"pd":65,"R":{"sphere":0,"cylinder":0,"axis":180},"L":{"sphere":0,"cylinder":0,"axis":180},"crossCylinder":{"status":3,"power":0.5,"RG":0},"RGFilter":0},"result":{"L":{"return":true},"R":{"return":true},"return":true}}},{"date":{"first":"2019-03-13T14:16:47+05:30","last":"2019-03-13T14:16:48+05:30"},"name":"Chart","private":{"param":{"R":{"chartID":7040},"L":{"chartID":7040}},"result":{"L":{"return":true},"R":{"return":true},"return":true}}},{"date":{"first":"2019-03-13T14:16:52+05:30","last":"2019-03-13T14:16:52+05:30"},"name":"Chart","private":{"param":{"R":{"chartID":7031},"L":{"chartID":7032}},"result":{"L":{"return":true},"R":{"return":true},"return":true}}},{"date":{"first":"2019-03-13T14:16:52+05:30","last":"2019-03-13T14:16:52+05:30"},"name":"Phoropter","private":{"param":{"eye":2,"distance":400,"vd":0,"pd":65,"R":{"sphere":0,"cylinder":0,"axis":180},"L":{"sphere":0,"cylinder":0,"axis":180},"crossCylinder":{"status":0,"power":0.5,"RG":0},"RGFilter":0},"result":{"L":{"return":true},"R":{"return":true},"return":true}}},{"date":{"first":"2019-03-13T14:16:54+05:30","last":"2019-03-13T14:16:54+05:30"},"name":"Chart","private":{"param":{"R":{"chartID":3157},"L":{"chartID":3157}},"result":{"L":{"return":true},"R":{"return":true},"return":true}}},{"date":{"first":"2019-03-13T14:16:54+05:30","last":"2019-03-13T14:16:54+05:30"},"name":"Phoropter","private":{"param":{"eye":2,"distance":400,"vd":0,"pd":65,"R":{"sphere":0,"cylinder":0,"axis":180},"L":{"sphere":0,"cylinder":0,"axis":180},"crossCylinder":{"status":0,"power":0.5,"RG":0},"RGFilter":0},"result":{"L":{"return":true},"R":{"return":true},"return":true}}},{"date":{"first":"2019-03-13T14:16:54+05:30","last":"2019-03-13T14:16:54+05:30"},"name":"Chart","private":{"param":{"R":{"chartID":3156},"L":{"chartID":3156}},"result":{"L":{"return":true},"R":{"return":true},"return":true}}},{"date":{"first":"2019-03-13T14:16:54+05:30","last":"2019-03-13T14:16:54+05:30"},"name":"Phoropter","private":{"param":{"eye":2,"distance":400,"vd":0,"pd":65,"R":{"sphere":0,"cylinder":0,"axis":180},"L":{"sphere":0,"cylinder":0,"axis":180},"crossCylinder":{"status":0,"power":0.5,"RG":0},"RGFilter":0},"result":{"L":{"return":true},"R":{"return":true},"return":true}}},{"date":{"first":"2019-03-13T14:16:55+05:30","last":"2019-03-13T14:16:55+05:30"},"name":"Chart","private":{"param":{"R":{"chartID":3155},"L":{"chartID":3155}},"result":{"L":{"return":true},"R":{"return":true},"return":true}}},{"date":{"first":"2019-03-13T14:16:55+05:30","last":"2019-03-13T14:16:55+05:30"},"name":"Phoropter","private":{"param":{"eye":2,"distance":400,"vd":0,"pd":65,"R":{"sphere":0,"cylinder":0,"axis":180},"L":{"sphere":0,"cylinder":0,"axis":180},"crossCylinder":{"status":0,"power":0.5,"RG":0},"RGFilter":0},"result":{"L":{"return":true},"R":{"return":true},"return":true}}},{"date":{"first":"2019-03-13T14:16:56+05:30","last":"2019-03-13T14:16:56+05:30"},"name":"Chart","private":{"param":{"R":{"chartID":3154},"L":{"chartID":3154}},"result":{"L":{"return":true},"R":{"return":true},"return":true}}},{"date":{"first":"2019-03-13T14:16:56+05:30","last":"2019-03-13T14:16:56+05:30"},"name":"Phoropter","private":{"param":{"eye":2,"distance":400,"vd":0,"pd":65,"R":{"sphere":0,"cylinder":0,"axis":180},"L":{"sphere":0,"cylinder":0,"axis":180},"crossCylinder":{"status":0,"power":0.5,"RG":0},"RGFilter":0},"result":{"L":{"return":true},"R":{"return":true},"return":true}}},{"date":{"first":"2019-03-13T14:16:56+05:30","last":"2019-03-13T14:16:56+05:30"},"name":"Chart","private":{"param":{"R":{"chartID":3153},"L":{"chartID":3153}},"result":{"L":{"return":true},"R":{"return":true},"return":true}}},{"date":{"first":"2019-03-13T14:16:56+05:30","last":"2019-03-13T14:16:56+05:30"},"name":"Phoropter","private":{"param":{"eye":2,"distance":400,"vd":0,"pd":65,"R":{"sphere":0,"cylinder":0,"axis":180},"L":{"sphere":0,"cylinder":0,"axis":180},"crossCylinder":{"status":0,"power":0.5,"RG":0},"RGFilter":0},"result":{"L":{"return":true},"R":{"return":true},"return":true}}},{"date":{"first":"2019-03-13T14:16:57+05:30","last":"2019-03-13T14:16:57+05:30"},"name":"Chart","private":{"param":{"R":{"chartID":3152},"L":{"chartID":3152}},"result":{"L":{"return":true},"R":{"return":true},"return":true}}},{"date":{"first":"2019-03-13T14:16:57+05:30","last":"2019-03-13T14:16:57+05:30"},"name":"Phoropter","private":{"param":{"eye":2,"distance":400,"vd":0,"pd":65,"R":{"sphere":0,"cylinder":0,"axis":180},"L":{"sphere":0,"cylinder":0,"axis":180},"crossCylinder":{"status":0,"power":0.5,"RG":0},"RGFilter":0},"result":{"L":{"return":true},"R":{"return":true},"return":true}}},{"date":{"first":"2019-03-13T14:16:57+05:30","last":"2019-03-13T14:16:57+05:30"},"name":"Chart","private":{"param":{"R":{"chartID":3151},"L":{"chartID":3151}},"result":{"L":{"return":true},"R":{"return":true},"return":true}}},{"date":{"first":"2019-03-13T14:16:57+05:30","last":"2019-03-13T14:16:57+05:30"},"name":"Phoropter","private":{"param":{"eye":2,"distance":400,"vd":0,"pd":65,"R":{"sphere":0,"cylinder":0,"axis":180},"L":{"sphere":0,"cylinder":0,"axis":180},"crossCylinder":{"status":0,"power":0.5,"RG":0},"RGFilter":0},"result":{"L":{"return":true},"R":{"return":true},"return":true}}},{"date":{"first":"2019-03-13T14:17:14+05:30","last":"2019-03-13T14:17:14+05:30"},"name":"Chart","private":{"param":{"R":{"chartID":0},"L":{"chartID":0}},"result":{"L":{"return":true},"R":{"return":true},"return":true}}},{"date":{"first":"2019-03-13T14:17:14+05:30","last":"2019-03-13T14:17:14+05:30"},"name":"Phoropter","private":{"param":{"eye":2,"distance":5000,"vd":0,"pd":65,"R":{"sphere":0,"cylinder":0,"axis":180},"L":{"sphere":0,"cylinder":0,"axis":180},"crossCylinder":{"status":0,"power":0.5,"RG":0},"RGFilter":0},"result":{"L":{"return":true},"R":{"return":true},"return":true}}},{"date":{"first":"2019-03-13T14:17:14+05:30","last":"2019-03-13T14:17:14+05:30"},"name":"Chart","private":{"param":{"R":{"chartID":3151},"L":{"chartID":3151}},"result":{"L":{"return":true},"R":{"return":true},"return":true}}}]}]}