{"refraction":{"VD":{"unit":"mm","value":0},"R":{"List":{"1":{"Sphere":{"unit":"D","value":3.26},"Cylinder":{"unit":"D","value":9.58},"Axis":{"unit":"deg","value":73}},"2":{"Sphere":{"unit":"D","value":8.35},"Cylinder":{"unit":"D","value":-2.85},"Axis":{"unit":"deg","value":15}},"3":{"Sphere":{"unit":"D","value":6.58},"Cylinder":{"unit":"D","value":7.99},"Axis":{"unit":"deg","value":84}}},"Median":{"Sphere":{"unit":"D","value":3.26},"Cylinder":{"unit":"D","value":9.58},"Axis":{"unit":"deg","value":15}},"TargetEye":"Bino"},"L":{"List":{"1":{"Sphere":{"unit":"D","value":-1.73},"Cylinder":{"unit":"D","value":8.8},"Axis":{"unit":"deg","value":13}},"2":{"Sphere":{"unit":"D","value":8.22},"Cylinder":{"unit":"D","value":0.09},"Axis":{"unit":"deg","value":127}},"3":{"Sphere":{"unit":"D","value":3.32},"Cylinder":{"unit":"D","value":9.1},"Axis":{"unit":"deg","value":113}}},"Median":{"Sphere":{"unit":"D","value":8.22},"Cylinder":{"unit":"D","value":8.8},"Axis":{"unit":"deg","value":13}},"TargetEye":"Bino"}},"PD":{"Distance":{"value":28.6,"unit":"mm"}}}