{"refraction":{"VD":{"unit":"mm","value":0},"R":{"List":{"1":{"Sphere":{"unit":"D","value":4.69},"Cylinder":{"unit":"D","value":8.55},"Axis":{"unit":"deg","value":38}},"2":{"Sphere":{"unit":"D","value":1.42},"Cylinder":{"unit":"D","value":1.85},"Axis":{"unit":"deg","value":115}},"3":{"Sphere":{"unit":"D","value":-1.85},"Cylinder":{"unit":"D","value":-6.99},"Axis":{"unit":"deg","value":32}}},"Median":{"Sphere":{"unit":"D","value":4.69},"Cylinder":{"unit":"D","value":1.85},"Axis":{"unit":"deg","value":38}},"TargetEye":"Bino"},"L":{"List":{"1":{"Sphere":{"unit":"D","value":8.82},"Cylinder":{"unit":"D","value":-5.99},"Axis":{"unit":"deg","value":82}},"2":{"Sphere":{"unit":"D","value":-7.29},"Cylinder":{"unit":"D","value":4.8},"Axis":{"unit":"deg","value":163}},"3":{"Sphere":{"unit":"D","value":-6.07},"Cylinder":{"unit":"D","value":8.1},"Axis":{"unit":"deg","value":111}}},"Median":{"Sphere":{"unit":"D","value":-6.07},"Cylinder":{"unit":"D","value":8.1},"Axis":{"unit":"deg","value":82}},"TargetEye":"Bino"}},"PD":{"Distance":{"value":82,"unit":"mm"}}}