{"refraction":{"VD":{"unit":"mm","value":0},"R":{"List":{"1":{"Sphere":{"unit":"D","value":7.4},"Cylinder":{"unit":"D","value":7.84},"Axis":{"unit":"deg","value":43}},"2":{"Sphere":{"unit":"D","value":7.38},"Cylinder":{"unit":"D","value":1.48},"Axis":{"unit":"deg","value":145}},"3":{"Sphere":{"unit":"D","value":-6.39},"Cylinder":{"unit":"D","value":7.99},"Axis":{"unit":"deg","value":16}}},"Median":{"Sphere":{"unit":"D","value":-6.39},"Cylinder":{"unit":"D","value":1.48},"Axis":{"unit":"deg","value":43}},"TargetEye":"Bino"},"L":{"List":{"1":{"Sphere":{"unit":"D","value":-9.07},"Cylinder":{"unit":"D","value":0.16},"Axis":{"unit":"deg","value":131}},"2":{"Sphere":{"unit":"D","value":6.5},"Cylinder":{"unit":"D","value":8.44},"Axis":{"unit":"deg","value":116}},"3":{"Sphere":{"unit":"D","value":8.69},"Cylinder":{"unit":"D","value":4.26},"Axis":{"unit":"deg","value":115}}},"Median":{"Sphere":{"unit":"D","value":-9.07},"Cylinder":{"unit":"D","value":8.44},"Axis":{"unit":"deg","value":131}},"TargetEye":"Bino"}},"PD":{"Distance":{"value":71.19999999999999,"unit":"mm"}}}