{"refraction":{"VD":{"unit":"mm","value":0},"R":{"List":{"1":{"Sphere":{"unit":"D","value":0.9},"Cylinder":{"unit":"D","value":1.37},"Axis":{"unit":"deg","value":103}},"2":{"Sphere":{"unit":"D","value":-2.1},"Cylinder":{"unit":"D","value":8.16},"Axis":{"unit":"deg","value":42}},"3":{"Sphere":{"unit":"D","value":-3.64},"Cylinder":{"unit":"D","value":1.33},"Axis":{"unit":"deg","value":88}}},"Median":{"Sphere":{"unit":"D","value":0.9},"Cylinder":{"unit":"D","value":1.33},"Axis":{"unit":"deg","value":42}},"TargetEye":"Bino"},"L":{"List":{"1":{"Sphere":{"unit":"D","value":7.25},"Cylinder":{"unit":"D","value":-0.64},"Axis":{"unit":"deg","value":105}},"2":{"Sphere":{"unit":"D","value":0.51},"Cylinder":{"unit":"D","value":-1.28},"Axis":{"unit":"deg","value":36}},"3":{"Sphere":{"unit":"D","value":4.58},"Cylinder":{"unit":"D","value":-5.39},"Axis":{"unit":"deg","value":14}}},"Median":{"Sphere":{"unit":"D","value":0.51},"Cylinder":{"unit":"D","value":-5.39},"Axis":{"unit":"deg","value":105}},"TargetEye":"Bino"}},"PD":{"Distance":{"value":74.1,"unit":"mm"}}}