{"refraction":{"VD":{"unit":"mm","value":0},"R":{"List":{"1":{"Sphere":{"unit":"D","value":8.6},"Cylinder":{"unit":"D","value":7.9},"Axis":{"unit":"deg","value":15}},"2":{"Sphere":{"unit":"D","value":7.35},"Cylinder":{"unit":"D","value":-7.76},"Axis":{"unit":"deg","value":110}},"3":{"Sphere":{"unit":"D","value":8.51},"Cylinder":{"unit":"D","value":5.79},"Axis":{"unit":"deg","value":170}}},"Median":{"Sphere":{"unit":"D","value":8.51},"Cylinder":{"unit":"D","value":5.79},"Axis":{"unit":"deg","value":15}},"TargetEye":"Bino"},"L":{"List":{"1":{"Sphere":{"unit":"D","value":2.21},"Cylinder":{"unit":"D","value":-6.24},"Axis":{"unit":"deg","value":158}},"2":{"Sphere":{"unit":"D","value":0.25},"Cylinder":{"unit":"D","value":-2.37},"Axis":{"unit":"deg","value":88}},"3":{"Sphere":{"unit":"D","value":4.23},"Cylinder":{"unit":"D","value":-4.76},"Axis":{"unit":"deg","value":23}}},"Median":{"Sphere":{"unit":"D","value":4.23},"Cylinder":{"unit":"D","value":-4.76},"Axis":{"unit":"deg","value":88}},"TargetEye":"Bino"}},"PD":{"Distance":{"value":56.9,"unit":"mm"}}}