{"refraction":{"VD":{"unit":"mm","value":0},"R":{"List":{"1":{"Sphere":{"unit":"D","value":7.71},"Cylinder":{"unit":"D","value":-8.31},"Axis":{"unit":"deg","value":11}},"2":{"Sphere":{"unit":"D","value":3.65},"Cylinder":{"unit":"D","value":-5.11},"Axis":{"unit":"deg","value":36}},"3":{"Sphere":{"unit":"D","value":6.41},"Cylinder":{"unit":"D","value":-5.4},"Axis":{"unit":"deg","value":125}}},"Median":{"Sphere":{"unit":"D","value":6.41},"Cylinder":{"unit":"D","value":-5.11},"Axis":{"unit":"deg","value":125}},"TargetEye":"Bino"},"L":{"List":{"1":{"Sphere":{"unit":"D","value":-8.28},"Cylinder":{"unit":"D","value":-5.06},"Axis":{"unit":"deg","value":119}},"2":{"Sphere":{"unit":"D","value":-9.44},"Cylinder":{"unit":"D","value":4.23},"Axis":{"unit":"deg","value":135}},"3":{"Sphere":{"unit":"D","value":-8.21},"Cylinder":{"unit":"D","value":-5},"Axis":{"unit":"deg","value":172}}},"Median":{"Sphere":{"unit":"D","value":-8.28},"Cylinder":{"unit":"D","value":4.23},"Axis":{"unit":"deg","value":172}},"TargetEye":"Bino"}},"PD":{"Distance":{"value":80.9,"unit":"mm"}}}