{"refraction":{"VD":{"unit":"mm","value":0},"R":{"List":{"1":{"Sphere":{"unit":"D","value":1.58},"Cylinder":{"unit":"D","value":-8.28},"Axis":{"unit":"deg","value":41}},"2":{"Sphere":{"unit":"D","value":-3.46},"Cylinder":{"unit":"D","value":4.01},"Axis":{"unit":"deg","value":1}},"3":{"Sphere":{"unit":"D","value":-1.44},"Cylinder":{"unit":"D","value":-3.37},"Axis":{"unit":"deg","value":146}}},"Median":{"Sphere":{"unit":"D","value":-1.44},"Cylinder":{"unit":"D","value":-3.37},"Axis":{"unit":"deg","value":1}},"TargetEye":"Bino"},"L":{"List":{"1":{"Sphere":{"unit":"D","value":3.48},"Cylinder":{"unit":"D","value":3.17},"Axis":{"unit":"deg","value":142}},"2":{"Sphere":{"unit":"D","value":6.46},"Cylinder":{"unit":"D","value":4.13},"Axis":{"unit":"deg","value":4}},"3":{"Sphere":{"unit":"D","value":9.8},"Cylinder":{"unit":"D","value":0.82},"Axis":{"unit":"deg","value":47}}},"Median":{"Sphere":{"unit":"D","value":3.48},"Cylinder":{"unit":"D","value":0.82},"Axis":{"unit":"deg","value":142}},"TargetEye":"Bino"}},"PD":{"Distance":{"value":60,"unit":"mm"}}}