{"refraction":{"VD":{"unit":"mm","value":0},"R":{"List":{"1":{"Sphere":{"unit":"D","value":5.42},"Cylinder":{"unit":"D","value":1.13},"Axis":{"unit":"deg","value":135}},"2":{"Sphere":{"unit":"D","value":8.17},"Cylinder":{"unit":"D","value":3.06},"Axis":{"unit":"deg","value":60}},"3":{"Sphere":{"unit":"D","value":-6.55},"Cylinder":{"unit":"D","value":-0.46},"Axis":{"unit":"deg","value":178}}},"Median":{"Sphere":{"unit":"D","value":8.17},"Cylinder":{"unit":"D","value":-0.46},"Axis":{"unit":"deg","value":178}},"TargetEye":"Bino"},"L":{"List":{"1":{"Sphere":{"unit":"D","value":-3.1},"Cylinder":{"unit":"D","value":7.95},"Axis":{"unit":"deg","value":100}},"2":{"Sphere":{"unit":"D","value":2.55},"Cylinder":{"unit":"D","value":-8.61},"Axis":{"unit":"deg","value":81}},"3":{"Sphere":{"unit":"D","value":5.76},"Cylinder":{"unit":"D","value":-3.39},"Axis":{"unit":"deg","value":157}}},"Median":{"Sphere":{"unit":"D","value":-3.1},"Cylinder":{"unit":"D","value":7.95},"Axis":{"unit":"deg","value":81}},"TargetEye":"Bino"}},"PD":{"Distance":{"value":60.900000000000006,"unit":"mm"}}}