{"refraction":{"VD":{"unit":"mm","value":0},"R":{"List":{"1":{"Sphere":{"unit":"D","value":1.19},"Cylinder":{"unit":"D","value":9.85},"Axis":{"unit":"deg","value":133}},"2":{"Sphere":{"unit":"D","value":9.85},"Cylinder":{"unit":"D","value":-6.7},"Axis":{"unit":"deg","value":7}},"3":{"Sphere":{"unit":"D","value":-5.19},"Cylinder":{"unit":"D","value":7.17},"Axis":{"unit":"deg","value":98}}},"Median":{"Sphere":{"unit":"D","value":9.85},"Cylinder":{"unit":"D","value":-6.7},"Axis":{"unit":"deg","value":133}},"TargetEye":"Bino"},"L":{"List":{"1":{"Sphere":{"unit":"D","value":-8.34},"Cylinder":{"unit":"D","value":3.68},"Axis":{"unit":"deg","value":161}},"2":{"Sphere":{"unit":"D","value":-9.9},"Cylinder":{"unit":"D","value":7.14},"Axis":{"unit":"deg","value":139}},"3":{"Sphere":{"unit":"D","value":0.07},"Cylinder":{"unit":"D","value":6.81},"Axis":{"unit":"deg","value":43}}},"Median":{"Sphere":{"unit":"D","value":0.07},"Cylinder":{"unit":"D","value":6.81},"Axis":{"unit":"deg","value":139}},"TargetEye":"Bino"}},"PD":{"Distance":{"value":78,"unit":"mm"}}}