{"refraction":{"VD":{"unit":"mm","value":0},"R":{"List":{"1":{"Sphere":{"unit":"D","value":-3.76},"Cylinder":{"unit":"D","value":-2.88},"Axis":{"unit":"deg","value":137}},"2":{"Sphere":{"unit":"D","value":6.31},"Cylinder":{"unit":"D","value":-3.09},"Axis":{"unit":"deg","value":171}},"3":{"Sphere":{"unit":"D","value":-3.34},"Cylinder":{"unit":"D","value":-1.89},"Axis":{"unit":"deg","value":127}}},"Median":{"Sphere":{"unit":"D","value":6.31},"Cylinder":{"unit":"D","value":-3.09},"Axis":{"unit":"deg","value":137}},"TargetEye":"Bino"},"L":{"List":{"1":{"Sphere":{"unit":"D","value":-2.78},"Cylinder":{"unit":"D","value":2.95},"Axis":{"unit":"deg","value":95}},"2":{"Sphere":{"unit":"D","value":-3.86},"Cylinder":{"unit":"D","value":-7.19},"Axis":{"unit":"deg","value":104}},"3":{"Sphere":{"unit":"D","value":-8.88},"Cylinder":{"unit":"D","value":5.25},"Axis":{"unit":"deg","value":125}}},"Median":{"Sphere":{"unit":"D","value":-3.86},"Cylinder":{"unit":"D","value":5.25},"Axis":{"unit":"deg","value":95}},"TargetEye":"Bino"}},"PD":{"Distance":{"value":24.4,"unit":"mm"}}}