{"refraction":{"VD":{"unit":"mm","value":0},"R":{"List":{"1":{"Sphere":{"unit":"D","value":-7.93},"Cylinder":{"unit":"D","value":-3.85},"Axis":{"unit":"deg","value":77}},"2":{"Sphere":{"unit":"D","value":-6.11},"Cylinder":{"unit":"D","value":6.45},"Axis":{"unit":"deg","value":67}},"3":{"Sphere":{"unit":"D","value":-5.41},"Cylinder":{"unit":"D","value":-9.78},"Axis":{"unit":"deg","value":169}}},"Median":{"Sphere":{"unit":"D","value":-7.93},"Cylinder":{"unit":"D","value":-9.78},"Axis":{"unit":"deg","value":169}},"TargetEye":"Bino"},"L":{"List":{"1":{"Sphere":{"unit":"D","value":3.74},"Cylinder":{"unit":"D","value":3.2},"Axis":{"unit":"deg","value":170}},"2":{"Sphere":{"unit":"D","value":-3.28},"Cylinder":{"unit":"D","value":-8.66},"Axis":{"unit":"deg","value":176}},"3":{"Sphere":{"unit":"D","value":-7.51},"Cylinder":{"unit":"D","value":-3.61},"Axis":{"unit":"deg","value":133}}},"Median":{"Sphere":{"unit":"D","value":3.74},"Cylinder":{"unit":"D","value":3.2},"Axis":{"unit":"deg","value":133}},"TargetEye":"Bino"}},"PD":{"Distance":{"value":60.6,"unit":"mm"}}}