{"refraction":{"VD":{"unit":"mm","value":0},"R":{"List":{"1":{"Sphere":{"unit":"D","value":-8.11},"Cylinder":{"unit":"D","value":-9.39},"Axis":{"unit":"deg","value":41}},"2":{"Sphere":{"unit":"D","value":4.59},"Cylinder":{"unit":"D","value":-8.37},"Axis":{"unit":"deg","value":171}},"3":{"Sphere":{"unit":"D","value":7.85},"Cylinder":{"unit":"D","value":1.11},"Axis":{"unit":"deg","value":87}}},"Median":{"Sphere":{"unit":"D","value":7.85},"Cylinder":{"unit":"D","value":-8.37},"Axis":{"unit":"deg","value":171}},"TargetEye":"Bino"},"L":{"List":{"1":{"Sphere":{"unit":"D","value":-8.14},"Cylinder":{"unit":"D","value":6.99},"Axis":{"unit":"deg","value":163}},"2":{"Sphere":{"unit":"D","value":5.38},"Cylinder":{"unit":"D","value":3.96},"Axis":{"unit":"deg","value":102}},"3":{"Sphere":{"unit":"D","value":-7.38},"Cylinder":{"unit":"D","value":5.96},"Axis":{"unit":"deg","value":44}}},"Median":{"Sphere":{"unit":"D","value":-7.38},"Cylinder":{"unit":"D","value":6.99},"Axis":{"unit":"deg","value":102}},"TargetEye":"Bino"}},"PD":{"Distance":{"value":84.1,"unit":"mm"}}}