{"refraction":{"VD":{"unit":"mm","value":0},"R":{"List":{"1":{"Sphere":{"unit":"D","value":-0.3},"Cylinder":{"unit":"D","value":-4.62},"Axis":{"unit":"deg","value":66}},"2":{"Sphere":{"unit":"D","value":2.94},"Cylinder":{"unit":"D","value":-2.61},"Axis":{"unit":"deg","value":124}},"3":{"Sphere":{"unit":"D","value":9.93},"Cylinder":{"unit":"D","value":5},"Axis":{"unit":"deg","value":154}}},"Median":{"Sphere":{"unit":"D","value":9.93},"Cylinder":{"unit":"D","value":5},"Axis":{"unit":"deg","value":66}},"TargetEye":"Bino"},"L":{"List":{"1":{"Sphere":{"unit":"D","value":-5.3},"Cylinder":{"unit":"D","value":3.5},"Axis":{"unit":"deg","value":11}},"2":{"Sphere":{"unit":"D","value":-0.62},"Cylinder":{"unit":"D","value":5.36},"Axis":{"unit":"deg","value":11}},"3":{"Sphere":{"unit":"D","value":-2.67},"Cylinder":{"unit":"D","value":-5.19},"Axis":{"unit":"deg","value":21}}},"Median":{"Sphere":{"unit":"D","value":-2.67},"Cylinder":{"unit":"D","value":3.5},"Axis":{"unit":"deg","value":11}},"TargetEye":"Bino"}},"PD":{"Distance":{"value":62.8,"unit":"mm"}}}