{"refraction":{"VD":{"unit":"mm","value":0},"R":{"List":{"1":{"Sphere":{"unit":"D","value":-6.99},"Cylinder":{"unit":"D","value":-9.45},"Axis":{"unit":"deg","value":56}},"2":{"Sphere":{"unit":"D","value":-7.84},"Cylinder":{"unit":"D","value":1.17},"Axis":{"unit":"deg","value":66}},"3":{"Sphere":{"unit":"D","value":8.94},"Cylinder":{"unit":"D","value":9.38},"Axis":{"unit":"deg","value":69}}},"Median":{"Sphere":{"unit":"D","value":8.94},"Cylinder":{"unit":"D","value":1.17},"Axis":{"unit":"deg","value":56}},"TargetEye":"Bino"},"L":{"List":{"1":{"Sphere":{"unit":"D","value":-2.15},"Cylinder":{"unit":"D","value":-5.88},"Axis":{"unit":"deg","value":123}},"2":{"Sphere":{"unit":"D","value":-9.21},"Cylinder":{"unit":"D","value":8.11},"Axis":{"unit":"deg","value":138}},"3":{"Sphere":{"unit":"D","value":-5.5},"Cylinder":{"unit":"D","value":-1.37},"Axis":{"unit":"deg","value":65}}},"Median":{"Sphere":{"unit":"D","value":-9.21},"Cylinder":{"unit":"D","value":-5.88},"Axis":{"unit":"deg","value":138}},"TargetEye":"Bino"}},"PD":{"Distance":{"value":72.4,"unit":"mm"}}}