{"refraction":{"VD":{"unit":"mm","value":0},"R":{"List":{"1":{"Sphere":{"unit":"D","value":-3.49},"Cylinder":{"unit":"D","value":-7.75},"Axis":{"unit":"deg","value":96}},"2":{"Sphere":{"unit":"D","value":-7.11},"Cylinder":{"unit":"D","value":-6.59},"Axis":{"unit":"deg","value":155}},"3":{"Sphere":{"unit":"D","value":-9.16},"Cylinder":{"unit":"D","value":-9.02},"Axis":{"unit":"deg","value":20}}},"Median":{"Sphere":{"unit":"D","value":-3.49},"Cylinder":{"unit":"D","value":-9.02},"Axis":{"unit":"deg","value":96}},"TargetEye":"Bino"},"L":{"List":{"1":{"Sphere":{"unit":"D","value":-6.3},"Cylinder":{"unit":"D","value":-2.78},"Axis":{"unit":"deg","value":155}},"2":{"Sphere":{"unit":"D","value":6.91},"Cylinder":{"unit":"D","value":2.61},"Axis":{"unit":"deg","value":175}},"3":{"Sphere":{"unit":"D","value":-2.2},"Cylinder":{"unit":"D","value":-4.7},"Axis":{"unit":"deg","value":105}}},"Median":{"Sphere":{"unit":"D","value":6.91},"Cylinder":{"unit":"D","value":-4.7},"Axis":{"unit":"deg","value":105}},"TargetEye":"Bino"}},"PD":{"Distance":{"value":65.2,"unit":"mm"}}}