{"refraction":{"VD":{"unit":"mm","value":0},"R":{"List":{"1":{"Sphere":{"unit":"D","value":-3.3},"Cylinder":{"unit":"D","value":-2.46},"Axis":{"unit":"deg","value":11}},"2":{"Sphere":{"unit":"D","value":-7.98},"Cylinder":{"unit":"D","value":-5.8},"Axis":{"unit":"deg","value":45}},"3":{"Sphere":{"unit":"D","value":2.25},"Cylinder":{"unit":"D","value":7.91},"Axis":{"unit":"deg","value":33}}},"Median":{"Sphere":{"unit":"D","value":2.25},"Cylinder":{"unit":"D","value":7.91},"Axis":{"unit":"deg","value":33}},"TargetEye":"Bino"},"L":{"List":{"1":{"Sphere":{"unit":"D","value":-7.69},"Cylinder":{"unit":"D","value":2.05},"Axis":{"unit":"deg","value":120}},"2":{"Sphere":{"unit":"D","value":1.71},"Cylinder":{"unit":"D","value":-1.24},"Axis":{"unit":"deg","value":124}},"3":{"Sphere":{"unit":"D","value":9.47},"Cylinder":{"unit":"D","value":2.24},"Axis":{"unit":"deg","value":117}}},"Median":{"Sphere":{"unit":"D","value":9.47},"Cylinder":{"unit":"D","value":2.24},"Axis":{"unit":"deg","value":124}},"TargetEye":"Bino"}},"PD":{"Distance":{"value":83.1,"unit":"mm"}}}