{"refraction":{"VD":{"unit":"mm","value":0},"R":{"List":{"1":{"Sphere":{"unit":"D","value":9.67},"Cylinder":{"unit":"D","value":-7.02},"Axis":{"unit":"deg","value":96}},"2":{"Sphere":{"unit":"D","value":9.21},"Cylinder":{"unit":"D","value":7.84},"Axis":{"unit":"deg","value":156}},"3":{"Sphere":{"unit":"D","value":-9.51},"Cylinder":{"unit":"D","value":8.05},"Axis":{"unit":"deg","value":139}}},"Median":{"Sphere":{"unit":"D","value":9.67},"Cylinder":{"unit":"D","value":7.84},"Axis":{"unit":"deg","value":156}},"TargetEye":"Bino"},"L":{"List":{"1":{"Sphere":{"unit":"D","value":2.71},"Cylinder":{"unit":"D","value":-5.73},"Axis":{"unit":"deg","value":84}},"2":{"Sphere":{"unit":"D","value":-8},"Cylinder":{"unit":"D","value":-5.09},"Axis":{"unit":"deg","value":78}},"3":{"Sphere":{"unit":"D","value":-5.38},"Cylinder":{"unit":"D","value":-1.79},"Axis":{"unit":"deg","value":5}}},"Median":{"Sphere":{"unit":"D","value":-5.38},"Cylinder":{"unit":"D","value":-5.09},"Axis":{"unit":"deg","value":5}},"TargetEye":"Bino"}},"PD":{"Distance":{"value":64.1,"unit":"mm"}}}