{"refraction":{"VD":{"unit":"mm","value":0},"R":{"List":{"1":{"Sphere":{"unit":"D","value":-4.7},"Cylinder":{"unit":"D","value":-7.49},"Axis":{"unit":"deg","value":9}},"2":{"Sphere":{"unit":"D","value":-5.33},"Cylinder":{"unit":"D","value":-1.7},"Axis":{"unit":"deg","value":141}},"3":{"Sphere":{"unit":"D","value":-4.9},"Cylinder":{"unit":"D","value":-4.61},"Axis":{"unit":"deg","value":49}}},"Median":{"Sphere":{"unit":"D","value":-4.9},"Cylinder":{"unit":"D","value":-1.7},"Axis":{"unit":"deg","value":141}},"TargetEye":"Bino"},"L":{"List":{"1":{"Sphere":{"unit":"D","value":-9.99},"Cylinder":{"unit":"D","value":-7.45},"Axis":{"unit":"deg","value":165}},"2":{"Sphere":{"unit":"D","value":2.3},"Cylinder":{"unit":"D","value":-2.17},"Axis":{"unit":"deg","value":152}},"3":{"Sphere":{"unit":"D","value":-3.75},"Cylinder":{"unit":"D","value":0.4},"Axis":{"unit":"deg","value":36}}},"Median":{"Sphere":{"unit":"D","value":2.3},"Cylinder":{"unit":"D","value":0.4},"Axis":{"unit":"deg","value":36}},"TargetEye":"Bino"}},"PD":{"Distance":{"value":55.699999999999996,"unit":"mm"}}}