{"refraction":{"VD":{"unit":"mm","value":0},"R":{"List":{"1":{"Sphere":{"unit":"D","value":-0.74},"Cylinder":{"unit":"D","value":0.18},"Axis":{"unit":"deg","value":135}},"2":{"Sphere":{"unit":"D","value":6.63},"Cylinder":{"unit":"D","value":5.96},"Axis":{"unit":"deg","value":98}},"3":{"Sphere":{"unit":"D","value":-2.44},"Cylinder":{"unit":"D","value":8.02},"Axis":{"unit":"deg","value":163}}},"Median":{"Sphere":{"unit":"D","value":6.63},"Cylinder":{"unit":"D","value":5.96},"Axis":{"unit":"deg","value":98}},"TargetEye":"Bino"},"L":{"List":{"1":{"Sphere":{"unit":"D","value":-6.47},"Cylinder":{"unit":"D","value":-2.02},"Axis":{"unit":"deg","value":37}},"2":{"Sphere":{"unit":"D","value":-8.8},"Cylinder":{"unit":"D","value":-5.6},"Axis":{"unit":"deg","value":26}},"3":{"Sphere":{"unit":"D","value":-2.68},"Cylinder":{"unit":"D","value":1.12},"Axis":{"unit":"deg","value":105}}},"Median":{"Sphere":{"unit":"D","value":-8.8},"Cylinder":{"unit":"D","value":-5.6},"Axis":{"unit":"deg","value":37}},"TargetEye":"Bino"}},"PD":{"Distance":{"value":73.2,"unit":"mm"}}}