{"refraction":{"VD":{"unit":"mm","value":0},"R":{"List":{"1":{"Sphere":{"unit":"D","value":-0.03},"Cylinder":{"unit":"D","value":-8.1},"Axis":{"unit":"deg","value":8}},"2":{"Sphere":{"unit":"D","value":-7.23},"Cylinder":{"unit":"D","value":-0.57},"Axis":{"unit":"deg","value":177}},"3":{"Sphere":{"unit":"D","value":-2.64},"Cylinder":{"unit":"D","value":2.03},"Axis":{"unit":"deg","value":10}}},"Median":{"Sphere":{"unit":"D","value":-2.64},"Cylinder":{"unit":"D","value":-0.57},"Axis":{"unit":"deg","value":8}},"TargetEye":"Bino"},"L":{"List":{"1":{"Sphere":{"unit":"D","value":-1.64},"Cylinder":{"unit":"D","value":-2.31},"Axis":{"unit":"deg","value":122}},"2":{"Sphere":{"unit":"D","value":-8.91},"Cylinder":{"unit":"D","value":4.44},"Axis":{"unit":"deg","value":172}},"3":{"Sphere":{"unit":"D","value":-8.83},"Cylinder":{"unit":"D","value":6.69},"Axis":{"unit":"deg","value":108}}},"Median":{"Sphere":{"unit":"D","value":-1.64},"Cylinder":{"unit":"D","value":4.44},"Axis":{"unit":"deg","value":108}},"TargetEye":"Bino"}},"PD":{"Distance":{"value":29.3,"unit":"mm"}}}