{"refraction":{"VD":{"unit":"mm","value":0},"R":{"List":{"1":{"Sphere":{"unit":"D","value":8.41},"Cylinder":{"unit":"D","value":4.65},"Axis":{"unit":"deg","value":92}},"2":{"Sphere":{"unit":"D","value":4.04},"Cylinder":{"unit":"D","value":-8.36},"Axis":{"unit":"deg","value":61}},"3":{"Sphere":{"unit":"D","value":5.59},"Cylinder":{"unit":"D","value":5.14},"Axis":{"unit":"deg","value":180}}},"Median":{"Sphere":{"unit":"D","value":5.59},"Cylinder":{"unit":"D","value":5.14},"Axis":{"unit":"deg","value":61}},"TargetEye":"Bino"},"L":{"List":{"1":{"Sphere":{"unit":"D","value":-1.72},"Cylinder":{"unit":"D","value":2.07},"Axis":{"unit":"deg","value":5}},"2":{"Sphere":{"unit":"D","value":4.67},"Cylinder":{"unit":"D","value":7.28},"Axis":{"unit":"deg","value":35}},"3":{"Sphere":{"unit":"D","value":-8.31},"Cylinder":{"unit":"D","value":5},"Axis":{"unit":"deg","value":78}}},"Median":{"Sphere":{"unit":"D","value":-8.31},"Cylinder":{"unit":"D","value":7.28},"Axis":{"unit":"deg","value":78}},"TargetEye":"Bino"}},"PD":{"Distance":{"value":66.4,"unit":"mm"}}}