{"refraction":{"VD":{"unit":"mm","value":0},"R":{"List":{"1":{"Sphere":{"unit":"D","value":-5.16},"Cylinder":{"unit":"D","value":4.86},"Axis":{"unit":"deg","value":133}},"2":{"Sphere":{"unit":"D","value":-4.53},"Cylinder":{"unit":"D","value":5.1},"Axis":{"unit":"deg","value":11}},"3":{"Sphere":{"unit":"D","value":1.14},"Cylinder":{"unit":"D","value":-2.67},"Axis":{"unit":"deg","value":14}}},"Median":{"Sphere":{"unit":"D","value":1.14},"Cylinder":{"unit":"D","value":-2.67},"Axis":{"unit":"deg","value":11}},"TargetEye":"Bino"},"L":{"List":{"1":{"Sphere":{"unit":"D","value":2.52},"Cylinder":{"unit":"D","value":5.63},"Axis":{"unit":"deg","value":27}},"2":{"Sphere":{"unit":"D","value":-9.91},"Cylinder":{"unit":"D","value":6.77},"Axis":{"unit":"deg","value":77}},"3":{"Sphere":{"unit":"D","value":3.23},"Cylinder":{"unit":"D","value":-4.58},"Axis":{"unit":"deg","value":125}}},"Median":{"Sphere":{"unit":"D","value":-9.91},"Cylinder":{"unit":"D","value":6.77},"Axis":{"unit":"deg","value":125}},"TargetEye":"Bino"}},"PD":{"Distance":{"value":61.7,"unit":"mm"}}}