{"refraction":{"VD":{"unit":"mm","value":0},"R":{"List":{"1":{"Sphere":{"unit":"D","value":6.71},"Cylinder":{"unit":"D","value":7.53},"Axis":{"unit":"deg","value":102}},"2":{"Sphere":{"unit":"D","value":-9.37},"Cylinder":{"unit":"D","value":5.43},"Axis":{"unit":"deg","value":10}},"3":{"Sphere":{"unit":"D","value":-5.92},"Cylinder":{"unit":"D","value":4.69},"Axis":{"unit":"deg","value":22}}},"Median":{"Sphere":{"unit":"D","value":-5.92},"Cylinder":{"unit":"D","value":7.53},"Axis":{"unit":"deg","value":10}},"TargetEye":"Bino"},"L":{"List":{"1":{"Sphere":{"unit":"D","value":-1.88},"Cylinder":{"unit":"D","value":3.54},"Axis":{"unit":"deg","value":80}},"2":{"Sphere":{"unit":"D","value":5.05},"Cylinder":{"unit":"D","value":2.77},"Axis":{"unit":"deg","value":100}},"3":{"Sphere":{"unit":"D","value":-9.24},"Cylinder":{"unit":"D","value":6.47},"Axis":{"unit":"deg","value":88}}},"Median":{"Sphere":{"unit":"D","value":-9.24},"Cylinder":{"unit":"D","value":6.47},"Axis":{"unit":"deg","value":88}},"TargetEye":"Bino"}},"PD":{"Distance":{"value":65.7,"unit":"mm"}}}