{"refraction":{"VD":{"unit":"mm","value":0},"R":{"List":{"1":{"Sphere":{"unit":"D","value":-5.26},"Cylinder":{"unit":"D","value":-1.94},"Axis":{"unit":"deg","value":160}},"2":{"Sphere":{"unit":"D","value":-3.73},"Cylinder":{"unit":"D","value":-5.31},"Axis":{"unit":"deg","value":58}},"3":{"Sphere":{"unit":"D","value":-4.52},"Cylinder":{"unit":"D","value":10},"Axis":{"unit":"deg","value":49}}},"Median":{"Sphere":{"unit":"D","value":-4.52},"Cylinder":{"unit":"D","value":-1.94},"Axis":{"unit":"deg","value":49}},"TargetEye":"Bino"},"L":{"List":{"1":{"Sphere":{"unit":"D","value":0.85},"Cylinder":{"unit":"D","value":-7.14},"Axis":{"unit":"deg","value":175}},"2":{"Sphere":{"unit":"D","value":-9.84},"Cylinder":{"unit":"D","value":4.75},"Axis":{"unit":"deg","value":159}},"3":{"Sphere":{"unit":"D","value":6.33},"Cylinder":{"unit":"D","value":-8.74},"Axis":{"unit":"deg","value":17}}},"Median":{"Sphere":{"unit":"D","value":-9.84},"Cylinder":{"unit":"D","value":-7.14},"Axis":{"unit":"deg","value":17}},"TargetEye":"Bino"}},"PD":{"Distance":{"value":41,"unit":"mm"}}}