{"refraction":{"VD":{"unit":"mm","value":0},"R":{"List":{"1":{"Sphere":{"unit":"D","value":-6.67},"Cylinder":{"unit":"D","value":9.63},"Axis":{"unit":"deg","value":156}},"2":{"Sphere":{"unit":"D","value":7.69},"Cylinder":{"unit":"D","value":-5.62},"Axis":{"unit":"deg","value":175}},"3":{"Sphere":{"unit":"D","value":-5.06},"Cylinder":{"unit":"D","value":6.82},"Axis":{"unit":"deg","value":45}}},"Median":{"Sphere":{"unit":"D","value":7.69},"Cylinder":{"unit":"D","value":-5.62},"Axis":{"unit":"deg","value":45}},"TargetEye":"Bino"},"L":{"List":{"1":{"Sphere":{"unit":"D","value":1.21},"Cylinder":{"unit":"D","value":-8.74},"Axis":{"unit":"deg","value":2}},"2":{"Sphere":{"unit":"D","value":4.03},"Cylinder":{"unit":"D","value":1.54},"Axis":{"unit":"deg","value":150}},"3":{"Sphere":{"unit":"D","value":2.56},"Cylinder":{"unit":"D","value":-4.7},"Axis":{"unit":"deg","value":80}}},"Median":{"Sphere":{"unit":"D","value":1.21},"Cylinder":{"unit":"D","value":1.54},"Axis":{"unit":"deg","value":80}},"TargetEye":"Bino"}},"PD":{"Distance":{"value":24.799999999999997,"unit":"mm"}}}