{"refraction":{"VD":{"unit":"mm","value":0},"R":{"List":{"1":{"Sphere":{"unit":"D","value":2.82},"Cylinder":{"unit":"D","value":-3.06},"Axis":{"unit":"deg","value":174}},"2":{"Sphere":{"unit":"D","value":-0.92},"Cylinder":{"unit":"D","value":1.3},"Axis":{"unit":"deg","value":130}},"3":{"Sphere":{"unit":"D","value":-8.09},"Cylinder":{"unit":"D","value":-0.53},"Axis":{"unit":"deg","value":143}}},"Median":{"Sphere":{"unit":"D","value":-8.09},"Cylinder":{"unit":"D","value":-0.53},"Axis":{"unit":"deg","value":130}},"TargetEye":"Bino"},"L":{"List":{"1":{"Sphere":{"unit":"D","value":-0.16},"Cylinder":{"unit":"D","value":3.85},"Axis":{"unit":"deg","value":84}},"2":{"Sphere":{"unit":"D","value":5.5},"Cylinder":{"unit":"D","value":8.79},"Axis":{"unit":"deg","value":148}},"3":{"Sphere":{"unit":"D","value":5.53},"Cylinder":{"unit":"D","value":2.45},"Axis":{"unit":"deg","value":176}}},"Median":{"Sphere":{"unit":"D","value":5.5},"Cylinder":{"unit":"D","value":3.85},"Axis":{"unit":"deg","value":84}},"TargetEye":"Bino"}},"PD":{"Distance":{"value":96.19999999999999,"unit":"mm"}}}