{"refraction":{"VD":{"unit":"mm","value":0},"R":{"List":{"1":{"Sphere":{"unit":"D","value":-4.66},"Cylinder":{"unit":"D","value":-8.68},"Axis":{"unit":"deg","value":60}},"2":{"Sphere":{"unit":"D","value":-7.77},"Cylinder":{"unit":"D","value":3.05},"Axis":{"unit":"deg","value":121}},"3":{"Sphere":{"unit":"D","value":8.84},"Cylinder":{"unit":"D","value":2.11},"Axis":{"unit":"deg","value":118}}},"Median":{"Sphere":{"unit":"D","value":-4.66},"Cylinder":{"unit":"D","value":2.11},"Axis":{"unit":"deg","value":121}},"TargetEye":"Bino"},"L":{"List":{"1":{"Sphere":{"unit":"D","value":-9},"Cylinder":{"unit":"D","value":-1.92},"Axis":{"unit":"deg","value":55}},"2":{"Sphere":{"unit":"D","value":6.46},"Cylinder":{"unit":"D","value":-7.24},"Axis":{"unit":"deg","value":48}},"3":{"Sphere":{"unit":"D","value":-7.3},"Cylinder":{"unit":"D","value":5.56},"Axis":{"unit":"deg","value":35}}},"Median":{"Sphere":{"unit":"D","value":6.46},"Cylinder":{"unit":"D","value":-7.24},"Axis":{"unit":"deg","value":35}},"TargetEye":"Bino"}},"PD":{"Distance":{"value":71,"unit":"mm"}}}