{"refraction":{"VD":{"unit":"mm","value":0},"R":{"List":{"1":{"Sphere":{"unit":"D","value":-1.79},"Cylinder":{"unit":"D","value":-5.59},"Axis":{"unit":"deg","value":83}},"2":{"Sphere":{"unit":"D","value":-1.67},"Cylinder":{"unit":"D","value":-7.92},"Axis":{"unit":"deg","value":136}},"3":{"Sphere":{"unit":"D","value":-0.92},"Cylinder":{"unit":"D","value":2.38},"Axis":{"unit":"deg","value":63}}},"Median":{"Sphere":{"unit":"D","value":-0.92},"Cylinder":{"unit":"D","value":-7.92},"Axis":{"unit":"deg","value":136}},"TargetEye":"Bino"},"L":{"List":{"1":{"Sphere":{"unit":"D","value":7.27},"Cylinder":{"unit":"D","value":-7.59},"Axis":{"unit":"deg","value":112}},"2":{"Sphere":{"unit":"D","value":-4.38},"Cylinder":{"unit":"D","value":-7.88},"Axis":{"unit":"deg","value":71}},"3":{"Sphere":{"unit":"D","value":9.62},"Cylinder":{"unit":"D","value":6.72},"Axis":{"unit":"deg","value":95}}},"Median":{"Sphere":{"unit":"D","value":9.62},"Cylinder":{"unit":"D","value":-7.88},"Axis":{"unit":"deg","value":112}},"TargetEye":"Bino"}},"PD":{"Distance":{"value":40.7,"unit":"mm"}}}