{"refraction":{"VD":{"unit":"mm","value":0},"R":{"List":{"1":{"Sphere":{"unit":"D","value":-7.41},"Cylinder":{"unit":"D","value":-9.2},"Axis":{"unit":"deg","value":6}},"2":{"Sphere":{"unit":"D","value":-4.24},"Cylinder":{"unit":"D","value":-2.62},"Axis":{"unit":"deg","value":113}},"3":{"Sphere":{"unit":"D","value":-7.51},"Cylinder":{"unit":"D","value":-7.58},"Axis":{"unit":"deg","value":65}}},"Median":{"Sphere":{"unit":"D","value":-4.24},"Cylinder":{"unit":"D","value":-7.58},"Axis":{"unit":"deg","value":113}},"TargetEye":"Bino"},"L":{"List":{"1":{"Sphere":{"unit":"D","value":2.97},"Cylinder":{"unit":"D","value":-7.73},"Axis":{"unit":"deg","value":3}},"2":{"Sphere":{"unit":"D","value":1.31},"Cylinder":{"unit":"D","value":9.79},"Axis":{"unit":"deg","value":23}},"3":{"Sphere":{"unit":"D","value":8.46},"Cylinder":{"unit":"D","value":-4.65},"Axis":{"unit":"deg","value":143}}},"Median":{"Sphere":{"unit":"D","value":8.46},"Cylinder":{"unit":"D","value":-4.65},"Axis":{"unit":"deg","value":3}},"TargetEye":"Bino"}},"PD":{"Distance":{"value":46.5,"unit":"mm"}}}