{"date":{"first":"2019-03-12T11:05:51+05:30","last":"2019-03-12T11:13:34+05:30"},"name":"One cycle of eye examination","private":{"sessionDate":"20190312","sessionTime":"110551","patientID":""},"children":[{"date":{"first":"2019-03-12T11:11:42+05:30","last":"2019-03-12T11:13:28+05:30"},"name":"subjective","children":[{"date":{"first":"2019-03-12T11:11:42+05:30","last":"2019-03-12T11:11:42+05:30"},"name":"Chart","private":{"param":{"R":{"chartID":2000},"L":{"chartID":2000}},"result":{"L":{"return":true},"R":{"return":true},"return":true}}},{"date":{"first":"2019-03-12T11:11:42+05:30","last":"2019-03-12T11:11:42+05:30"},"name":"Phoropter","private":{"param":{"eye":2,"distance":5000,"vd":12,"pd":65,"R":{"sphere":0,"cylinder":0,"axis":180},"L":{"sphere":0,"cylinder":0,"axis":180},"crossCylinder":{"status":0,"power":0.5,"RG":0},"RGFilter":0},"result":{"L":{"return":true},"R":{"return":true},"return":true}}},{"date":{"first":"2019-03-12T11:13:28+05:30","last":"2019-03-12T11:13:28+05:30"},"name":"Chart","private":{"param":{"R":{"chartID":2000},"L":{"chartID":2000}},"result":{"L":{"return":true},"R":{"return":true},"return":true}}},{"date":{"first":"2019-03-12T11:13:28+05:30","last":"2019-03-12T11:13:28+05:30"},"name":"Phoropter","private":{"param":{"eye":2,"distance":5000,"vd":12,"pd":65,"R":{"sphere":0,"cylinder":0,"axis":180},"L":{"sphere":0,"cylinder":0,"axis":180},"crossCylinder":{"status":0,"power":0.5,"RG":0},"RGFilter":0},"result":{"L":{"return":true},"R":{"return":true},"return":true}}}]}]}