{"date":{"first":"2019-03-15T14:43:07+05:30","last":"2019-03-15T15:59:29+05:30"},"name":"One cycle of eye examination","private":{"sessionDate":"20190315","sessionTime":"144307","patientID":""},"children":[{"date":{"first":"2019-03-15T15:06:35+05:30","last":"2019-03-15T15:06:35+05:30"},"name":"objective measurement","children":[{"date":{"first":"2019-03-15T15:06:35+05:30","last":"2019-03-15T15:06:35+05:30"},"name":"ChronosAlignment2","private":{"param":{"RangeXY":0.2,"RangeZ":0.375,"CorneaDetection":false,"infoForLog":{"sessionDate":"20190315","sessionPatientID":"empty144307","execTime":"20190315T150635+0530"}},"result":{"L":{"return":true,"HPD":{"unit":"mm","value":17.4}},"R":{"return":true,"HPD":{"unit":"mm","value":32.1}},"return":true}}},{"date":{"first":"2019-03-15T15:06:35+05:30","last":"2019-03-15T15:06:35+05:30"},"name":"ChronosRef2","private":{"param":{"RoughMeasure":true,"infoForLog":{"sessionDate":"20190315","sessionPatientID":"empty144307","execTime":"20190315T150635+0530"}},"result":{"L":{"return":true,"Records":[{"Sphere":{"unit":"D","value":-3.97},"Cylinder":{"unit":"D","value":2.08},"Axis":{"unit":"deg","value":1}},{"Sphere":{"unit":"D","value":8.36},"Cylinder":{"unit":"D","value":3.98},"Axis":{"unit":"deg","value":40}},{"Sphere":{"unit":"D","value":9.14},"Cylinder":{"unit":"D","value":0.62},"Axis":{"unit":"deg","value":40}}],"Median":{"Sphere":{"unit":"D","value":-3.97},"Cylinder":{"unit":"D","value":0.62},"Axis":{"unit":"deg","value":1}}},"R":{"return":true,"Records":[{"Sphere":{"unit":"D","value":-0.8},"Cylinder":{"unit":"D","value":2.99},"Axis":{"unit":"deg","value":83}},{"Sphere":{"unit":"D","value":3.3},"Cylinder":{"unit":"D","value":4.29},"Axis":{"unit":"deg","value":91}},{"Sphere":{"unit":"D","value":-4.09},"Cylinder":{"unit":"D","value":5.13},"Axis":{"unit":"deg","value":40}}],"Median":{"Sphere":{"unit":"D","value":3.3},"Cylinder":{"unit":"D","value":2.99},"Axis":{"unit":"deg","value":40}}},"return":true}}},{"date":{"first":"2019-03-15T15:06:35+05:30","last":"2019-03-15T15:06:35+05:30"},"name":"ChronosAlignment2","private":{"param":{"RangeXY":0.2,"RangeZ":0.375,"CorneaDetection":false,"infoForLog":{"sessionDate":"20190315","sessionPatientID":"empty144307","execTime":"20190315T150635+0530"}},"result":{"L":{"return":true,"HPD":{"unit":"mm","value":47.3}},"R":{"return":true,"HPD":{"unit":"mm","value":36.8}},"return":true}}},{"date":{"first":"2019-03-15T15:06:35+05:30","last":"2019-03-15T15:06:35+05:30"},"name":"ChronosRef2","private":{"param":{"RoughMeasure":false,"DiopterShift":0,"infoForLog":{"sessionDate":"20190315","sessionPatientID":"empty144307","execTime":"20190315T150635+0530"}},"result":{"L":{"return":true,"Records":[{"Sphere":{"unit":"D","value":7.69},"Cylinder":{"unit":"D","value":-4.57},"Axis":{"unit":"deg","value":87}},{"Sphere":{"unit":"D","value":-1.55},"Cylinder":{"unit":"D","value":9.11},"Axis":{"unit":"deg","value":11}},{"Sphere":{"unit":"D","value":-1.1},"Cylinder":{"unit":"D","value":-5.16},"Axis":{"unit":"deg","value":83}}],"Median":{"Sphere":{"unit":"D","value":7.69},"Cylinder":{"unit":"D","value":-4.57},"Axis":{"unit":"deg","value":83}}},"R":{"return":true,"Records":[{"Sphere":{"unit":"D","value":4.11},"Cylinder":{"unit":"D","value":9.59},"Axis":{"unit":"deg","value":76}},{"Sphere":{"unit":"D","value":0.45},"Cylinder":{"unit":"D","value":-7.71},"Axis":{"unit":"deg","value":53}},{"Sphere":{"unit":"D","value":-7.46},"Cylinder":{"unit":"D","value":-5.82},"Axis":{"unit":"deg","value":29}}],"Median":{"Sphere":{"unit":"D","value":4.11},"Cylinder":{"unit":"D","value":9.59},"Axis":{"unit":"deg","value":76}}},"return":true}}}]},{"date":{"first":"2019-03-15T15:06:39+05:30","last":"2019-03-15T15:06:39+05:30"},"name":"objective measurement","children":[{"date":{"first":"2019-03-15T15:06:39+05:30","last":"2019-03-15T15:06:39+05:30"},"name":"ChronosAlignment2","private":{"param":{"RangeXY":0.2,"RangeZ":0.375,"CorneaDetection":false,"infoForLog":{"sessionDate":"20190315","sessionPatientID":"empty144307","execTime":"20190315T150639+0530"}},"result":{"L":{"return":true,"HPD":{"unit":"mm","value":42.1}},"R":{"return":true,"HPD":{"unit":"mm","value":21.5}},"return":true}}},{"date":{"first":"2019-03-15T15:06:39+05:30","last":"2019-03-15T15:06:39+05:30"},"name":"ChronosRef2","private":{"param":{"RoughMeasure":true,"infoForLog":{"sessionDate":"20190315","sessionPatientID":"empty144307","execTime":"20190315T150639+0530"}},"result":{"L":{"return":true,"Records":[{"Sphere":{"unit":"D","value":-1.75},"Cylinder":{"unit":"D","value":-6.13},"Axis":{"unit":"deg","value":67}},{"Sphere":{"unit":"D","value":-6.88},"Cylinder":{"unit":"D","value":8.84},"Axis":{"unit":"deg","value":140}},{"Sphere":{"unit":"D","value":6.29},"Cylinder":{"unit":"D","value":-5.95},"Axis":{"unit":"deg","value":117}}],"Median":{"Sphere":{"unit":"D","value":-6.88},"Cylinder":{"unit":"D","value":-5.95},"Axis":{"unit":"deg","value":117}}},"R":{"return":true,"Records":[{"Sphere":{"unit":"D","value":-8.9},"Cylinder":{"unit":"D","value":-5.35},"Axis":{"unit":"deg","value":82}},{"Sphere":{"unit":"D","value":-7.24},"Cylinder":{"unit":"D","value":7.41},"Axis":{"unit":"deg","value":116}},{"Sphere":{"unit":"D","value":2.48},"Cylinder":{"unit":"D","value":7.53},"Axis":{"unit":"deg","value":9}}],"Median":{"Sphere":{"unit":"D","value":-7.24},"Cylinder":{"unit":"D","value":-5.35},"Axis":{"unit":"deg","value":82}}},"return":true}}},{"date":{"first":"2019-03-15T15:06:39+05:30","last":"2019-03-15T15:06:39+05:30"},"name":"ChronosAlignment2","private":{"param":{"RangeXY":0.2,"RangeZ":0.375,"CorneaDetection":false,"infoForLog":{"sessionDate":"20190315","sessionPatientID":"empty144307","execTime":"20190315T150639+0530"}},"result":{"L":{"return":true,"HPD":{"unit":"mm","value":13.4}},"R":{"return":true,"HPD":{"unit":"mm","value":27.4}},"return":true}}},{"date":{"first":"2019-03-15T15:06:39+05:30","last":"2019-03-15T15:06:39+05:30"},"name":"ChronosRef2","private":{"param":{"RoughMeasure":false,"DiopterShift":0,"infoForLog":{"sessionDate":"20190315","sessionPatientID":"empty144307","execTime":"20190315T150639+0530"}},"result":{"L":{"return":true,"Records":[{"Sphere":{"unit":"D","value":-8.93},"Cylinder":{"unit":"D","value":8.06},"Axis":{"unit":"deg","value":24}},{"Sphere":{"unit":"D","value":-5.14},"Cylinder":{"unit":"D","value":9.57},"Axis":{"unit":"deg","value":71}},{"Sphere":{"unit":"D","value":-9.06},"Cylinder":{"unit":"D","value":1.64},"Axis":{"unit":"deg","value":129}}],"Median":{"Sphere":{"unit":"D","value":-9.06},"Cylinder":{"unit":"D","value":1.64},"Axis":{"unit":"deg","value":129}}},"R":{"return":true,"Records":[{"Sphere":{"unit":"D","value":-2.3},"Cylinder":{"unit":"D","value":-3.01},"Axis":{"unit":"deg","value":90}},{"Sphere":{"unit":"D","value":3.57},"Cylinder":{"unit":"D","value":0.14},"Axis":{"unit":"deg","value":18}},{"Sphere":{"unit":"D","value":9.59},"Cylinder":{"unit":"D","value":-6.71},"Axis":{"unit":"deg","value":140}}],"Median":{"Sphere":{"unit":"D","value":-2.3},"Cylinder":{"unit":"D","value":-6.71},"Axis":{"unit":"deg","value":140}}},"return":true}}}]},{"date":{"first":"2019-03-15T15:06:40+05:30","last":"2019-03-15T15:06:40+05:30"},"name":"objective measurement","children":[{"date":{"first":"2019-03-15T15:06:40+05:30","last":"2019-03-15T15:06:40+05:30"},"name":"ChronosAlignment2","private":{"param":{"RangeXY":0.2,"RangeZ":0.375,"CorneaDetection":false,"infoForLog":{"sessionDate":"20190315","sessionPatientID":"empty144307","execTime":"20190315T150640+0530"}},"result":{"L":{"return":true,"HPD":{"unit":"mm","value":49.6}},"R":{"return":true,"HPD":{"unit":"mm","value":29}},"return":true}}},{"date":{"first":"2019-03-15T15:06:40+05:30","last":"2019-03-15T15:06:40+05:30"},"name":"ChronosRef2","private":{"param":{"RoughMeasure":true,"infoForLog":{"sessionDate":"20190315","sessionPatientID":"empty144307","execTime":"20190315T150640+0530"}},"result":{"L":{"return":true,"Records":[{"Sphere":{"unit":"D","value":-3.58},"Cylinder":{"unit":"D","value":-1.55},"Axis":{"unit":"deg","value":101}},{"Sphere":{"unit":"D","value":3.99},"Cylinder":{"unit":"D","value":4.6},"Axis":{"unit":"deg","value":124}},{"Sphere":{"unit":"D","value":-1.06},"Cylinder":{"unit":"D","value":-0.67},"Axis":{"unit":"deg","value":11}}],"Median":{"Sphere":{"unit":"D","value":3.99},"Cylinder":{"unit":"D","value":-1.55},"Axis":{"unit":"deg","value":101}}},"R":{"return":true,"Records":[{"Sphere":{"unit":"D","value":0.76},"Cylinder":{"unit":"D","value":-6.97},"Axis":{"unit":"deg","value":37}},{"Sphere":{"unit":"D","value":5.39},"Cylinder":{"unit":"D","value":-0.73},"Axis":{"unit":"deg","value":173}},{"Sphere":{"unit":"D","value":-6.36},"Cylinder":{"unit":"D","value":-4.51},"Axis":{"unit":"deg","value":178}}],"Median":{"Sphere":{"unit":"D","value":-6.36},"Cylinder":{"unit":"D","value":-6.97},"Axis":{"unit":"deg","value":37}}},"return":true}}},{"date":{"first":"2019-03-15T15:06:40+05:30","last":"2019-03-15T15:06:40+05:30"},"name":"ChronosAlignment2","private":{"param":{"RangeXY":0.2,"RangeZ":0.375,"CorneaDetection":false,"infoForLog":{"sessionDate":"20190315","sessionPatientID":"empty144307","execTime":"20190315T150640+0530"}},"result":{"L":{"return":true,"HPD":{"unit":"mm","value":21.1}},"R":{"return":true,"HPD":{"unit":"mm","value":31}},"return":true}}},{"date":{"first":"2019-03-15T15:06:40+05:30","last":"2019-03-15T15:06:40+05:30"},"name":"ChronosRef2","private":{"param":{"RoughMeasure":false,"DiopterShift":0,"infoForLog":{"sessionDate":"20190315","sessionPatientID":"empty144307","execTime":"20190315T150640+0530"}},"result":{"L":{"return":true,"Records":[{"Sphere":{"unit":"D","value":-5.48},"Cylinder":{"unit":"D","value":-1.79},"Axis":{"unit":"deg","value":84}},{"Sphere":{"unit":"D","value":8.06},"Cylinder":{"unit":"D","value":0.93},"Axis":{"unit":"deg","value":140}},{"Sphere":{"unit":"D","value":5.72},"Cylinder":{"unit":"D","value":1.98},"Axis":{"unit":"deg","value":29}}],"Median":{"Sphere":{"unit":"D","value":8.06},"Cylinder":{"unit":"D","value":1.98},"Axis":{"unit":"deg","value":29}}},"R":{"return":true,"Records":[{"Sphere":{"unit":"D","value":-1.21},"Cylinder":{"unit":"D","value":-9.42},"Axis":{"unit":"deg","value":49}},{"Sphere":{"unit":"D","value":2.55},"Cylinder":{"unit":"D","value":7.84},"Axis":{"unit":"deg","value":156}},{"Sphere":{"unit":"D","value":6.38},"Cylinder":{"unit":"D","value":-1.19},"Axis":{"unit":"deg","value":2}}],"Median":{"Sphere":{"unit":"D","value":2.55},"Cylinder":{"unit":"D","value":-1.19},"Axis":{"unit":"deg","value":49}}},"return":true}}}]},{"date":{"first":"2019-03-15T15:06:40+05:30","last":"2019-03-15T15:06:40+05:30"},"name":"objective measurement","children":[{"date":{"first":"2019-03-15T15:06:40+05:30","last":"2019-03-15T15:06:40+05:30"},"name":"ChronosAlignment2","private":{"param":{"RangeXY":0.2,"RangeZ":0.375,"CorneaDetection":false,"infoForLog":{"sessionDate":"20190315","sessionPatientID":"empty144307","execTime":"20190315T150640+0530"}},"result":{"L":{"return":true,"HPD":{"unit":"mm","value":40.6}},"R":{"return":true,"HPD":{"unit":"mm","value":42.1}},"return":true}}},{"date":{"first":"2019-03-15T15:06:40+05:30","last":"2019-03-15T15:06:40+05:30"},"name":"ChronosRef2","private":{"param":{"RoughMeasure":true,"infoForLog":{"sessionDate":"20190315","sessionPatientID":"empty144307","execTime":"20190315T150640+0530"}},"result":{"L":{"return":true,"Records":[{"Sphere":{"unit":"D","value":6.73},"Cylinder":{"unit":"D","value":6.28},"Axis":{"unit":"deg","value":102}},{"Sphere":{"unit":"D","value":6.78},"Cylinder":{"unit":"D","value":-3.28},"Axis":{"unit":"deg","value":30}},{"Sphere":{"unit":"D","value":-9.81},"Cylinder":{"unit":"D","value":-3.4},"Axis":{"unit":"deg","value":40}}],"Median":{"Sphere":{"unit":"D","value":-9.81},"Cylinder":{"unit":"D","value":-3.28},"Axis":{"unit":"deg","value":30}}},"R":{"return":true,"Records":[{"Sphere":{"unit":"D","value":-1.41},"Cylinder":{"unit":"D","value":8.45},"Axis":{"unit":"deg","value":134}},{"Sphere":{"unit":"D","value":-6.23},"Cylinder":{"unit":"D","value":1.61},"Axis":{"unit":"deg","value":36}},{"Sphere":{"unit":"D","value":-5.07},"Cylinder":{"unit":"D","value":-4.73},"Axis":{"unit":"deg","value":83}}],"Median":{"Sphere":{"unit":"D","value":-6.23},"Cylinder":{"unit":"D","value":-4.73},"Axis":{"unit":"deg","value":36}}},"return":true}}},{"date":{"first":"2019-03-15T15:06:40+05:30","last":"2019-03-15T15:06:40+05:30"},"name":"ChronosAlignment2","private":{"param":{"RangeXY":0.2,"RangeZ":0.375,"CorneaDetection":false,"infoForLog":{"sessionDate":"20190315","sessionPatientID":"empty144307","execTime":"20190315T150640+0530"}},"result":{"L":{"return":true,"HPD":{"unit":"mm","value":32.6}},"R":{"return":true,"HPD":{"unit":"mm","value":25.7}},"return":true}}},{"date":{"first":"2019-03-15T15:06:40+05:30","last":"2019-03-15T15:06:40+05:30"},"name":"ChronosRef2","private":{"param":{"RoughMeasure":false,"DiopterShift":0,"infoForLog":{"sessionDate":"20190315","sessionPatientID":"empty144307","execTime":"20190315T150640+0530"}},"result":{"L":{"return":true,"Records":[{"Sphere":{"unit":"D","value":-5.98},"Cylinder":{"unit":"D","value":-0.32},"Axis":{"unit":"deg","value":40}},{"Sphere":{"unit":"D","value":0.27},"Cylinder":{"unit":"D","value":-1.68},"Axis":{"unit":"deg","value":61}},{"Sphere":{"unit":"D","value":-7.04},"Cylinder":{"unit":"D","value":2.99},"Axis":{"unit":"deg","value":12}}],"Median":{"Sphere":{"unit":"D","value":-5.98},"Cylinder":{"unit":"D","value":2.99},"Axis":{"unit":"deg","value":12}}},"R":{"return":true,"Records":[{"Sphere":{"unit":"D","value":-4.92},"Cylinder":{"unit":"D","value":-3.37},"Axis":{"unit":"deg","value":150}},{"Sphere":{"unit":"D","value":-5.75},"Cylinder":{"unit":"D","value":-3.63},"Axis":{"unit":"deg","value":103}},{"Sphere":{"unit":"D","value":3.28},"Cylinder":{"unit":"D","value":2.3},"Axis":{"unit":"deg","value":4}}],"Median":{"Sphere":{"unit":"D","value":3.28},"Cylinder":{"unit":"D","value":2.3},"Axis":{"unit":"deg","value":4}}},"return":true}}}]},{"date":{"first":"2019-03-15T15:06:41+05:30","last":"2019-03-15T15:06:41+05:30"},"name":"objective measurement","children":[{"date":{"first":"2019-03-15T15:06:41+05:30","last":"2019-03-15T15:06:41+05:30"},"name":"ChronosAlignment2","private":{"param":{"RangeXY":0.2,"RangeZ":0.375,"CorneaDetection":false,"infoForLog":{"sessionDate":"20190315","sessionPatientID":"empty144307","execTime":"20190315T150641+0530"}},"result":{"L":{"return":true,"HPD":{"unit":"mm","value":29.4}},"R":{"return":true,"HPD":{"unit":"mm","value":39.5}},"return":true}}},{"date":{"first":"2019-03-15T15:06:41+05:30","last":"2019-03-15T15:06:41+05:30"},"name":"ChronosRef2","private":{"param":{"RoughMeasure":true,"infoForLog":{"sessionDate":"20190315","sessionPatientID":"empty144307","execTime":"20190315T150641+0530"}},"result":{"L":{"return":true,"Records":[{"Sphere":{"unit":"D","value":-4.01},"Cylinder":{"unit":"D","value":-6.49},"Axis":{"unit":"deg","value":26}},{"Sphere":{"unit":"D","value":7.62},"Cylinder":{"unit":"D","value":7.71},"Axis":{"unit":"deg","value":114}},{"Sphere":{"unit":"D","value":-7.24},"Cylinder":{"unit":"D","value":-4.53},"Axis":{"unit":"deg","value":40}}],"Median":{"Sphere":{"unit":"D","value":-7.24},"Cylinder":{"unit":"D","value":-4.53},"Axis":{"unit":"deg","value":114}}},"R":{"return":true,"Records":[{"Sphere":{"unit":"D","value":7.65},"Cylinder":{"unit":"D","value":-4.44},"Axis":{"unit":"deg","value":80}},{"Sphere":{"unit":"D","value":6.16},"Cylinder":{"unit":"D","value":-0.69},"Axis":{"unit":"deg","value":16}},{"Sphere":{"unit":"D","value":6.63},"Cylinder":{"unit":"D","value":2.18},"Axis":{"unit":"deg","value":64}}],"Median":{"Sphere":{"unit":"D","value":6.63},"Cylinder":{"unit":"D","value":-4.44},"Axis":{"unit":"deg","value":64}}},"return":true}}},{"date":{"first":"2019-03-15T15:06:41+05:30","last":"2019-03-15T15:06:41+05:30"},"name":"ChronosAlignment2","private":{"param":{"RangeXY":0.2,"RangeZ":0.375,"CorneaDetection":false,"infoForLog":{"sessionDate":"20190315","sessionPatientID":"empty144307","execTime":"20190315T150641+0530"}},"result":{"L":{"return":true,"HPD":{"unit":"mm","value":21.2}},"R":{"return":true,"HPD":{"unit":"mm","value":29.1}},"return":true}}},{"date":{"first":"2019-03-15T15:06:41+05:30","last":"2019-03-15T15:06:41+05:30"},"name":"ChronosRef2","private":{"param":{"RoughMeasure":false,"DiopterShift":0,"infoForLog":{"sessionDate":"20190315","sessionPatientID":"empty144307","execTime":"20190315T150641+0530"}},"result":{"L":{"return":true,"Records":[{"Sphere":{"unit":"D","value":-7.75},"Cylinder":{"unit":"D","value":-1.6},"Axis":{"unit":"deg","value":147}},{"Sphere":{"unit":"D","value":-5.6},"Cylinder":{"unit":"D","value":6.67},"Axis":{"unit":"deg","value":148}},{"Sphere":{"unit":"D","value":5.92},"Cylinder":{"unit":"D","value":-2.48},"Axis":{"unit":"deg","value":113}}],"Median":{"Sphere":{"unit":"D","value":-5.6},"Cylinder":{"unit":"D","value":-2.48},"Axis":{"unit":"deg","value":113}}},"R":{"return":true,"Records":[{"Sphere":{"unit":"D","value":-7.48},"Cylinder":{"unit":"D","value":3.78},"Axis":{"unit":"deg","value":32}},{"Sphere":{"unit":"D","value":6.32},"Cylinder":{"unit":"D","value":2.64},"Axis":{"unit":"deg","value":149}},{"Sphere":{"unit":"D","value":-1.86},"Cylinder":{"unit":"D","value":2.84},"Axis":{"unit":"deg","value":81}}],"Median":{"Sphere":{"unit":"D","value":-1.86},"Cylinder":{"unit":"D","value":2.84},"Axis":{"unit":"deg","value":32}}},"return":true}}}]},{"date":{"first":"2019-03-15T15:06:42+05:30","last":"2019-03-15T15:06:42+05:30"},"name":"objective measurement","children":[{"date":{"first":"2019-03-15T15:06:42+05:30","last":"2019-03-15T15:06:42+05:30"},"name":"ChronosAlignment2","private":{"param":{"RangeXY":0.2,"RangeZ":0.375,"CorneaDetection":false,"infoForLog":{"sessionDate":"20190315","sessionPatientID":"empty144307","execTime":"20190315T150642+0530"}},"result":{"L":{"return":true,"HPD":{"unit":"mm","value":19.1}},"R":{"return":true,"HPD":{"unit":"mm","value":12.5}},"return":true}}},{"date":{"first":"2019-03-15T15:06:42+05:30","last":"2019-03-15T15:06:42+05:30"},"name":"ChronosRef2","private":{"param":{"RoughMeasure":true,"infoForLog":{"sessionDate":"20190315","sessionPatientID":"empty144307","execTime":"20190315T150642+0530"}},"result":{"L":{"return":true,"Records":[{"Sphere":{"unit":"D","value":6.27},"Cylinder":{"unit":"D","value":0.76},"Axis":{"unit":"deg","value":6}},{"Sphere":{"unit":"D","value":-0.7},"Cylinder":{"unit":"D","value":-6.51},"Axis":{"unit":"deg","value":29}},{"Sphere":{"unit":"D","value":3.71},"Cylinder":{"unit":"D","value":8.55},"Axis":{"unit":"deg","value":86}}],"Median":{"Sphere":{"unit":"D","value":3.71},"Cylinder":{"unit":"D","value":8.55},"Axis":{"unit":"deg","value":6}}},"R":{"return":true,"Records":[{"Sphere":{"unit":"D","value":8.95},"Cylinder":{"unit":"D","value":-7.03},"Axis":{"unit":"deg","value":177}},{"Sphere":{"unit":"D","value":-9.74},"Cylinder":{"unit":"D","value":-4.27},"Axis":{"unit":"deg","value":165}},{"Sphere":{"unit":"D","value":0.01},"Cylinder":{"unit":"D","value":-4.3},"Axis":{"unit":"deg","value":23}}],"Median":{"Sphere":{"unit":"D","value":0.01},"Cylinder":{"unit":"D","value":-4.3},"Axis":{"unit":"deg","value":23}}},"return":true}}},{"date":{"first":"2019-03-15T15:06:42+05:30","last":"2019-03-15T15:06:42+05:30"},"name":"ChronosAlignment2","private":{"param":{"RangeXY":0.2,"RangeZ":0.375,"CorneaDetection":false,"infoForLog":{"sessionDate":"20190315","sessionPatientID":"empty144307","execTime":"20190315T150642+0530"}},"result":{"L":{"return":true,"HPD":{"unit":"mm","value":39.1}},"R":{"return":true,"HPD":{"unit":"mm","value":16.1}},"return":true}}},{"date":{"first":"2019-03-15T15:06:42+05:30","last":"2019-03-15T15:06:42+05:30"},"name":"ChronosRef2","private":{"param":{"RoughMeasure":false,"DiopterShift":0,"infoForLog":{"sessionDate":"20190315","sessionPatientID":"empty144307","execTime":"20190315T150642+0530"}},"result":{"L":{"return":true,"Records":[{"Sphere":{"unit":"D","value":-8.55},"Cylinder":{"unit":"D","value":0.64},"Axis":{"unit":"deg","value":79}},{"Sphere":{"unit":"D","value":4.75},"Cylinder":{"unit":"D","value":9.7},"Axis":{"unit":"deg","value":108}},{"Sphere":{"unit":"D","value":-8.39},"Cylinder":{"unit":"D","value":7.34},"Axis":{"unit":"deg","value":21}}],"Median":{"Sphere":{"unit":"D","value":-8.55},"Cylinder":{"unit":"D","value":0.64},"Axis":{"unit":"deg","value":21}}},"R":{"return":true,"Records":[{"Sphere":{"unit":"D","value":9.26},"Cylinder":{"unit":"D","value":4.35},"Axis":{"unit":"deg","value":27}},{"Sphere":{"unit":"D","value":0.27},"Cylinder":{"unit":"D","value":2.71},"Axis":{"unit":"deg","value":52}},{"Sphere":{"unit":"D","value":5.2},"Cylinder":{"unit":"D","value":2.72},"Axis":{"unit":"deg","value":59}}],"Median":{"Sphere":{"unit":"D","value":5.2},"Cylinder":{"unit":"D","value":4.35},"Axis":{"unit":"deg","value":27}}},"return":true}}}]},{"date":{"first":"2019-03-15T15:06:43+05:30","last":"2019-03-15T15:06:43+05:30"},"name":"objective measurement","children":[{"date":{"first":"2019-03-15T15:06:43+05:30","last":"2019-03-15T15:06:43+05:30"},"name":"ChronosAlignment2","private":{"param":{"RangeXY":0.2,"RangeZ":0.375,"CorneaDetection":false,"infoForLog":{"sessionDate":"20190315","sessionPatientID":"empty144307","execTime":"20190315T150643+0530"}},"result":{"L":{"return":true,"HPD":{"unit":"mm","value":37.5}},"R":{"return":true,"HPD":{"unit":"mm","value":39.8}},"return":true}}},{"date":{"first":"2019-03-15T15:06:43+05:30","last":"2019-03-15T15:06:43+05:30"},"name":"ChronosRef2","private":{"param":{"RoughMeasure":true,"infoForLog":{"sessionDate":"20190315","sessionPatientID":"empty144307","execTime":"20190315T150643+0530"}},"result":{"L":{"return":true,"Records":[{"Sphere":{"unit":"D","value":6.19},"Cylinder":{"unit":"D","value":1.18},"Axis":{"unit":"deg","value":150}},{"Sphere":{"unit":"D","value":-1.63},"Cylinder":{"unit":"D","value":-4.31},"Axis":{"unit":"deg","value":9}},{"Sphere":{"unit":"D","value":7.47},"Cylinder":{"unit":"D","value":8.57},"Axis":{"unit":"deg","value":86}}],"Median":{"Sphere":{"unit":"D","value":7.47},"Cylinder":{"unit":"D","value":8.57},"Axis":{"unit":"deg","value":86}}},"R":{"return":true,"Records":[{"Sphere":{"unit":"D","value":6.69},"Cylinder":{"unit":"D","value":-2.15},"Axis":{"unit":"deg","value":26}},{"Sphere":{"unit":"D","value":3.13},"Cylinder":{"unit":"D","value":6.54},"Axis":{"unit":"deg","value":145}},{"Sphere":{"unit":"D","value":6.15},"Cylinder":{"unit":"D","value":4.35},"Axis":{"unit":"deg","value":148}}],"Median":{"Sphere":{"unit":"D","value":3.13},"Cylinder":{"unit":"D","value":-2.15},"Axis":{"unit":"deg","value":26}}},"return":true}}},{"date":{"first":"2019-03-15T15:06:43+05:30","last":"2019-03-15T15:06:43+05:30"},"name":"ChronosAlignment2","private":{"param":{"RangeXY":0.2,"RangeZ":0.375,"CorneaDetection":false,"infoForLog":{"sessionDate":"20190315","sessionPatientID":"empty144307","execTime":"20190315T150643+0530"}},"result":{"L":{"return":true,"HPD":{"unit":"mm","value":38.7}},"R":{"return":true,"HPD":{"unit":"mm","value":37}},"return":true}}},{"date":{"first":"2019-03-15T15:06:43+05:30","last":"2019-03-15T15:06:43+05:30"},"name":"ChronosRef2","private":{"param":{"RoughMeasure":false,"DiopterShift":0,"infoForLog":{"sessionDate":"20190315","sessionPatientID":"empty144307","execTime":"20190315T150643+0530"}},"result":{"L":{"return":true,"Records":[{"Sphere":{"unit":"D","value":4.28},"Cylinder":{"unit":"D","value":5.69},"Axis":{"unit":"deg","value":3}},{"Sphere":{"unit":"D","value":-4.61},"Cylinder":{"unit":"D","value":-4.64},"Axis":{"unit":"deg","value":45}},{"Sphere":{"unit":"D","value":-6.73},"Cylinder":{"unit":"D","value":-4.28},"Axis":{"unit":"deg","value":52}}],"Median":{"Sphere":{"unit":"D","value":4.28},"Cylinder":{"unit":"D","value":-4.64},"Axis":{"unit":"deg","value":45}}},"R":{"return":true,"Records":[{"Sphere":{"unit":"D","value":5.7},"Cylinder":{"unit":"D","value":0.95},"Axis":{"unit":"deg","value":5}},{"Sphere":{"unit":"D","value":-4.48},"Cylinder":{"unit":"D","value":-6.83},"Axis":{"unit":"deg","value":8}},{"Sphere":{"unit":"D","value":0.81},"Cylinder":{"unit":"D","value":3.53},"Axis":{"unit":"deg","value":99}}],"Median":{"Sphere":{"unit":"D","value":-4.48},"Cylinder":{"unit":"D","value":0.95},"Axis":{"unit":"deg","value":5}}},"return":true}}}]},{"date":{"first":"2019-03-15T15:06:44+05:30","last":"2019-03-15T15:06:44+05:30"},"name":"objective measurement","children":[{"date":{"first":"2019-03-15T15:06:44+05:30","last":"2019-03-15T15:06:44+05:30"},"name":"ChronosAlignment2","private":{"param":{"RangeXY":0.2,"RangeZ":0.375,"CorneaDetection":false,"infoForLog":{"sessionDate":"20190315","sessionPatientID":"empty144307","execTime":"20190315T150644+0530"}},"result":{"L":{"return":true,"HPD":{"unit":"mm","value":21.3}},"R":{"return":true,"HPD":{"unit":"mm","value":32.7}},"return":true}}},{"date":{"first":"2019-03-15T15:06:44+05:30","last":"2019-03-15T15:06:44+05:30"},"name":"ChronosRef2","private":{"param":{"RoughMeasure":true,"infoForLog":{"sessionDate":"20190315","sessionPatientID":"empty144307","execTime":"20190315T150644+0530"}},"result":{"L":{"return":true,"Records":[{"Sphere":{"unit":"D","value":5.46},"Cylinder":{"unit":"D","value":-7.22},"Axis":{"unit":"deg","value":15}},{"Sphere":{"unit":"D","value":6.22},"Cylinder":{"unit":"D","value":-9.84},"Axis":{"unit":"deg","value":135}},{"Sphere":{"unit":"D","value":-6.02},"Cylinder":{"unit":"D","value":2.06},"Axis":{"unit":"deg","value":50}}],"Median":{"Sphere":{"unit":"D","value":6.22},"Cylinder":{"unit":"D","value":-7.22},"Axis":{"unit":"deg","value":135}}},"R":{"return":true,"Records":[{"Sphere":{"unit":"D","value":7.05},"Cylinder":{"unit":"D","value":-0.19},"Axis":{"unit":"deg","value":122}},{"Sphere":{"unit":"D","value":-8.62},"Cylinder":{"unit":"D","value":-6.85},"Axis":{"unit":"deg","value":144}},{"Sphere":{"unit":"D","value":-7.07},"Cylinder":{"unit":"D","value":-2.99},"Axis":{"unit":"deg","value":125}}],"Median":{"Sphere":{"unit":"D","value":7.05},"Cylinder":{"unit":"D","value":-0.19},"Axis":{"unit":"deg","value":125}}},"return":true}}},{"date":{"first":"2019-03-15T15:06:44+05:30","last":"2019-03-15T15:06:44+05:30"},"name":"ChronosAlignment2","private":{"param":{"RangeXY":0.2,"RangeZ":0.375,"CorneaDetection":false,"infoForLog":{"sessionDate":"20190315","sessionPatientID":"empty144307","execTime":"20190315T150644+0530"}},"result":{"L":{"return":true,"HPD":{"unit":"mm","value":32.2}},"R":{"return":true,"HPD":{"unit":"mm","value":37.6}},"return":true}}},{"date":{"first":"2019-03-15T15:06:44+05:30","last":"2019-03-15T15:06:44+05:30"},"name":"ChronosRef2","private":{"param":{"RoughMeasure":false,"DiopterShift":0,"infoForLog":{"sessionDate":"20190315","sessionPatientID":"empty144307","execTime":"20190315T150644+0530"}},"result":{"L":{"return":true,"Records":[{"Sphere":{"unit":"D","value":7.47},"Cylinder":{"unit":"D","value":2.83},"Axis":{"unit":"deg","value":85}},{"Sphere":{"unit":"D","value":-2.94},"Cylinder":{"unit":"D","value":8.29},"Axis":{"unit":"deg","value":20}},{"Sphere":{"unit":"D","value":7.9},"Cylinder":{"unit":"D","value":-5.35},"Axis":{"unit":"deg","value":34}}],"Median":{"Sphere":{"unit":"D","value":7.9},"Cylinder":{"unit":"D","value":-5.35},"Axis":{"unit":"deg","value":34}}},"R":{"return":true,"Records":[{"Sphere":{"unit":"D","value":-5.23},"Cylinder":{"unit":"D","value":-0.87},"Axis":{"unit":"deg","value":18}},{"Sphere":{"unit":"D","value":5.75},"Cylinder":{"unit":"D","value":-9.13},"Axis":{"unit":"deg","value":178}},{"Sphere":{"unit":"D","value":7.67},"Cylinder":{"unit":"D","value":-8.01},"Axis":{"unit":"deg","value":65}}],"Median":{"Sphere":{"unit":"D","value":5.75},"Cylinder":{"unit":"D","value":-0.87},"Axis":{"unit":"deg","value":65}}},"return":true}}}]},{"date":{"first":"2019-03-15T15:38:05+05:30","last":"2019-03-15T15:39:05+05:30"},"name":"subjective","children":[{"date":{"first":"2019-03-15T15:38:05+05:30","last":"2019-03-15T15:38:05+05:30"},"name":"Chart","private":{"param":{"R":{"chartID":2000},"L":{"chartID":2000}},"result":{"L":{"return":true},"R":{"return":true},"return":true}}},{"date":{"first":"2019-03-15T15:38:05+05:30","last":"2019-03-15T15:38:05+05:30"},"name":"Phoropter","private":{"param":{"eye":2,"distance":5000,"vd":0,"pd":54,"R":{"sphere":5.75,"cylinder":-0.75,"axis":65},"L":{"sphere":8,"cylinder":-5.25,"axis":34},"crossCylinder":{"status":0,"power":0.5,"RG":0},"RGFilter":0},"result":{"L":{"return":true},"R":{"return":true},"return":true}}},{"date":{"first":"2019-03-15T15:38:08+05:30","last":"2019-03-15T15:38:08+05:30"},"name":"Chart","private":{"param":{"R":{"chartID":7010},"L":{"chartID":7010}},"result":{"L":{"return":true},"R":{"return":true},"return":true}}},{"date":{"first":"2019-03-15T15:38:08+05:30","last":"2019-03-15T15:38:08+05:30"},"name":"Phoropter","private":{"param":{"eye":2,"distance":5000,"vd":0,"pd":54,"R":{"sphere":5.75,"cylinder":-0.75,"axis":65},"L":{"sphere":8,"cylinder":-5.25,"axis":34},"crossCylinder":{"status":0,"power":0.5,"RG":0},"RGFilter":0},"result":{"L":{"return":true},"R":{"return":true},"return":true}}},{"date":{"first":"2019-03-15T15:38:10+05:30","last":"2019-03-15T15:38:10+05:30"},"name":"Chart","private":{"param":{"R":{"chartID":1},"L":{"chartID":1}},"result":{"L":{"return":true},"R":{"return":true},"return":true}}},{"date":{"first":"2019-03-15T15:38:10+05:30","last":"2019-03-15T15:38:10+05:30"},"name":"Phoropter","private":{"param":{"eye":0,"distance":5000,"vd":0,"pd":54,"R":{"sphere":5.75,"cylinder":-0.75,"axis":65},"L":{"sphere":8,"cylinder":-5.25,"axis":34},"crossCylinder":{"status":1,"power":0.5,"RG":1},"RGFilter":0},"result":{"L":{"return":true},"R":{"return":true},"return":true}}},{"date":{"first":"2019-03-15T15:38:10+05:30","last":"2019-03-15T15:38:10+05:30"},"name":"Chart","private":{"param":{"R":{"chartID":7020},"L":{"chartID":1}},"result":{"L":{"return":true},"R":{"return":true},"return":true}}},{"date":{"first":"2019-03-15T15:38:41+05:30","last":"2019-03-15T15:38:41+05:30"},"name":"Chart","private":{"param":{"R":{"chartID":1},"L":{"chartID":1}},"result":{"L":{"return":true},"R":{"return":true},"return":true}}},{"date":{"first":"2019-03-15T15:38:41+05:30","last":"2019-03-15T15:38:41+05:30"},"name":"Phoropter","private":{"param":{"eye":0,"distance":5000,"vd":0,"pd":54,"R":{"sphere":5.75,"cylinder":-0.75,"axis":65},"L":{"sphere":8,"cylinder":-5.25,"axis":34},"crossCylinder":{"status":0,"power":0.5,"RG":0},"RGFilter":1},"result":{"L":{"return":true},"R":{"return":true},"return":true}}},{"date":{"first":"2019-03-15T15:38:41+05:30","last":"2019-03-15T15:38:41+05:30"},"name":"Chart","private":{"param":{"R":{"chartID":7000},"L":{"chartID":4}},"result":{"L":{"return":true},"R":{"return":true},"return":true}}},{"date":{"first":"2019-03-15T15:38:41+05:30","last":"2019-03-15T15:38:42+05:30"},"name":"Chart","private":{"param":{"R":{"chartID":7010},"L":{"chartID":1}},"result":{"L":{"return":true},"R":{"return":true},"return":true}}},{"date":{"first":"2019-03-15T15:38:42+05:30","last":"2019-03-15T15:38:42+05:30"},"name":"Phoropter","private":{"param":{"eye":0,"distance":5000,"vd":0,"pd":54,"R":{"sphere":5.75,"cylinder":-0.75,"axis":65},"L":{"sphere":8,"cylinder":-5.25,"axis":34},"crossCylinder":{"status":0,"power":0.5,"RG":0},"RGFilter":0},"result":{"L":{"return":true},"R":{"return":true},"return":true}}},{"date":{"first":"2019-03-15T15:38:42+05:30","last":"2019-03-15T15:38:42+05:30"},"name":"Chart","private":{"param":{"R":{"chartID":7000},"L":{"chartID":4}},"result":{"L":{"return":true},"R":{"return":true},"return":true}}},{"date":{"first":"2019-03-15T15:38:42+05:30","last":"2019-03-15T15:38:42+05:30"},"name":"Phoropter","private":{"param":{"eye":0,"distance":5000,"vd":0,"pd":54,"R":{"sphere":5.75,"cylinder":-0.75,"axis":65},"L":{"sphere":8,"cylinder":-5.25,"axis":34},"crossCylinder":{"status":0,"power":0.5,"RG":0},"RGFilter":1},"result":{"L":{"return":true},"R":{"return":true},"return":true}}},{"date":{"first":"2019-03-15T15:38:49+05:30","last":"2019-03-15T15:38:49+05:30"},"name":"Chart","private":{"param":{"R":{"chartID":3157},"L":{"chartID":1}},"result":{"L":{"return":true},"R":{"return":true},"return":true}}},{"date":{"first":"2019-03-15T15:38:49+05:30","last":"2019-03-15T15:38:49+05:30"},"name":"Phoropter","private":{"param":{"eye":0,"distance":5000,"vd":0,"pd":54,"R":{"sphere":5.75,"cylinder":-0.75,"axis":65},"L":{"sphere":8,"cylinder":-5.25,"axis":34},"crossCylinder":{"status":0,"power":0.5,"RG":0},"RGFilter":0},"result":{"L":{"return":true},"R":{"return":true},"return":true}}},{"date":{"first":"2019-03-15T15:38:50+05:30","last":"2019-03-15T15:38:50+05:30"},"name":"Chart","private":{"param":{"R":{"chartID":3156},"L":{"chartID":1}},"result":{"L":{"return":true},"R":{"return":true},"return":true}}},{"date":{"first":"2019-03-15T15:38:50+05:30","last":"2019-03-15T15:38:50+05:30"},"name":"Phoropter","private":{"param":{"eye":0,"distance":5000,"vd":0,"pd":54,"R":{"sphere":5.75,"cylinder":-0.75,"axis":65},"L":{"sphere":8,"cylinder":-5.25,"axis":34},"crossCylinder":{"status":0,"power":0.5,"RG":0},"RGFilter":0},"result":{"L":{"return":true},"R":{"return":true},"return":true}}},{"date":{"first":"2019-03-15T15:38:51+05:30","last":"2019-03-15T15:38:51+05:30"},"name":"Chart","private":{"param":{"R":{"chartID":3155},"L":{"chartID":1}},"result":{"L":{"return":true},"R":{"return":true},"return":true}}},{"date":{"first":"2019-03-15T15:38:51+05:30","last":"2019-03-15T15:38:51+05:30"},"name":"Phoropter","private":{"param":{"eye":0,"distance":5000,"vd":0,"pd":54,"R":{"sphere":5.75,"cylinder":-0.75,"axis":65},"L":{"sphere":8,"cylinder":-5.25,"axis":34},"crossCylinder":{"status":0,"power":0.5,"RG":0},"RGFilter":0},"result":{"L":{"return":true},"R":{"return":true},"return":true}}},{"date":{"first":"2019-03-15T15:38:51+05:30","last":"2019-03-15T15:38:51+05:30"},"name":"Chart","private":{"param":{"R":{"chartID":3154},"L":{"chartID":1}},"result":{"L":{"return":true},"R":{"return":true},"return":true}}},{"date":{"first":"2019-03-15T15:38:51+05:30","last":"2019-03-15T15:38:51+05:30"},"name":"Phoropter","private":{"param":{"eye":0,"distance":5000,"vd":0,"pd":54,"R":{"sphere":5.75,"cylinder":-0.75,"axis":65},"L":{"sphere":8,"cylinder":-5.25,"axis":34},"crossCylinder":{"status":0,"power":0.5,"RG":0},"RGFilter":0},"result":{"L":{"return":true},"R":{"return":true},"return":true}}},{"date":{"first":"2019-03-15T15:38:51+05:30","last":"2019-03-15T15:38:51+05:30"},"name":"Chart","private":{"param":{"R":{"chartID":3153},"L":{"chartID":1}},"result":{"L":{"return":true},"R":{"return":true},"return":true}}},{"date":{"first":"2019-03-15T15:38:51+05:30","last":"2019-03-15T15:38:52+05:30"},"name":"Phoropter","private":{"param":{"eye":0,"distance":5000,"vd":0,"pd":54,"R":{"sphere":5.75,"cylinder":-0.75,"axis":65},"L":{"sphere":8,"cylinder":-5.25,"axis":34},"crossCylinder":{"status":0,"power":0.5,"RG":0},"RGFilter":0},"result":{"L":{"return":true},"R":{"return":true},"return":true}}},{"date":{"first":"2019-03-15T15:38:52+05:30","last":"2019-03-15T15:38:52+05:30"},"name":"Chart","private":{"param":{"R":{"chartID":3151},"L":{"chartID":1}},"result":{"L":{"return":true},"R":{"return":true},"return":true}}},{"date":{"first":"2019-03-15T15:38:52+05:30","last":"2019-03-15T15:38:52+05:30"},"name":"Phoropter","private":{"param":{"eye":0,"distance":5000,"vd":0,"pd":54,"R":{"sphere":5.75,"cylinder":-0.75,"axis":65},"L":{"sphere":8,"cylinder":-5.25,"axis":34},"crossCylinder":{"status":0,"power":0.5,"RG":0},"RGFilter":0},"result":{"L":{"return":true},"R":{"return":true},"return":true}}},{"date":{"first":"2019-03-15T15:38:52+05:30","last":"2019-03-15T15:38:52+05:30"},"name":"Chart","private":{"param":{"R":{"chartID":3152},"L":{"chartID":1}},"result":{"L":{"return":true},"R":{"return":true},"return":true}}},{"date":{"first":"2019-03-15T15:38:52+05:30","last":"2019-03-15T15:38:52+05:30"},"name":"Phoropter","private":{"param":{"eye":0,"distance":5000,"vd":0,"pd":54,"R":{"sphere":5.75,"cylinder":-0.75,"axis":65},"L":{"sphere":8,"cylinder":-5.25,"axis":34},"crossCylinder":{"status":0,"power":0.5,"RG":0},"RGFilter":0},"result":{"L":{"return":true},"R":{"return":true},"return":true}}},{"date":{"first":"2019-03-15T15:38:53+05:30","last":"2019-03-15T15:38:53+05:30"},"name":"Chart","private":{"param":{"R":{"chartID":3150},"L":{"chartID":1}},"result":{"L":{"return":true},"R":{"return":true},"return":true}}},{"date":{"first":"2019-03-15T15:38:53+05:30","last":"2019-03-15T15:38:53+05:30"},"name":"Phoropter","private":{"param":{"eye":0,"distance":5000,"vd":0,"pd":54,"R":{"sphere":5.75,"cylinder":-0.75,"axis":65},"L":{"sphere":8,"cylinder":-5.25,"axis":34},"crossCylinder":{"status":0,"power":0.5,"RG":0},"RGFilter":0},"result":{"L":{"return":true},"R":{"return":true},"return":true}}},{"date":{"first":"2019-03-15T15:38:58+05:30","last":"2019-03-15T15:38:58+05:30"},"name":"Chart","private":{"param":{"R":{"chartID":0},"L":{"chartID":0}},"result":{"L":{"return":true},"R":{"return":true},"return":true}}},{"date":{"first":"2019-03-15T15:38:58+05:30","last":"2019-03-15T15:38:58+05:30"},"name":"Phoropter","private":{"param":{"eye":0,"distance":400,"vd":0,"pd":54,"R":{"sphere":5.75,"cylinder":-0.75,"axis":65},"L":{"sphere":8,"cylinder":-5.25,"axis":34},"crossCylinder":{"status":0,"power":0.5,"RG":0},"RGFilter":0},"result":{"L":{"return":true},"R":{"return":true},"return":true}}},{"date":{"first":"2019-03-15T15:38:58+05:30","last":"2019-03-15T15:38:58+05:30"},"name":"Chart","private":{"param":{"R":{"chartID":3150},"L":{"chartID":1}},"result":{"L":{"return":true},"R":{"return":true},"return":true}}},{"date":{"first":"2019-03-15T15:38:59+05:30","last":"2019-03-15T15:38:59+05:30"},"name":"Chart","private":{"param":{"R":{"chartID":3150},"L":{"chartID":0}},"result":{"L":{"return":true},"R":{"return":true},"return":true}}},{"date":{"first":"2019-03-15T15:39:04+05:30","last":"2019-03-15T15:39:04+05:30"},"name":"Chart","private":{"param":{"R":{"chartID":2000},"L":{"chartID":0}},"result":{"L":{"return":true},"R":{"return":true},"return":true}}},{"date":{"first":"2019-03-15T15:39:04+05:30","last":"2019-03-15T15:39:04+05:30"},"name":"Phoropter","private":{"param":{"eye":0,"distance":400,"vd":0,"pd":54,"R":{"sphere":5.75,"cylinder":-0.75,"axis":65},"L":{"sphere":8,"cylinder":-5.25,"axis":34},"crossCylinder":{"status":0,"power":0.5,"RG":0},"RGFilter":0},"result":{"L":{"return":true},"R":{"return":true},"return":true}}},{"date":{"first":"2019-03-15T15:39:05+05:30","last":"2019-03-15T15:39:05+05:30"},"name":"Chart","private":{"param":{"R":{"chartID":2002},"L":{"chartID":0}},"result":{"L":{"return":true},"R":{"return":true},"return":true}}},{"date":{"first":"2019-03-15T15:39:05+05:30","last":"2019-03-15T15:39:05+05:30"},"name":"Phoropter","private":{"param":{"eye":0,"distance":400,"vd":0,"pd":54,"R":{"sphere":5.75,"cylinder":-0.75,"axis":65},"L":{"sphere":8,"cylinder":-5.25,"axis":34},"crossCylinder":{"status":0,"power":0.5,"RG":0},"RGFilter":0},"result":{"L":{"return":true},"R":{"return":true},"return":true}}}]}]}