{"date":{"first":"2019-03-12T11:14:48+05:30","last":""},"name":"One cycle of eye examination","private":{"sessionDate":"20190312","sessionTime":"111448","patientID":""},"children":[{"date":{"first":"2019-03-12T11:15:12+05:30","last":"2019-03-12T11:15:12+05:30"},"name":"objective measurement","private":[],"children":[{"date":{"first":"2019-03-12T11:15:12+05:30","last":"2019-03-12T11:15:12+05:30"},"name":"ChronosAlignment2","private":{"param":{"RangeXY":0.2,"RangeZ":0.375,"CorneaDetection":false,"infoForLog":{"sessionDate":"20190312","sessionPatientID":"empty111448","execTime":"20190312T111512+0530"}},"result":{"L":{"return":true,"HPD":{"unit":"mm","value":27.4}},"R":{"return":true,"HPD":{"unit":"mm","value":25.5}},"return":true}},"children":[]},{"date":{"first":"2019-03-12T11:15:12+05:30","last":"2019-03-12T11:15:12+05:30"},"name":"ChronosRef2","private":{"param":{"RoughMeasure":true,"infoForLog":{"sessionDate":"20190312","sessionPatientID":"empty111448","execTime":"20190312T111512+0530"}},"result":{"L":{"return":true,"Records":[{"Sphere":{"unit":"D","value":1.94},"Cylinder":{"unit":"D","value":-7.14},"Axis":{"unit":"deg","value":23}},{"Sphere":{"unit":"D","value":2.06},"Cylinder":{"unit":"D","value":9.15},"Axis":{"unit":"deg","value":138}},{"Sphere":{"unit":"D","value":6.08},"Cylinder":{"unit":"D","value":0.6},"Axis":{"unit":"deg","value":18}}],"Median":{"Sphere":{"unit":"D","value":1.94},"Cylinder":{"unit":"D","value":9.15},"Axis":{"unit":"deg","value":18}}},"R":{"return":true,"Records":[{"Sphere":{"unit":"D","value":5.05},"Cylinder":{"unit":"D","value":6},"Axis":{"unit":"deg","value":171}},{"Sphere":{"unit":"D","value":-6.44},"Cylinder":{"unit":"D","value":5.41},"Axis":{"unit":"deg","value":177}},{"Sphere":{"unit":"D","value":1},"Cylinder":{"unit":"D","value":6.32},"Axis":{"unit":"deg","value":93}}],"Median":{"Sphere":{"unit":"D","value":-6.44},"Cylinder":{"unit":"D","value":6},"Axis":{"unit":"deg","value":177}}},"return":true}},"children":[]},{"date":{"first":"2019-03-12T11:15:12+05:30","last":"2019-03-12T11:15:12+05:30"},"name":"ChronosAlignment2","private":{"param":{"RangeXY":0.2,"RangeZ":0.375,"CorneaDetection":false,"infoForLog":{"sessionDate":"20190312","sessionPatientID":"empty111448","execTime":"20190312T111512+0530"}},"result":{"L":{"return":true,"HPD":{"unit":"mm","value":26.7}},"R":{"return":true,"HPD":{"unit":"mm","value":10}},"return":true}},"children":[]},{"date":{"first":"2019-03-12T11:15:12+05:30","last":"2019-03-12T11:15:12+05:30"},"name":"ChronosRef2","private":{"param":{"RoughMeasure":false,"DiopterShift":0,"infoForLog":{"sessionDate":"20190312","sessionPatientID":"empty111448","execTime":"20190312T111512+0530"}},"result":{"L":{"return":true,"Records":[{"Sphere":{"unit":"D","value":-7.11},"Cylinder":{"unit":"D","value":-6.65},"Axis":{"unit":"deg","value":82}},{"Sphere":{"unit":"D","value":4.71},"Cylinder":{"unit":"D","value":3.99},"Axis":{"unit":"deg","value":122}},{"Sphere":{"unit":"D","value":0.11},"Cylinder":{"unit":"D","value":-5.76},"Axis":{"unit":"deg","value":160}}],"Median":{"Sphere":{"unit":"D","value":4.71},"Cylinder":{"unit":"D","value":-5.76},"Axis":{"unit":"deg","value":122}}},"R":{"return":true,"Records":[{"Sphere":{"unit":"D","value":7.42},"Cylinder":{"unit":"D","value":-3.35},"Axis":{"unit":"deg","value":131}},{"Sphere":{"unit":"D","value":6.09},"Cylinder":{"unit":"D","value":5.02},"Axis":{"unit":"deg","value":61}},{"Sphere":{"unit":"D","value":-9.93},"Cylinder":{"unit":"D","value":0.31},"Axis":{"unit":"deg","value":67}}],"Median":{"Sphere":{"unit":"D","value":7.42},"Cylinder":{"unit":"D","value":0.31},"Axis":{"unit":"deg","value":131}}},"return":true}},"children":[]}]},{"date":{"first":"2019-03-12T11:15:24+05:30","last":"2019-03-12T11:15:24+05:30"},"name":"subjective","private":[],"children":[{"date":{"first":"2019-03-12T11:15:24+05:30","last":"2019-03-12T11:15:24+05:30"},"name":"Chart","private":{"param":{"R":{"chartID":2000},"L":{"chartID":2000}},"result":{"L":{"return":true},"R":{"return":true},"return":true}},"children":[]},{"date":{"first":"2019-03-12T11:15:24+05:30","last":"2019-03-12T11:15:24+05:30"},"name":"Phoropter","private":{"param":{"eye":2,"distance":5000,"vd":12,"pd":52.9,"R":{"sphere":7.5,"cylinder":0,"axis":180},"L":{"sphere":4.75,"cylinder":-5.75,"axis":122},"crossCylinder":{"status":0,"power":0.5,"RG":0},"RGFilter":0},"result":{"L":{"return":true},"R":{"return":true},"return":true}},"children":[]}]}]}