{"date":{"first":"2019-03-12T16:11:34+05:30","last":""},"name":"One cycle of eye examination","private":{"sessionDate":"20190312","sessionTime":"161134","patientID":""},"children":[{"date":{"first":"2019-03-12T16:11:36+05:30","last":"2019-03-12T16:11:36+05:30"},"name":"objective measurement","private":[],"children":[{"date":{"first":"2019-03-12T16:11:36+05:30","last":"2019-03-12T16:11:36+05:30"},"name":"ChronosAlignment2","private":{"param":{"RangeXY":0.2,"RangeZ":0.375,"CorneaDetection":false,"infoForLog":{"sessionDate":"20190312","sessionPatientID":"empty161134","execTime":"20190312T161136+0530"}},"result":{"L":{"return":true,"HPD":{"unit":"mm","value":48.1}},"R":{"return":true,"HPD":{"unit":"mm","value":32.6}},"return":true}},"children":[]},{"date":{"first":"2019-03-12T16:11:36+05:30","last":"2019-03-12T16:11:36+05:30"},"name":"ChronosRef2","private":{"param":{"RoughMeasure":true,"infoForLog":{"sessionDate":"20190312","sessionPatientID":"empty161134","execTime":"20190312T161136+0530"}},"result":{"L":{"return":true,"Records":[{"Sphere":{"unit":"D","value":-2.67},"Cylinder":{"unit":"D","value":-8.41},"Axis":{"unit":"deg","value":80}},{"Sphere":{"unit":"D","value":-6.7},"Cylinder":{"unit":"D","value":-1.75},"Axis":{"unit":"deg","value":79}},{"Sphere":{"unit":"D","value":3.66},"Cylinder":{"unit":"D","value":7.32},"Axis":{"unit":"deg","value":97}}],"Median":{"Sphere":{"unit":"D","value":-6.7},"Cylinder":{"unit":"D","value":7.32},"Axis":{"unit":"deg","value":97}}},"R":{"return":true,"Records":[{"Sphere":{"unit":"D","value":-8.09},"Cylinder":{"unit":"D","value":-3.63},"Axis":{"unit":"deg","value":61}},{"Sphere":{"unit":"D","value":-6.65},"Cylinder":{"unit":"D","value":-9.01},"Axis":{"unit":"deg","value":164}},{"Sphere":{"unit":"D","value":2.26},"Cylinder":{"unit":"D","value":7.77},"Axis":{"unit":"deg","value":28}}],"Median":{"Sphere":{"unit":"D","value":-6.65},"Cylinder":{"unit":"D","value":7.77},"Axis":{"unit":"deg","value":61}}},"return":true}},"children":[]},{"date":{"first":"2019-03-12T16:11:36+05:30","last":"2019-03-12T16:11:36+05:30"},"name":"ChronosAlignment2","private":{"param":{"RangeXY":0.2,"RangeZ":0.375,"CorneaDetection":false,"infoForLog":{"sessionDate":"20190312","sessionPatientID":"empty161134","execTime":"20190312T161136+0530"}},"result":{"L":{"return":true,"HPD":{"unit":"mm","value":23.4}},"R":{"return":true,"HPD":{"unit":"mm","value":26.5}},"return":true}},"children":[]},{"date":{"first":"2019-03-12T16:11:36+05:30","last":"2019-03-12T16:11:36+05:30"},"name":"ChronosRef2","private":{"param":{"RoughMeasure":false,"DiopterShift":0,"infoForLog":{"sessionDate":"20190312","sessionPatientID":"empty161134","execTime":"20190312T161136+0530"}},"result":{"L":{"return":true,"Records":[{"Sphere":{"unit":"D","value":-0.83},"Cylinder":{"unit":"D","value":-6.19},"Axis":{"unit":"deg","value":7}},{"Sphere":{"unit":"D","value":4.89},"Cylinder":{"unit":"D","value":5.9},"Axis":{"unit":"deg","value":138}},{"Sphere":{"unit":"D","value":7.94},"Cylinder":{"unit":"D","value":9.8},"Axis":{"unit":"deg","value":123}}],"Median":{"Sphere":{"unit":"D","value":4.89},"Cylinder":{"unit":"D","value":-6.19},"Axis":{"unit":"deg","value":138}}},"R":{"return":true,"Records":[{"Sphere":{"unit":"D","value":-3.95},"Cylinder":{"unit":"D","value":-3.47},"Axis":{"unit":"deg","value":21}},{"Sphere":{"unit":"D","value":-6.45},"Cylinder":{"unit":"D","value":5.54},"Axis":{"unit":"deg","value":104}},{"Sphere":{"unit":"D","value":5.71},"Cylinder":{"unit":"D","value":8.34},"Axis":{"unit":"deg","value":48}}],"Median":{"Sphere":{"unit":"D","value":5.71},"Cylinder":{"unit":"D","value":5.54},"Axis":{"unit":"deg","value":104}}},"return":true}},"children":[]}]},{"date":{"first":"2019-03-12T16:11:37+05:30","last":"2019-03-12T16:11:37+05:30"},"name":"objective measurement","private":[],"children":[{"date":{"first":"2019-03-12T16:11:37+05:30","last":"2019-03-12T16:11:37+05:30"},"name":"ChronosAlignment2","private":{"param":{"RangeXY":0.2,"RangeZ":0.375,"CorneaDetection":false,"infoForLog":{"sessionDate":"20190312","sessionPatientID":"empty161134","execTime":"20190312T161137+0530"}},"result":{"L":{"return":true,"HPD":{"unit":"mm","value":30.8}},"R":{"return":true,"HPD":{"unit":"mm","value":30.9}},"return":true}},"children":[]},{"date":{"first":"2019-03-12T16:11:37+05:30","last":"2019-03-12T16:11:37+05:30"},"name":"ChronosRef2","private":{"param":{"RoughMeasure":true,"infoForLog":{"sessionDate":"20190312","sessionPatientID":"empty161134","execTime":"20190312T161137+0530"}},"result":{"L":{"return":true,"Records":[{"Sphere":{"unit":"D","value":-1.48},"Cylinder":{"unit":"D","value":-1.15},"Axis":{"unit":"deg","value":34}},{"Sphere":{"unit":"D","value":4.44},"Cylinder":{"unit":"D","value":8.54},"Axis":{"unit":"deg","value":123}},{"Sphere":{"unit":"D","value":1.54},"Cylinder":{"unit":"D","value":8.01},"Axis":{"unit":"deg","value":141}}],"Median":{"Sphere":{"unit":"D","value":-1.48},"Cylinder":{"unit":"D","value":-1.15},"Axis":{"unit":"deg","value":123}}},"R":{"return":true,"Records":[{"Sphere":{"unit":"D","value":-1.46},"Cylinder":{"unit":"D","value":-5.42},"Axis":{"unit":"deg","value":147}},{"Sphere":{"unit":"D","value":3.24},"Cylinder":{"unit":"D","value":-1.12},"Axis":{"unit":"deg","value":21}},{"Sphere":{"unit":"D","value":8.65},"Cylinder":{"unit":"D","value":6.68},"Axis":{"unit":"deg","value":141}}],"Median":{"Sphere":{"unit":"D","value":3.24},"Cylinder":{"unit":"D","value":6.68},"Axis":{"unit":"deg","value":21}}},"return":true}},"children":[]},{"date":{"first":"2019-03-12T16:11:37+05:30","last":"2019-03-12T16:11:37+05:30"},"name":"ChronosAlignment2","private":{"param":{"RangeXY":0.2,"RangeZ":0.375,"CorneaDetection":false,"infoForLog":{"sessionDate":"20190312","sessionPatientID":"empty161134","execTime":"20190312T161137+0530"}},"result":{"L":{"return":true,"HPD":{"unit":"mm","value":44}},"R":{"return":true,"HPD":{"unit":"mm","value":42.5}},"return":true}},"children":[]},{"date":{"first":"2019-03-12T16:11:37+05:30","last":"2019-03-12T16:11:37+05:30"},"name":"ChronosRef2","private":{"param":{"RoughMeasure":false,"DiopterShift":0,"infoForLog":{"sessionDate":"20190312","sessionPatientID":"empty161134","execTime":"20190312T161137+0530"}},"result":{"L":{"return":true,"Records":[{"Sphere":{"unit":"D","value":9.8},"Cylinder":{"unit":"D","value":7.33},"Axis":{"unit":"deg","value":147}},{"Sphere":{"unit":"D","value":-1.48},"Cylinder":{"unit":"D","value":-0.97},"Axis":{"unit":"deg","value":115}},{"Sphere":{"unit":"D","value":5.37},"Cylinder":{"unit":"D","value":-5.99},"Axis":{"unit":"deg","value":117}}],"Median":{"Sphere":{"unit":"D","value":5.37},"Cylinder":{"unit":"D","value":-0.97},"Axis":{"unit":"deg","value":115}}},"R":{"return":true,"Records":[{"Sphere":{"unit":"D","value":-1.44},"Cylinder":{"unit":"D","value":1.99},"Axis":{"unit":"deg","value":93}},{"Sphere":{"unit":"D","value":-9.92},"Cylinder":{"unit":"D","value":9.17},"Axis":{"unit":"deg","value":156}},{"Sphere":{"unit":"D","value":-8.29},"Cylinder":{"unit":"D","value":-3.62},"Axis":{"unit":"deg","value":110}}],"Median":{"Sphere":{"unit":"D","value":-9.92},"Cylinder":{"unit":"D","value":9.17},"Axis":{"unit":"deg","value":156}}},"return":true}},"children":[]}]},{"date":{"first":"2019-03-12T16:11:38+05:30","last":"2019-03-12T16:11:38+05:30"},"name":"objective measurement","private":[],"children":[{"date":{"first":"2019-03-12T16:11:38+05:30","last":"2019-03-12T16:11:38+05:30"},"name":"ChronosAlignment2","private":{"param":{"RangeXY":0.2,"RangeZ":0.375,"CorneaDetection":false,"infoForLog":{"sessionDate":"20190312","sessionPatientID":"empty161134","execTime":"20190312T161138+0530"}},"result":{"L":{"return":true,"HPD":{"unit":"mm","value":18}},"R":{"return":true,"HPD":{"unit":"mm","value":13.8}},"return":true}},"children":[]},{"date":{"first":"2019-03-12T16:11:38+05:30","last":"2019-03-12T16:11:38+05:30"},"name":"ChronosRef2","private":{"param":{"RoughMeasure":true,"infoForLog":{"sessionDate":"20190312","sessionPatientID":"empty161134","execTime":"20190312T161138+0530"}},"result":{"L":{"return":true,"Records":[{"Sphere":{"unit":"D","value":6.1},"Cylinder":{"unit":"D","value":-8.58},"Axis":{"unit":"deg","value":20}},{"Sphere":{"unit":"D","value":-8.12},"Cylinder":{"unit":"D","value":-1.48},"Axis":{"unit":"deg","value":7}},{"Sphere":{"unit":"D","value":-0.4},"Cylinder":{"unit":"D","value":-3},"Axis":{"unit":"deg","value":39}}],"Median":{"Sphere":{"unit":"D","value":6.1},"Cylinder":{"unit":"D","value":-8.58},"Axis":{"unit":"deg","value":39}}},"R":{"return":true,"Records":[{"Sphere":{"unit":"D","value":5.01},"Cylinder":{"unit":"D","value":-4.49},"Axis":{"unit":"deg","value":106}},{"Sphere":{"unit":"D","value":5.73},"Cylinder":{"unit":"D","value":-9.83},"Axis":{"unit":"deg","value":7}},{"Sphere":{"unit":"D","value":1.55},"Cylinder":{"unit":"D","value":0.01},"Axis":{"unit":"deg","value":13}}],"Median":{"Sphere":{"unit":"D","value":5.73},"Cylinder":{"unit":"D","value":-9.83},"Axis":{"unit":"deg","value":7}}},"return":true}},"children":[]},{"date":{"first":"2019-03-12T16:11:38+05:30","last":"2019-03-12T16:11:38+05:30"},"name":"ChronosAlignment2","private":{"param":{"RangeXY":0.2,"RangeZ":0.375,"CorneaDetection":false,"infoForLog":{"sessionDate":"20190312","sessionPatientID":"empty161134","execTime":"20190312T161138+0530"}},"result":{"L":{"return":true,"HPD":{"unit":"mm","value":33.3}},"R":{"return":true,"HPD":{"unit":"mm","value":32.4}},"return":true}},"children":[]},{"date":{"first":"2019-03-12T16:11:38+05:30","last":"2019-03-12T16:11:38+05:30"},"name":"ChronosRef2","private":{"param":{"RoughMeasure":false,"DiopterShift":0,"infoForLog":{"sessionDate":"20190312","sessionPatientID":"empty161134","execTime":"20190312T161138+0530"}},"result":{"L":{"return":true,"Records":[{"Sphere":{"unit":"D","value":1.96},"Cylinder":{"unit":"D","value":9.12},"Axis":{"unit":"deg","value":105}},{"Sphere":{"unit":"D","value":6.6},"Cylinder":{"unit":"D","value":-0.03},"Axis":{"unit":"deg","value":129}},{"Sphere":{"unit":"D","value":6.57},"Cylinder":{"unit":"D","value":-2.64},"Axis":{"unit":"deg","value":146}}],"Median":{"Sphere":{"unit":"D","value":1.96},"Cylinder":{"unit":"D","value":9.12},"Axis":{"unit":"deg","value":105}}},"R":{"return":true,"Records":[{"Sphere":{"unit":"D","value":-7.04},"Cylinder":{"unit":"D","value":2.31},"Axis":{"unit":"deg","value":123}},{"Sphere":{"unit":"D","value":7.47},"Cylinder":{"unit":"D","value":-7.32},"Axis":{"unit":"deg","value":46}},{"Sphere":{"unit":"D","value":-3.85},"Cylinder":{"unit":"D","value":-2.65},"Axis":{"unit":"deg","value":6}}],"Median":{"Sphere":{"unit":"D","value":-7.04},"Cylinder":{"unit":"D","value":-2.65},"Axis":{"unit":"deg","value":6}}},"return":true}},"children":[]}]},{"date":{"first":"2019-03-12T16:11:39+05:30","last":"2019-03-12T16:11:39+05:30"},"name":"objective measurement","private":[],"children":[{"date":{"first":"2019-03-12T16:11:39+05:30","last":"2019-03-12T16:11:39+05:30"},"name":"ChronosAlignment2","private":{"param":{"RangeXY":0.2,"RangeZ":0.375,"CorneaDetection":false,"infoForLog":{"sessionDate":"20190312","sessionPatientID":"empty161134","execTime":"20190312T161139+0530"}},"result":{"L":{"return":true,"HPD":{"unit":"mm","value":42.1}},"R":{"return":true,"HPD":{"unit":"mm","value":46.5}},"return":true}},"children":[]},{"date":{"first":"2019-03-12T16:11:39+05:30","last":"2019-03-12T16:11:39+05:30"},"name":"ChronosRef2","private":{"param":{"RoughMeasure":true,"infoForLog":{"sessionDate":"20190312","sessionPatientID":"empty161134","execTime":"20190312T161139+0530"}},"result":{"L":{"return":true,"Records":[{"Sphere":{"unit":"D","value":-2.71},"Cylinder":{"unit":"D","value":3.97},"Axis":{"unit":"deg","value":147}},{"Sphere":{"unit":"D","value":9.63},"Cylinder":{"unit":"D","value":-7.15},"Axis":{"unit":"deg","value":161}},{"Sphere":{"unit":"D","value":-3.52},"Cylinder":{"unit":"D","value":7.41},"Axis":{"unit":"deg","value":180}}],"Median":{"Sphere":{"unit":"D","value":-2.71},"Cylinder":{"unit":"D","value":-7.15},"Axis":{"unit":"deg","value":161}}},"R":{"return":true,"Records":[{"Sphere":{"unit":"D","value":-9.15},"Cylinder":{"unit":"D","value":8.01},"Axis":{"unit":"deg","value":156}},{"Sphere":{"unit":"D","value":-2.84},"Cylinder":{"unit":"D","value":-7.88},"Axis":{"unit":"deg","value":4}},{"Sphere":{"unit":"D","value":5.96},"Cylinder":{"unit":"D","value":-7.13},"Axis":{"unit":"deg","value":29}}],"Median":{"Sphere":{"unit":"D","value":-2.84},"Cylinder":{"unit":"D","value":-7.88},"Axis":{"unit":"deg","value":156}}},"return":true}},"children":[]},{"date":{"first":"2019-03-12T16:11:39+05:30","last":"2019-03-12T16:11:39+05:30"},"name":"ChronosAlignment2","private":{"param":{"RangeXY":0.2,"RangeZ":0.375,"CorneaDetection":false,"infoForLog":{"sessionDate":"20190312","sessionPatientID":"empty161134","execTime":"20190312T161139+0530"}},"result":{"L":{"return":true,"HPD":{"unit":"mm","value":28.7}},"R":{"return":true,"HPD":{"unit":"mm","value":37.2}},"return":true}},"children":[]},{"date":{"first":"2019-03-12T16:11:39+05:30","last":"2019-03-12T16:11:39+05:30"},"name":"ChronosRef2","private":{"param":{"RoughMeasure":false,"DiopterShift":0,"infoForLog":{"sessionDate":"20190312","sessionPatientID":"empty161134","execTime":"20190312T161139+0530"}},"result":{"L":{"return":true,"Records":[{"Sphere":{"unit":"D","value":-6.49},"Cylinder":{"unit":"D","value":-6.48},"Axis":{"unit":"deg","value":111}},{"Sphere":{"unit":"D","value":1.02},"Cylinder":{"unit":"D","value":3.66},"Axis":{"unit":"deg","value":135}},{"Sphere":{"unit":"D","value":-8.76},"Cylinder":{"unit":"D","value":2.77},"Axis":{"unit":"deg","value":161}}],"Median":{"Sphere":{"unit":"D","value":-8.76},"Cylinder":{"unit":"D","value":-6.48},"Axis":{"unit":"deg","value":135}}},"R":{"return":true,"Records":[{"Sphere":{"unit":"D","value":-3.78},"Cylinder":{"unit":"D","value":0.71},"Axis":{"unit":"deg","value":47}},{"Sphere":{"unit":"D","value":9.04},"Cylinder":{"unit":"D","value":9.83},"Axis":{"unit":"deg","value":170}},{"Sphere":{"unit":"D","value":-5.69},"Cylinder":{"unit":"D","value":6.62},"Axis":{"unit":"deg","value":54}}],"Median":{"Sphere":{"unit":"D","value":9.04},"Cylinder":{"unit":"D","value":6.62},"Axis":{"unit":"deg","value":54}}},"return":true}},"children":[]}]},{"date":{"first":"2019-03-12T16:11:39+05:30","last":"2019-03-12T16:11:39+05:30"},"name":"objective measurement","private":[],"children":[{"date":{"first":"2019-03-12T16:11:39+05:30","last":"2019-03-12T16:11:39+05:30"},"name":"ChronosAlignment2","private":{"param":{"RangeXY":0.2,"RangeZ":0.375,"CorneaDetection":false,"infoForLog":{"sessionDate":"20190312","sessionPatientID":"empty161134","execTime":"20190312T161139+0530"}},"result":{"L":{"return":true,"HPD":{"unit":"mm","value":29.8}},"R":{"return":true,"HPD":{"unit":"mm","value":24.3}},"return":true}},"children":[]},{"date":{"first":"2019-03-12T16:11:39+05:30","last":"2019-03-12T16:11:39+05:30"},"name":"ChronosRef2","private":{"param":{"RoughMeasure":true,"infoForLog":{"sessionDate":"20190312","sessionPatientID":"empty161134","execTime":"20190312T161139+0530"}},"result":{"L":{"return":true,"Records":[{"Sphere":{"unit":"D","value":5.76},"Cylinder":{"unit":"D","value":5.68},"Axis":{"unit":"deg","value":159}},{"Sphere":{"unit":"D","value":-4.1},"Cylinder":{"unit":"D","value":2.47},"Axis":{"unit":"deg","value":10}},{"Sphere":{"unit":"D","value":0.18},"Cylinder":{"unit":"D","value":-9.89},"Axis":{"unit":"deg","value":149}}],"Median":{"Sphere":{"unit":"D","value":0.18},"Cylinder":{"unit":"D","value":5.68},"Axis":{"unit":"deg","value":10}}},"R":{"return":true,"Records":[{"Sphere":{"unit":"D","value":8.92},"Cylinder":{"unit":"D","value":-2.71},"Axis":{"unit":"deg","value":140}},{"Sphere":{"unit":"D","value":-5.35},"Cylinder":{"unit":"D","value":0.95},"Axis":{"unit":"deg","value":32}},{"Sphere":{"unit":"D","value":-9.03},"Cylinder":{"unit":"D","value":-8.02},"Axis":{"unit":"deg","value":121}}],"Median":{"Sphere":{"unit":"D","value":8.92},"Cylinder":{"unit":"D","value":-2.71},"Axis":{"unit":"deg","value":140}}},"return":true}},"children":[]},{"date":{"first":"2019-03-12T16:11:39+05:30","last":"2019-03-12T16:11:39+05:30"},"name":"ChronosAlignment2","private":{"param":{"RangeXY":0.2,"RangeZ":0.375,"CorneaDetection":false,"infoForLog":{"sessionDate":"20190312","sessionPatientID":"empty161134","execTime":"20190312T161139+0530"}},"result":{"L":{"return":true,"HPD":{"unit":"mm","value":23.3}},"R":{"return":true,"HPD":{"unit":"mm","value":24.5}},"return":true}},"children":[]},{"date":{"first":"2019-03-12T16:11:39+05:30","last":"2019-03-12T16:11:39+05:30"},"name":"ChronosRef2","private":{"param":{"RoughMeasure":false,"DiopterShift":0,"infoForLog":{"sessionDate":"20190312","sessionPatientID":"empty161134","execTime":"20190312T161139+0530"}},"result":{"L":{"return":true,"Records":[{"Sphere":{"unit":"D","value":2.97},"Cylinder":{"unit":"D","value":-3.59},"Axis":{"unit":"deg","value":115}},{"Sphere":{"unit":"D","value":8.2},"Cylinder":{"unit":"D","value":0.07},"Axis":{"unit":"deg","value":115}},{"Sphere":{"unit":"D","value":-0.24},"Cylinder":{"unit":"D","value":0.56},"Axis":{"unit":"deg","value":46}}],"Median":{"Sphere":{"unit":"D","value":-0.24},"Cylinder":{"unit":"D","value":0.56},"Axis":{"unit":"deg","value":115}}},"R":{"return":true,"Records":[{"Sphere":{"unit":"D","value":-7.82},"Cylinder":{"unit":"D","value":-1.27},"Axis":{"unit":"deg","value":65}},{"Sphere":{"unit":"D","value":-5.66},"Cylinder":{"unit":"D","value":6.5},"Axis":{"unit":"deg","value":130}},{"Sphere":{"unit":"D","value":-3.88},"Cylinder":{"unit":"D","value":-3.67},"Axis":{"unit":"deg","value":17}}],"Median":{"Sphere":{"unit":"D","value":-5.66},"Cylinder":{"unit":"D","value":6.5},"Axis":{"unit":"deg","value":65}}},"return":true}},"children":[]}]},{"date":{"first":"2019-03-12T16:11:40+05:30","last":"2019-03-12T16:11:40+05:30"},"name":"objective measurement","private":[],"children":[{"date":{"first":"2019-03-12T16:11:40+05:30","last":"2019-03-12T16:11:40+05:30"},"name":"ChronosAlignment2","private":{"param":{"RangeXY":0.2,"RangeZ":0.375,"CorneaDetection":false,"infoForLog":{"sessionDate":"20190312","sessionPatientID":"empty161134","execTime":"20190312T161140+0530"}},"result":{"L":{"return":true,"HPD":{"unit":"mm","value":37.8}},"R":{"return":true,"HPD":{"unit":"mm","value":32.6}},"return":true}},"children":[]},{"date":{"first":"2019-03-12T16:11:40+05:30","last":"2019-03-12T16:11:40+05:30"},"name":"ChronosRef2","private":{"param":{"RoughMeasure":true,"infoForLog":{"sessionDate":"20190312","sessionPatientID":"empty161134","execTime":"20190312T161140+0530"}},"result":{"L":{"return":true,"Records":[{"Sphere":{"unit":"D","value":-8.31},"Cylinder":{"unit":"D","value":6.34},"Axis":{"unit":"deg","value":133}},{"Sphere":{"unit":"D","value":-7.59},"Cylinder":{"unit":"D","value":-3.02},"Axis":{"unit":"deg","value":19}},{"Sphere":{"unit":"D","value":8.83},"Cylinder":{"unit":"D","value":-6.9},"Axis":{"unit":"deg","value":40}}],"Median":{"Sphere":{"unit":"D","value":8.83},"Cylinder":{"unit":"D","value":-3.02},"Axis":{"unit":"deg","value":19}}},"R":{"return":true,"Records":[{"Sphere":{"unit":"D","value":5.1},"Cylinder":{"unit":"D","value":-2.13},"Axis":{"unit":"deg","value":77}},{"Sphere":{"unit":"D","value":-5.24},"Cylinder":{"unit":"D","value":-6.68},"Axis":{"unit":"deg","value":82}},{"Sphere":{"unit":"D","value":7.49},"Cylinder":{"unit":"D","value":-4.04},"Axis":{"unit":"deg","value":158}}],"Median":{"Sphere":{"unit":"D","value":5.1},"Cylinder":{"unit":"D","value":-4.04},"Axis":{"unit":"deg","value":82}}},"return":true}},"children":[]},{"date":{"first":"2019-03-12T16:11:40+05:30","last":"2019-03-12T16:11:40+05:30"},"name":"ChronosAlignment2","private":{"param":{"RangeXY":0.2,"RangeZ":0.375,"CorneaDetection":false,"infoForLog":{"sessionDate":"20190312","sessionPatientID":"empty161134","execTime":"20190312T161140+0530"}},"result":{"L":{"return":true,"HPD":{"unit":"mm","value":43.8}},"R":{"return":true,"HPD":{"unit":"mm","value":11.5}},"return":true}},"children":[]},{"date":{"first":"2019-03-12T16:11:40+05:30","last":"2019-03-12T16:11:40+05:30"},"name":"ChronosRef2","private":{"param":{"RoughMeasure":false,"DiopterShift":0,"infoForLog":{"sessionDate":"20190312","sessionPatientID":"empty161134","execTime":"20190312T161140+0530"}},"result":{"L":{"return":true,"Records":[{"Sphere":{"unit":"D","value":3.68},"Cylinder":{"unit":"D","value":4.37},"Axis":{"unit":"deg","value":154}},{"Sphere":{"unit":"D","value":9.48},"Cylinder":{"unit":"D","value":5.74},"Axis":{"unit":"deg","value":121}},{"Sphere":{"unit":"D","value":-8.63},"Cylinder":{"unit":"D","value":-5.1},"Axis":{"unit":"deg","value":92}}],"Median":{"Sphere":{"unit":"D","value":3.68},"Cylinder":{"unit":"D","value":5.74},"Axis":{"unit":"deg","value":92}}},"R":{"return":true,"Records":[{"Sphere":{"unit":"D","value":-5.48},"Cylinder":{"unit":"D","value":6.21},"Axis":{"unit":"deg","value":22}},{"Sphere":{"unit":"D","value":-4.09},"Cylinder":{"unit":"D","value":6.22},"Axis":{"unit":"deg","value":3}},{"Sphere":{"unit":"D","value":-7.94},"Cylinder":{"unit":"D","value":-5.32},"Axis":{"unit":"deg","value":122}}],"Median":{"Sphere":{"unit":"D","value":-7.94},"Cylinder":{"unit":"D","value":6.22},"Axis":{"unit":"deg","value":122}}},"return":true}},"children":[]}]},{"date":{"first":"2019-03-12T16:11:41+05:30","last":"2019-03-12T16:11:41+05:30"},"name":"objective measurement","private":[],"children":[{"date":{"first":"2019-03-12T16:11:41+05:30","last":"2019-03-12T16:11:41+05:30"},"name":"ChronosAlignment2","private":{"param":{"RangeXY":0.2,"RangeZ":0.375,"CorneaDetection":false,"infoForLog":{"sessionDate":"20190312","sessionPatientID":"empty161134","execTime":"20190312T161141+0530"}},"result":{"L":{"return":true,"HPD":{"unit":"mm","value":17.7}},"R":{"return":true,"HPD":{"unit":"mm","value":14.5}},"return":true}},"children":[]},{"date":{"first":"2019-03-12T16:11:41+05:30","last":"2019-03-12T16:11:41+05:30"},"name":"ChronosRef2","private":{"param":{"RoughMeasure":true,"infoForLog":{"sessionDate":"20190312","sessionPatientID":"empty161134","execTime":"20190312T161141+0530"}},"result":{"L":{"return":true,"Records":[{"Sphere":{"unit":"D","value":0.78},"Cylinder":{"unit":"D","value":-7.44},"Axis":{"unit":"deg","value":33}},{"Sphere":{"unit":"D","value":3.76},"Cylinder":{"unit":"D","value":-4.43},"Axis":{"unit":"deg","value":134}},{"Sphere":{"unit":"D","value":3.18},"Cylinder":{"unit":"D","value":5.54},"Axis":{"unit":"deg","value":127}}],"Median":{"Sphere":{"unit":"D","value":3.76},"Cylinder":{"unit":"D","value":-7.44},"Axis":{"unit":"deg","value":127}}},"R":{"return":true,"Records":[{"Sphere":{"unit":"D","value":-2.08},"Cylinder":{"unit":"D","value":3.67},"Axis":{"unit":"deg","value":135}},{"Sphere":{"unit":"D","value":0.84},"Cylinder":{"unit":"D","value":4.5},"Axis":{"unit":"deg","value":27}},{"Sphere":{"unit":"D","value":-5.3},"Cylinder":{"unit":"D","value":9.7},"Axis":{"unit":"deg","value":34}}],"Median":{"Sphere":{"unit":"D","value":-2.08},"Cylinder":{"unit":"D","value":9.7},"Axis":{"unit":"deg","value":34}}},"return":true}},"children":[]},{"date":{"first":"2019-03-12T16:11:41+05:30","last":"2019-03-12T16:11:41+05:30"},"name":"ChronosAlignment2","private":{"param":{"RangeXY":0.2,"RangeZ":0.375,"CorneaDetection":false,"infoForLog":{"sessionDate":"20190312","sessionPatientID":"empty161134","execTime":"20190312T161141+0530"}},"result":{"L":{"return":true,"HPD":{"unit":"mm","value":44.4}},"R":{"return":true,"HPD":{"unit":"mm","value":42.4}},"return":true}},"children":[]},{"date":{"first":"2019-03-12T16:11:41+05:30","last":"2019-03-12T16:11:41+05:30"},"name":"ChronosRef2","private":{"param":{"RoughMeasure":false,"DiopterShift":0,"infoForLog":{"sessionDate":"20190312","sessionPatientID":"empty161134","execTime":"20190312T161141+0530"}},"result":{"L":{"return":true,"Records":[{"Sphere":{"unit":"D","value":-3.7},"Cylinder":{"unit":"D","value":-6.22},"Axis":{"unit":"deg","value":165}},{"Sphere":{"unit":"D","value":-2.78},"Cylinder":{"unit":"D","value":2.59},"Axis":{"unit":"deg","value":86}},{"Sphere":{"unit":"D","value":2.93},"Cylinder":{"unit":"D","value":5.51},"Axis":{"unit":"deg","value":18}}],"Median":{"Sphere":{"unit":"D","value":-3.7},"Cylinder":{"unit":"D","value":2.59},"Axis":{"unit":"deg","value":18}}},"R":{"return":true,"Records":[{"Sphere":{"unit":"D","value":7.22},"Cylinder":{"unit":"D","value":-8.3},"Axis":{"unit":"deg","value":88}},{"Sphere":{"unit":"D","value":0.56},"Cylinder":{"unit":"D","value":-7.92},"Axis":{"unit":"deg","value":145}},{"Sphere":{"unit":"D","value":7.16},"Cylinder":{"unit":"D","value":-8.41},"Axis":{"unit":"deg","value":29}}],"Median":{"Sphere":{"unit":"D","value":0.56},"Cylinder":{"unit":"D","value":-7.92},"Axis":{"unit":"deg","value":29}}},"return":true}},"children":[]}]},{"date":{"first":"2019-03-12T16:11:42+05:30","last":"2019-03-12T16:11:42+05:30"},"name":"objective measurement","private":[],"children":[{"date":{"first":"2019-03-12T16:11:42+05:30","last":"2019-03-12T16:11:42+05:30"},"name":"ChronosAlignment2","private":{"param":{"RangeXY":0.2,"RangeZ":0.375,"CorneaDetection":false,"infoForLog":{"sessionDate":"20190312","sessionPatientID":"empty161134","execTime":"20190312T161142+0530"}},"result":{"L":{"return":true,"HPD":{"unit":"mm","value":29.6}},"R":{"return":true,"HPD":{"unit":"mm","value":33}},"return":true}},"children":[]},{"date":{"first":"2019-03-12T16:11:42+05:30","last":"2019-03-12T16:11:42+05:30"},"name":"ChronosRef2","private":{"param":{"RoughMeasure":true,"infoForLog":{"sessionDate":"20190312","sessionPatientID":"empty161134","execTime":"20190312T161142+0530"}},"result":{"L":{"return":true,"Records":[{"Sphere":{"unit":"D","value":-8.9},"Cylinder":{"unit":"D","value":-1.08},"Axis":{"unit":"deg","value":21}},{"Sphere":{"unit":"D","value":9.31},"Cylinder":{"unit":"D","value":7.26},"Axis":{"unit":"deg","value":2}},{"Sphere":{"unit":"D","value":9.65},"Cylinder":{"unit":"D","value":-2.83},"Axis":{"unit":"deg","value":122}}],"Median":{"Sphere":{"unit":"D","value":-8.9},"Cylinder":{"unit":"D","value":-1.08},"Axis":{"unit":"deg","value":21}}},"R":{"return":true,"Records":[{"Sphere":{"unit":"D","value":7.12},"Cylinder":{"unit":"D","value":-6.24},"Axis":{"unit":"deg","value":57}},{"Sphere":{"unit":"D","value":3.88},"Cylinder":{"unit":"D","value":3.44},"Axis":{"unit":"deg","value":1}},{"Sphere":{"unit":"D","value":-2.98},"Cylinder":{"unit":"D","value":-1.45},"Axis":{"unit":"deg","value":51}}],"Median":{"Sphere":{"unit":"D","value":3.88},"Cylinder":{"unit":"D","value":3.44},"Axis":{"unit":"deg","value":57}}},"return":true}},"children":[]},{"date":{"first":"2019-03-12T16:11:42+05:30","last":"2019-03-12T16:11:42+05:30"},"name":"ChronosAlignment2","private":{"param":{"RangeXY":0.2,"RangeZ":0.375,"CorneaDetection":false,"infoForLog":{"sessionDate":"20190312","sessionPatientID":"empty161134","execTime":"20190312T161142+0530"}},"result":{"L":{"return":true,"HPD":{"unit":"mm","value":26}},"R":{"return":true,"HPD":{"unit":"mm","value":33.6}},"return":true}},"children":[]},{"date":{"first":"2019-03-12T16:11:42+05:30","last":"2019-03-12T16:11:42+05:30"},"name":"ChronosRef2","private":{"param":{"RoughMeasure":false,"DiopterShift":0,"infoForLog":{"sessionDate":"20190312","sessionPatientID":"empty161134","execTime":"20190312T161142+0530"}},"result":{"L":{"return":true,"Records":[{"Sphere":{"unit":"D","value":1.86},"Cylinder":{"unit":"D","value":-2.95},"Axis":{"unit":"deg","value":60}},{"Sphere":{"unit":"D","value":-1.91},"Cylinder":{"unit":"D","value":3.12},"Axis":{"unit":"deg","value":75}},{"Sphere":{"unit":"D","value":-4.46},"Cylinder":{"unit":"D","value":2.11},"Axis":{"unit":"deg","value":29}}],"Median":{"Sphere":{"unit":"D","value":-1.91},"Cylinder":{"unit":"D","value":3.12},"Axis":{"unit":"deg","value":75}}},"R":{"return":true,"Records":[{"Sphere":{"unit":"D","value":5.35},"Cylinder":{"unit":"D","value":-3.08},"Axis":{"unit":"deg","value":26}},{"Sphere":{"unit":"D","value":-9.21},"Cylinder":{"unit":"D","value":-1.2},"Axis":{"unit":"deg","value":128}},{"Sphere":{"unit":"D","value":3.05},"Cylinder":{"unit":"D","value":1.03},"Axis":{"unit":"deg","value":35}}],"Median":{"Sphere":{"unit":"D","value":-9.21},"Cylinder":{"unit":"D","value":-3.08},"Axis":{"unit":"deg","value":26}}},"return":true}},"children":[]}]}]}