{"date":{"first":"2019-03-13T17:31:40+05:30","last":"2019-03-14T09:46:49+05:30"},"name":"One cycle of eye examination","private":{"sessionDate":"20190313","sessionTime":"173140","patientID":""},"children":[{"date":{"first":"2019-03-13T17:32:07+05:30","last":"2019-03-14T09:46:45+05:30"},"name":"subjective","children":[{"date":{"first":"2019-03-13T17:32:07+05:30","last":"2019-03-13T17:32:07+05:30"},"name":"Chart","private":{"param":{"R":{"chartID":2000},"L":{"chartID":2000}},"result":{"L":{"return":true},"R":{"return":true},"return":true}}},{"date":{"first":"2019-03-13T17:32:07+05:30","last":"2019-03-13T17:32:07+05:30"},"name":"Phoropter","private":{"param":{"eye":2,"distance":5000,"vd":0,"pd":65,"R":{"sphere":0,"cylinder":0,"axis":180},"L":{"sphere":0,"cylinder":0,"axis":180},"crossCylinder":{"status":0,"power":0.5,"RG":0},"RGFilter":0},"result":{"L":{"return":true},"R":{"return":true},"return":true}}},{"date":{"first":"2019-03-14T08:58:27+05:30","last":"2019-03-14T08:58:27+05:30"},"name":"Chart","private":{"param":{"R":{"chartID":2000},"L":{"chartID":2000}},"result":{"L":{"return":true},"R":{"return":true},"return":true}}},{"date":{"first":"2019-03-14T08:58:27+05:30","last":"2019-03-14T08:58:27+05:30"},"name":"Phoropter","private":{"param":{"eye":2,"distance":5000,"vd":0,"pd":65,"R":{"sphere":0,"cylinder":0,"axis":180},"L":{"sphere":0,"cylinder":0,"axis":180},"crossCylinder":{"status":0,"power":0.5,"RG":0},"RGFilter":0},"result":{"L":{"return":true},"R":{"return":true},"return":true}}},{"date":{"first":"2019-03-14T09:46:20+05:30","last":"2019-03-14T09:46:20+05:30"},"name":"Phoropter","private":{"param":{"eye":2,"distance":5000,"vd":0,"pd":65,"R":{"sphere":0.25,"cylinder":0,"axis":180},"L":{"sphere":0.25,"cylinder":0,"axis":180},"crossCylinder":{"status":0,"power":0.5,"RG":0},"RGFilter":0},"result":{"L":{"return":true},"R":{"return":true},"return":true}}},{"date":{"first":"2019-03-14T09:46:21+05:30","last":"2019-03-14T09:46:21+05:30"},"name":"Phoropter","private":{"param":{"eye":2,"distance":5000,"vd":0,"pd":65,"R":{"sphere":0.5,"cylinder":0,"axis":180},"L":{"sphere":0.5,"cylinder":0,"axis":180},"crossCylinder":{"status":0,"power":0.5,"RG":0},"RGFilter":0},"result":{"L":{"return":true},"R":{"return":true},"return":true}}},{"date":{"first":"2019-03-14T09:46:21+05:30","last":"2019-03-14T09:46:21+05:30"},"name":"Phoropter","private":{"param":{"eye":2,"distance":5000,"vd":0,"pd":65,"R":{"sphere":0.75,"cylinder":0,"axis":180},"L":{"sphere":0.75,"cylinder":0,"axis":180},"crossCylinder":{"status":0,"power":0.5,"RG":0},"RGFilter":0},"result":{"L":{"return":true},"R":{"return":true},"return":true}}},{"date":{"first":"2019-03-14T09:46:22+05:30","last":"2019-03-14T09:46:22+05:30"},"name":"Phoropter","private":{"param":{"eye":2,"distance":5000,"vd":0,"pd":65,"R":{"sphere":1,"cylinder":0,"axis":180},"L":{"sphere":1,"cylinder":0,"axis":180},"crossCylinder":{"status":0,"power":0.5,"RG":0},"RGFilter":0},"result":{"L":{"return":true},"R":{"return":true},"return":true}}},{"date":{"first":"2019-03-14T09:46:22+05:30","last":"2019-03-14T09:46:22+05:30"},"name":"Phoropter","private":{"param":{"eye":2,"distance":5000,"vd":0,"pd":65,"R":{"sphere":1.25,"cylinder":0,"axis":180},"L":{"sphere":1.25,"cylinder":0,"axis":180},"crossCylinder":{"status":0,"power":0.5,"RG":0},"RGFilter":0},"result":{"L":{"return":true},"R":{"return":true},"return":true}}},{"date":{"first":"2019-03-14T09:46:22+05:30","last":"2019-03-14T09:46:22+05:30"},"name":"Phoropter","private":{"param":{"eye":2,"distance":5000,"vd":0,"pd":65,"R":{"sphere":1.5,"cylinder":0,"axis":180},"L":{"sphere":1.5,"cylinder":0,"axis":180},"crossCylinder":{"status":0,"power":0.5,"RG":0},"RGFilter":0},"result":{"L":{"return":true},"R":{"return":true},"return":true}}},{"date":{"first":"2019-03-14T09:46:23+05:30","last":"2019-03-14T09:46:23+05:30"},"name":"Phoropter","private":{"param":{"eye":2,"distance":5000,"vd":0,"pd":65,"R":{"sphere":1.75,"cylinder":0,"axis":180},"L":{"sphere":1.75,"cylinder":0,"axis":180},"crossCylinder":{"status":0,"power":0.5,"RG":0},"RGFilter":0},"result":{"L":{"return":true},"R":{"return":true},"return":true}}},{"date":{"first":"2019-03-14T09:46:23+05:30","last":"2019-03-14T09:46:23+05:30"},"name":"Phoropter","private":{"param":{"eye":2,"distance":5000,"vd":0,"pd":65,"R":{"sphere":2,"cylinder":0,"axis":180},"L":{"sphere":2,"cylinder":0,"axis":180},"crossCylinder":{"status":0,"power":0.5,"RG":0},"RGFilter":0},"result":{"L":{"return":true},"R":{"return":true},"return":true}}},{"date":{"first":"2019-03-14T09:46:24+05:30","last":"2019-03-14T09:46:24+05:30"},"name":"Phoropter","private":{"param":{"eye":2,"distance":5000,"vd":0,"pd":65,"R":{"sphere":2.25,"cylinder":0,"axis":180},"L":{"sphere":2.25,"cylinder":0,"axis":180},"crossCylinder":{"status":0,"power":0.5,"RG":0},"RGFilter":0},"result":{"L":{"return":true},"R":{"return":true},"return":true}}},{"date":{"first":"2019-03-14T09:46:25+05:30","last":"2019-03-14T09:46:25+05:30"},"name":"Phoropter","private":{"param":{"eye":2,"distance":5000,"vd":0,"pd":65,"R":{"sphere":2,"cylinder":0,"axis":180},"L":{"sphere":2,"cylinder":0,"axis":180},"crossCylinder":{"status":0,"power":0.5,"RG":0},"RGFilter":0},"result":{"L":{"return":true},"R":{"return":true},"return":true}}},{"date":{"first":"2019-03-14T09:46:26+05:30","last":"2019-03-14T09:46:26+05:30"},"name":"Phoropter","private":{"param":{"eye":2,"distance":5000,"vd":0,"pd":65,"R":{"sphere":1.75,"cylinder":0,"axis":180},"L":{"sphere":1.75,"cylinder":0,"axis":180},"crossCylinder":{"status":0,"power":0.5,"RG":0},"RGFilter":0},"result":{"L":{"return":true},"R":{"return":true},"return":true}}},{"date":{"first":"2019-03-14T09:46:26+05:30","last":"2019-03-14T09:46:26+05:30"},"name":"Phoropter","private":{"param":{"eye":2,"distance":5000,"vd":0,"pd":65,"R":{"sphere":1.5,"cylinder":0,"axis":180},"L":{"sphere":1.5,"cylinder":0,"axis":180},"crossCylinder":{"status":0,"power":0.5,"RG":0},"RGFilter":0},"result":{"L":{"return":true},"R":{"return":true},"return":true}}},{"date":{"first":"2019-03-14T09:46:27+05:30","last":"2019-03-14T09:46:27+05:30"},"name":"Chart","private":{"param":{"R":{"chartID":1},"L":{"chartID":2000}},"result":{"L":{"return":true},"R":{"return":true},"return":true}}},{"date":{"first":"2019-03-14T09:46:27+05:30","last":"2019-03-14T09:46:27+05:30"},"name":"Phoropter","private":{"param":{"eye":1,"distance":5000,"vd":0,"pd":65,"R":{"sphere":1.5,"cylinder":0,"axis":180},"L":{"sphere":1.5,"cylinder":0,"axis":180},"crossCylinder":{"status":0,"power":0.5,"RG":0},"RGFilter":0},"result":{"L":{"return":true},"R":{"return":true},"return":true}}},{"date":{"first":"2019-03-14T09:46:28+05:30","last":"2019-03-14T09:46:28+05:30"},"name":"Chart","private":{"param":{"R":{"chartID":2000},"L":{"chartID":1}},"result":{"L":{"return":true},"R":{"return":true},"return":true}}},{"date":{"first":"2019-03-14T09:46:28+05:30","last":"2019-03-14T09:46:28+05:30"},"name":"Phoropter","private":{"param":{"eye":0,"distance":5000,"vd":0,"pd":65,"R":{"sphere":1.5,"cylinder":0,"axis":180},"L":{"sphere":1.5,"cylinder":0,"axis":180},"crossCylinder":{"status":0,"power":0.5,"RG":0},"RGFilter":0},"result":{"L":{"return":true},"R":{"return":true},"return":true}}},{"date":{"first":"2019-03-14T09:46:42+05:30","last":"2019-03-14T09:46:42+05:30"},"name":"Chart","private":{"param":{"R":{"chartID":0},"L":{"chartID":0}},"result":{"L":{"return":true},"R":{"return":true},"return":true}}},{"date":{"first":"2019-03-14T09:46:42+05:30","last":"2019-03-14T09:46:42+05:30"},"name":"Phoropter","private":{"param":{"eye":0,"distance":6096,"vd":0,"pd":65,"R":{"sphere":1.5,"cylinder":0,"axis":180},"L":{"sphere":1.5,"cylinder":0,"axis":180},"crossCylinder":{"status":0,"power":0.5,"RG":0},"RGFilter":0},"result":{"L":{"return":true},"R":{"return":true},"return":true}}},{"date":{"first":"2019-03-14T09:46:42+05:30","last":"2019-03-14T09:46:42+05:30"},"name":"Chart","private":{"param":{"R":{"chartID":2000},"L":{"chartID":1}},"result":{"L":{"return":true},"R":{"return":true},"return":true}}},{"date":{"first":"2019-03-14T09:46:42+05:30","last":"2019-03-14T09:46:42+05:30"},"name":"Phoropter","private":{"param":{"eye":0,"distance":6096,"vd":0,"pd":65,"R":{"sphere":1.75,"cylinder":0,"axis":180},"L":{"sphere":1.5,"cylinder":0,"axis":180},"crossCylinder":{"status":0,"power":0.5,"RG":0},"RGFilter":0},"result":{"L":{"return":true},"R":{"return":true},"return":true}}},{"date":{"first":"2019-03-14T09:46:43+05:30","last":"2019-03-14T09:46:43+05:30"},"name":"Phoropter","private":{"param":{"eye":0,"distance":6096,"vd":0,"pd":65,"R":{"sphere":1.5,"cylinder":0,"axis":180},"L":{"sphere":1.5,"cylinder":0,"axis":180},"crossCylinder":{"status":0,"power":0.5,"RG":0},"RGFilter":0},"result":{"L":{"return":true},"R":{"return":true},"return":true}}},{"date":{"first":"2019-03-14T09:46:44+05:30","last":"2019-03-14T09:46:44+05:30"},"name":"Phoropter","private":{"param":{"eye":0,"distance":6096,"vd":0,"pd":65,"R":{"sphere":1.25,"cylinder":0,"axis":180},"L":{"sphere":1.5,"cylinder":0,"axis":180},"crossCylinder":{"status":0,"power":0.5,"RG":0},"RGFilter":0},"result":{"L":{"return":true},"R":{"return":true},"return":true}}},{"date":{"first":"2019-03-14T09:46:44+05:30","last":"2019-03-14T09:46:44+05:30"},"name":"Phoropter","private":{"param":{"eye":0,"distance":6096,"vd":0,"pd":65,"R":{"sphere":1,"cylinder":0,"axis":180},"L":{"sphere":1.5,"cylinder":0,"axis":180},"crossCylinder":{"status":0,"power":0.5,"RG":0},"RGFilter":0},"result":{"L":{"return":true},"R":{"return":true},"return":true}}},{"date":{"first":"2019-03-14T09:46:44+05:30","last":"2019-03-14T09:46:44+05:30"},"name":"Phoropter","private":{"param":{"eye":0,"distance":6096,"vd":0,"pd":65,"R":{"sphere":0.75,"cylinder":0,"axis":180},"L":{"sphere":1.5,"cylinder":0,"axis":180},"crossCylinder":{"status":0,"power":0.5,"RG":0},"RGFilter":0},"result":{"L":{"return":true},"R":{"return":true},"return":true}}},{"date":{"first":"2019-03-14T09:46:45+05:30","last":"2019-03-14T09:46:45+05:30"},"name":"Phoropter","private":{"param":{"eye":0,"distance":6096,"vd":0,"pd":65,"R":{"sphere":0.5,"cylinder":0,"axis":180},"L":{"sphere":1.5,"cylinder":0,"axis":180},"crossCylinder":{"status":0,"power":0.5,"RG":0},"RGFilter":0},"result":{"L":{"return":true},"R":{"return":true},"return":true}}},{"date":{"first":"2019-03-14T09:46:45+05:30","last":"2019-03-14T09:46:45+05:30"},"name":"Phoropter","private":{"param":{"eye":0,"distance":6096,"vd":0,"pd":65,"R":{"sphere":0.25,"cylinder":0,"axis":180},"L":{"sphere":1.5,"cylinder":0,"axis":180},"crossCylinder":{"status":0,"power":0.5,"RG":0},"RGFilter":0},"result":{"L":{"return":true},"R":{"return":true},"return":true}}}]}]}