{"subjective":{"RefractionTest":{"List":{"1":{"Full Correction":{"ExamDistance":{"List":{"1":{"Distance":{"unit":"mm","value":5000},"RefractionData":{"R":{"Sphere":{"unit":"D","value":-1.25},"Cylinder":{"unit":"D","value":-8.5},"Axis":{"unit":"deg","value":42}},"L":{"Sphere":{"unit":"D","value":-1.75},"Cylinder":{"unit":"D","value":-3},"Axis":{"unit":"deg","value":13}},"VD":{"unit":"mm","value":0},"PD":{"B":{"unit":"mm","value":51.9}}},"VA":{"R":{"unit":"","value":""},"L":{"unit":"","value":""},"B":{"unit":"","value":""}}},"2":{"Distance":{"unit":"mm","value":400},"RefractionData":{"R":{"Sphere":{"unit":"D","value":-1.25},"Cylinder":{"unit":"D","value":-8.5},"Axis":{"unit":"deg","value":42}},"L":{"Sphere":{"unit":"D","value":-1.75},"Cylinder":{"unit":"D","value":-3},"Axis":{"unit":"deg","value":13}},"VD":{"unit":"mm","value":0},"PD":{"B":{"unit":"mm","value":51.9}}},"VA":{"R":{"unit":"","value":""},"L":{"unit":"","value":""},"B":{"unit":"","value":""}}}}}}}}}}}