{
  "lensmeter": {
    "MeasureMode": "",
    "DiopterStep": {
      "unit":  "string(/Ophthalmology/nsLM:Measure[@type='LM']/nsLM:DiopterStep/@unit)",
      "value": "number(/Ophthalmology/nsLM:Measure[@type='LM']/nsLM:DiopterStep)"
    },
    "AxisStep": {
      "unit":  "string(/Ophthalmology/nsLM:Measure[@type='LM']/nsLM:AxisStep/@unit)",
      "value": "number(/Ophthalmology/nsLM:Measure[@type='LM']/nsLM:AxisStep)"
    },
    "CylinderMode": "string(/Ophthalmology/nsLM:Measure[@type='LM']/nsLM:CylinderMode)",
    "PrismDiopterStep": {
      "unit": "",
      "value": ""
    },
    "PrismBaseStep": {
      "unit": "",
      "value": ""
    },
    "PrismMode": "",
    "AddMode": "",
    "LM": {
      "S": {
        "Sphere": {
          "unit": "",
          "value": ""
        },
        "Cylinder": {
          "unit": "",
          "value": ""
        },
        "Axis": {
          "unit": "",
          "value": ""
        },
        "SE": {
          "unit": "",
          "value": ""
        },
        "ADD": {
          "unit": "",
          "value": ""
        },
        "ADD2": {
          "unit": "",
          "value": ""
        },
        "NearSphere": {
          "unit": "",
          "value": ""
        },
        "NearSphere2": {
          "unit": "",
          "value": ""
        },
        "Prism": {
          "unit": "",
          "value": ""
        },
        "PrismBase": {
          "unit": "",
          "value": ""
        },
        "PrismX": {
          "unit": "",
          "base": "",
          "value": ""
        },
        "PrismY": {
          "unit": "",
          "base": "",
          "value": ""
        },
        "UVTransmittance": {
          "unit": "",
          "value": ""
        },
        "ConfidenceIndex": "",
        "Error": ""
      },
      "R": {
        "Sphere": {
          "unit":  "string(/Ophthalmology/nsLM:Measure[@type='LM']/nsLM:LM/nsLM:R/nsLM:Sphere/@unit)",
          "value": "number(/Ophthalmology/nsLM:Measure[@type='LM']/nsLM:LM/nsLM:R/nsLM:Sphere)"
        },
        "Cylinder": {
          "unit":  "string(/Ophthalmology/nsLM:Measure[@type='LM']/nsLM:LM/nsLM:R/nsLM:Cylinder/@unit)",
          "value": "number(/Ophthalmology/nsLM:Measure[@type='LM']/nsLM:LM/nsLM:R/nsLM:Cylinder)"
        },
        "Axis": {
          "unit":  "string(/Ophthalmology/nsLM:Measure[@type='LM']/nsLM:LM/nsLM:R/nsLM:Axis/@unit)",
          "value": "number(/Ophthalmology/nsLM:Measure[@type='LM']/nsLM:LM/nsLM:R/nsLM:Axis)"
        },
        "SE": {
          "unit": "",
          "value": ""
        },
        "ADD": {
          "unit":  "string(/Ophthalmology/nsLM:Measure[@type='LM']/nsLM:LM/nsLM:R/nsLM:Add1/@unit)",
          "value": "number(/Ophthalmology/nsLM:Measure[@type='LM']/nsLM:LM/nsLM:R/nsLM:Add1)"
        },
        "ADD2": {
          "unit":  "string(/Ophthalmology/nsLM:Measure[@type='LM']/nsLM:LM/nsLM:R/nsLM:Add2/@unit)",
          "value": "number(/Ophthalmology/nsLM:Measure[@type='LM']/nsLM:LM/nsLM:R/nsLM:Add2)"
        },
        "NearSphere": {
          "unit": "",
          "value": ""
        },
        "NearSphere2": {
          "unit": "",
          "value": ""
        },
        "Prism": {
          "unit": "",
          "value": ""
        },
        "PrismBase": {
          "unit": "",
          "value": ""
        },
        "PrismX": {
          "unit": "",
          "base": "",
          "value": ""
        },
        "PrismY": {
          "unit": "",
          "base": "",
          "value": ""
        },
        "UVTransmittance": {
          "unit": "",
          "value": ""
        },
        "ConfidenceIndex": "",
        "Error": ""
      },
      "L": {
        "Sphere": {
          "unit":  "string(/Ophthalmology/nsLM:Measure[@type='LM']/nsLM:LM/nsLM:L/nsLM:Sphere/@unit)",
          "value": "number(/Ophthalmology/nsLM:Measure[@type='LM']/nsLM:LM/nsLM:L/nsLM:Sphere)"
        },
        "Cylinder": {
          "unit":  "string(/Ophthalmology/nsLM:Measure[@type='LM']/nsLM:LM/nsLM:L/nsLM:Cylinder/@unit)",
          "value": "number(/Ophthalmology/nsLM:Measure[@type='LM']/nsLM:LM/nsLM:L/nsLM:Cylinder)"
        },
        "Axis": {
          "unit":  "string(/Ophthalmology/nsLM:Measure[@type='LM']/nsLM:LM/nsLM:L/nsLM:Axis/@unit)",
          "value": "number(/Ophthalmology/nsLM:Measure[@type='LM']/nsLM:LM/nsLM:L/nsLM:Axis)"
        },
        "SE": {
          "unit": "",
          "value": ""
        },
        "ADD": {
          "unit":  "string(/Ophthalmology/nsLM:Measure[@type='LM']/nsLM:LM/nsLM:L/nsLM:Add1/@unit)",
          "value": "number(/Ophthalmology/nsLM:Measure[@type='LM']/nsLM:LM/nsLM:L/nsLM:Add1)"
        },
        "ADD2": {
          "unit":  "string(/Ophthalmology/nsLM:Measure[@type='LM']/nsLM:LM/nsLM:L/nsLM:Add2/@unit)",
          "value": "number(/Ophthalmology/nsLM:Measure[@type='LM']/nsLM:LM/nsLM:L/nsLM:Add2)"
        },
        "NearSphere": {
          "unit": "",
          "value": ""
        },
        "NearSphere2": {
          "unit": "",
          "value": ""
        },
        "Prism": {
          "unit": "",
          "value": ""
        },
        "PrismBase": {
          "unit": "",
          "value": ""
        },
        "PrismX": {
          "unit": "",
          "base": "",
          "value": ""
        },
        "PrismY": {
          "unit": "",
          "base": "",
          "value": ""
        },
        "UVTransmittance": {
          "unit": "",
          "value": ""
        },
        "ConfidenceIndex": "",
        "Error": ""
      }
    },
    "PD": {
      "Distance": {
        "unit":  "string(/Ophthalmology/nsLM:Measure[@type='LM']/nsLM:PD/nsLM:B/nsLM:Distance/@unit)",
        "value": "number(/Ophthalmology/nsLM:Measure[@type='LM']/nsLM:PD/nsLM:B/nsLM:Distance)"
      },
      "DistanceR": {
        "unit":  "string(/Ophthalmology/nsLM:Measure[@type='LM']/nsLM:PD/nsLM:R/nsLM:Distance/@unit)",
        "value": "number(/Ophthalmology/nsLM:Measure[@type='LM']/nsLM:PD/nsLM:R/nsLM:Distance)"
      },
      "DistanceL": {
        "unit":  "string(/Ophthalmology/nsLM:Measure[@type='LM']/nsLM:PD/nsLM:L/nsLM:Distance/@unit)",
        "value": "number(/Ophthalmology/nsLM:Measure[@type='LM']/nsLM:PD/nsLM:L/nsLM:Distance)"
      },
      "Near": {
        "unit": "",
        "value": ""
      },
      "NearR": {
        "unit": "",
        "value": ""
      },
      "NearL": {
        "unit": "",
        "value": ""
      }
    }
  }
}
