{"refraction":{"VD":{"unit":"mm","value":12},"R":{"List":{"1":{"Sphere":{"unit":"D","value":7.42},"Cylinder":{"unit":"D","value":-3.35},"Axis":{"unit":"deg","value":131}},"2":{"Sphere":{"unit":"D","value":6.09},"Cylinder":{"unit":"D","value":5.02},"Axis":{"unit":"deg","value":61}},"3":{"Sphere":{"unit":"D","value":-9.93},"Cylinder":{"unit":"D","value":0.31},"Axis":{"unit":"deg","value":67}}},"Median":{"Sphere":{"unit":"D","value":7.42},"Cylinder":{"unit":"D","value":0.31},"Axis":{"unit":"deg","value":131}},"TargetEye":"Bino"},"L":{"List":{"1":{"Sphere":{"unit":"D","value":-7.11},"Cylinder":{"unit":"D","value":-6.65},"Axis":{"unit":"deg","value":82}},"2":{"Sphere":{"unit":"D","value":4.71},"Cylinder":{"unit":"D","value":3.99},"Axis":{"unit":"deg","value":122}},"3":{"Sphere":{"unit":"D","value":0.11},"Cylinder":{"unit":"D","value":-5.76},"Axis":{"unit":"deg","value":160}}},"Median":{"Sphere":{"unit":"D","value":4.71},"Cylinder":{"unit":"D","value":-5.76},"Axis":{"unit":"deg","value":122}},"TargetEye":"Bino"}},"PD":{"Distance":{"value":52.9,"unit":"mm"}}}