{"refraction":{"VD":{"unit":"mm","value":12},"R":{"List":{"1":{"Sphere":{"unit":"D","value":-3.95},"Cylinder":{"unit":"D","value":-3.47},"Axis":{"unit":"deg","value":21}},"2":{"Sphere":{"unit":"D","value":-6.45},"Cylinder":{"unit":"D","value":5.54},"Axis":{"unit":"deg","value":104}},"3":{"Sphere":{"unit":"D","value":5.71},"Cylinder":{"unit":"D","value":8.34},"Axis":{"unit":"deg","value":48}}},"Median":{"Sphere":{"unit":"D","value":5.71},"Cylinder":{"unit":"D","value":5.54},"Axis":{"unit":"deg","value":104}},"TargetEye":"Bino"},"L":{"List":{"1":{"Sphere":{"unit":"D","value":-0.83},"Cylinder":{"unit":"D","value":-6.19},"Axis":{"unit":"deg","value":7}},"2":{"Sphere":{"unit":"D","value":4.89},"Cylinder":{"unit":"D","value":5.9},"Axis":{"unit":"deg","value":138}},"3":{"Sphere":{"unit":"D","value":7.94},"Cylinder":{"unit":"D","value":9.8},"Axis":{"unit":"deg","value":123}}},"Median":{"Sphere":{"unit":"D","value":4.89},"Cylinder":{"unit":"D","value":-6.19},"Axis":{"unit":"deg","value":138}},"TargetEye":"Bino"}},"PD":{"Distance":{"value":80.7,"unit":"mm"}}}