{"refraction":{"VD":{"unit":"mm","value":12},"R":{"List":{"1":{"Sphere":{"unit":"D","value":7.22},"Cylinder":{"unit":"D","value":-8.3},"Axis":{"unit":"deg","value":88}},"2":{"Sphere":{"unit":"D","value":0.56},"Cylinder":{"unit":"D","value":-7.92},"Axis":{"unit":"deg","value":145}},"3":{"Sphere":{"unit":"D","value":7.16},"Cylinder":{"unit":"D","value":-8.41},"Axis":{"unit":"deg","value":29}}},"Median":{"Sphere":{"unit":"D","value":0.56},"Cylinder":{"unit":"D","value":-7.92},"Axis":{"unit":"deg","value":29}},"TargetEye":"Bino"},"L":{"List":{"1":{"Sphere":{"unit":"D","value":-3.7},"Cylinder":{"unit":"D","value":-6.22},"Axis":{"unit":"deg","value":165}},"2":{"Sphere":{"unit":"D","value":-2.78},"Cylinder":{"unit":"D","value":2.59},"Axis":{"unit":"deg","value":86}},"3":{"Sphere":{"unit":"D","value":2.93},"Cylinder":{"unit":"D","value":5.51},"Axis":{"unit":"deg","value":18}}},"Median":{"Sphere":{"unit":"D","value":-3.7},"Cylinder":{"unit":"D","value":2.59},"Axis":{"unit":"deg","value":18}},"TargetEye":"Bino"}},"PD":{"Distance":{"value":32.2,"unit":"mm"}}}