{"refraction":{"VD":{"unit":"mm","value":12},"R":{"List":{"1":{"Sphere":{"unit":"D","value":-3.78},"Cylinder":{"unit":"D","value":0.71},"Axis":{"unit":"deg","value":47}},"2":{"Sphere":{"unit":"D","value":9.04},"Cylinder":{"unit":"D","value":9.83},"Axis":{"unit":"deg","value":170}},"3":{"Sphere":{"unit":"D","value":-5.69},"Cylinder":{"unit":"D","value":6.62},"Axis":{"unit":"deg","value":54}}},"Median":{"Sphere":{"unit":"D","value":9.04},"Cylinder":{"unit":"D","value":6.62},"Axis":{"unit":"deg","value":54}},"TargetEye":"Bino"},"L":{"List":{"1":{"Sphere":{"unit":"D","value":-6.49},"Cylinder":{"unit":"D","value":-6.48},"Axis":{"unit":"deg","value":111}},"2":{"Sphere":{"unit":"D","value":1.02},"Cylinder":{"unit":"D","value":3.66},"Axis":{"unit":"deg","value":135}},"3":{"Sphere":{"unit":"D","value":-8.76},"Cylinder":{"unit":"D","value":2.77},"Axis":{"unit":"deg","value":161}}},"Median":{"Sphere":{"unit":"D","value":-8.76},"Cylinder":{"unit":"D","value":-6.48},"Axis":{"unit":"deg","value":135}},"TargetEye":"Bino"}},"PD":{"Distance":{"value":88.6,"unit":"mm"}}}