{"refraction":{"VD":{"unit":"mm","value":12},"R":{"List":{"1":{"Sphere":{"unit":"D","value":-5.48},"Cylinder":{"unit":"D","value":6.21},"Axis":{"unit":"deg","value":22}},"2":{"Sphere":{"unit":"D","value":-4.09},"Cylinder":{"unit":"D","value":6.22},"Axis":{"unit":"deg","value":3}},"3":{"Sphere":{"unit":"D","value":-7.94},"Cylinder":{"unit":"D","value":-5.32},"Axis":{"unit":"deg","value":122}}},"Median":{"Sphere":{"unit":"D","value":-7.94},"Cylinder":{"unit":"D","value":6.22},"Axis":{"unit":"deg","value":122}},"TargetEye":"Bino"},"L":{"List":{"1":{"Sphere":{"unit":"D","value":3.68},"Cylinder":{"unit":"D","value":4.37},"Axis":{"unit":"deg","value":154}},"2":{"Sphere":{"unit":"D","value":9.48},"Cylinder":{"unit":"D","value":5.74},"Axis":{"unit":"deg","value":121}},"3":{"Sphere":{"unit":"D","value":-8.63},"Cylinder":{"unit":"D","value":-5.1},"Axis":{"unit":"deg","value":92}}},"Median":{"Sphere":{"unit":"D","value":3.68},"Cylinder":{"unit":"D","value":5.74},"Axis":{"unit":"deg","value":92}},"TargetEye":"Bino"}},"PD":{"Distance":{"value":70.4,"unit":"mm"}}}