{"refraction":{"VD":{"unit":"mm","value":0},"R":{"List":{"1":{"Sphere":{"unit":"D","value":9.1},"Cylinder":{"unit":"D","value":3.92},"Axis":{"unit":"deg","value":98}},"2":{"Sphere":{"unit":"D","value":-8.37},"Cylinder":{"unit":"D","value":-2.15},"Axis":{"unit":"deg","value":91}},"3":{"Sphere":{"unit":"D","value":-9.09},"Cylinder":{"unit":"D","value":0.85},"Axis":{"unit":"deg","value":156}}},"Median":{"Sphere":{"unit":"D","value":-9.09},"Cylinder":{"unit":"D","value":0.85},"Axis":{"unit":"deg","value":91}},"TargetEye":"Bino"},"L":{"List":{"1":{"Sphere":{"unit":"D","value":-1.74},"Cylinder":{"unit":"D","value":-6.22},"Axis":{"unit":"deg","value":169}},"2":{"Sphere":{"unit":"D","value":7.23},"Cylinder":{"unit":"D","value":8.01},"Axis":{"unit":"deg","value":148}},"3":{"Sphere":{"unit":"D","value":-4.78},"Cylinder":{"unit":"D","value":-4.62},"Axis":{"unit":"deg","value":99}}},"Median":{"Sphere":{"unit":"D","value":-1.74},"Cylinder":{"unit":"D","value":8.01},"Axis":{"unit":"deg","value":99}},"TargetEye":"Bino"}},"PD":{"Distance":{"value":50.099999999999994,"unit":"mm"}}}