{"refraction":{"VD":{"unit":"mm","value":0},"R":{"List":{"1":{"Sphere":{"unit":"D","value":8.71},"Cylinder":{"unit":"D","value":6.99},"Axis":{"unit":"deg","value":13}},"2":{"Sphere":{"unit":"D","value":-4.21},"Cylinder":{"unit":"D","value":3.88},"Axis":{"unit":"deg","value":165}},"3":{"Sphere":{"unit":"D","value":-9.67},"Cylinder":{"unit":"D","value":-3.32},"Axis":{"unit":"deg","value":5}}},"Median":{"Sphere":{"unit":"D","value":8.71},"Cylinder":{"unit":"D","value":6.99},"Axis":{"unit":"deg","value":13}},"TargetEye":"Bino"},"L":{"List":{"1":{"Sphere":{"unit":"D","value":9.85},"Cylinder":{"unit":"D","value":-2.62},"Axis":{"unit":"deg","value":5}},"2":{"Sphere":{"unit":"D","value":-1.95},"Cylinder":{"unit":"D","value":2.12},"Axis":{"unit":"deg","value":145}},"3":{"Sphere":{"unit":"D","value":2.83},"Cylinder":{"unit":"D","value":-2.49},"Axis":{"unit":"deg","value":121}}},"Median":{"Sphere":{"unit":"D","value":9.85},"Cylinder":{"unit":"D","value":-2.62},"Axis":{"unit":"deg","value":145}},"TargetEye":"Bino"}},"PD":{"Distance":{"value":76,"unit":"mm"}}}