{"refraction":{"VD":{"unit":"mm","value":0},"R":{"List":{"1":{"Sphere":{"unit":"D","value":-4.43},"Cylinder":{"unit":"D","value":8.85},"Axis":{"unit":"deg","value":13}},"2":{"Sphere":{"unit":"D","value":-7.56},"Cylinder":{"unit":"D","value":-9.99},"Axis":{"unit":"deg","value":87}},"3":{"Sphere":{"unit":"D","value":-4.65},"Cylinder":{"unit":"D","value":5.2},"Axis":{"unit":"deg","value":174}}},"Median":{"Sphere":{"unit":"D","value":-4.43},"Cylinder":{"unit":"D","value":8.85},"Axis":{"unit":"deg","value":174}},"TargetEye":"Bino"},"L":{"List":{"1":{"Sphere":{"unit":"D","value":5.03},"Cylinder":{"unit":"D","value":-3.95},"Axis":{"unit":"deg","value":40}},"2":{"Sphere":{"unit":"D","value":-6.4},"Cylinder":{"unit":"D","value":9.38},"Axis":{"unit":"deg","value":109}},"3":{"Sphere":{"unit":"D","value":-1.86},"Cylinder":{"unit":"D","value":-5.1},"Axis":{"unit":"deg","value":152}}},"Median":{"Sphere":{"unit":"D","value":-1.86},"Cylinder":{"unit":"D","value":-5.1},"Axis":{"unit":"deg","value":152}},"TargetEye":"Bino"}},"PD":{"Distance":{"value":69.8,"unit":"mm"}}}