{"refraction":{"VD":{"unit":"mm","value":0},"R":{"List":{"1":{"Sphere":{"unit":"D","value":-5.98},"Cylinder":{"unit":"D","value":5.29},"Axis":{"unit":"deg","value":133}},"2":{"Sphere":{"unit":"D","value":8.77},"Cylinder":{"unit":"D","value":3.3},"Axis":{"unit":"deg","value":39}},"3":{"Sphere":{"unit":"D","value":-2.76},"Cylinder":{"unit":"D","value":7.11},"Axis":{"unit":"deg","value":27}}},"Median":{"Sphere":{"unit":"D","value":-2.76},"Cylinder":{"unit":"D","value":5.29},"Axis":{"unit":"deg","value":133}},"TargetEye":"Bino"},"L":{"List":{"1":{"Sphere":{"unit":"D","value":7.41},"Cylinder":{"unit":"D","value":7.01},"Axis":{"unit":"deg","value":139}},"2":{"Sphere":{"unit":"D","value":-3.17},"Cylinder":{"unit":"D","value":-3.51},"Axis":{"unit":"deg","value":118}},"3":{"Sphere":{"unit":"D","value":-4.44},"Cylinder":{"unit":"D","value":-2.91},"Axis":{"unit":"deg","value":110}}},"Median":{"Sphere":{"unit":"D","value":7.41},"Cylinder":{"unit":"D","value":7.01},"Axis":{"unit":"deg","value":139}},"TargetEye":"Bino"}},"PD":{"Distance":{"value":78.3,"unit":"mm"}}}