{"refraction":{"VD":{"unit":"mm","value":0},"R":{"List":{"1":{"Sphere":{"unit":"D","value":-7.54},"Cylinder":{"unit":"D","value":-2.7},"Axis":{"unit":"deg","value":172}},"2":{"Sphere":{"unit":"D","value":-4.05},"Cylinder":{"unit":"D","value":-9.71},"Axis":{"unit":"deg","value":98}},"3":{"Sphere":{"unit":"D","value":2.45},"Cylinder":{"unit":"D","value":-0.13},"Axis":{"unit":"deg","value":23}}},"Median":{"Sphere":{"unit":"D","value":-7.54},"Cylinder":{"unit":"D","value":-0.13},"Axis":{"unit":"deg","value":98}},"TargetEye":"Bino"},"L":{"List":{"1":{"Sphere":{"unit":"D","value":-6.76},"Cylinder":{"unit":"D","value":5.11},"Axis":{"unit":"deg","value":118}},"2":{"Sphere":{"unit":"D","value":1.55},"Cylinder":{"unit":"D","value":0.3},"Axis":{"unit":"deg","value":114}},"3":{"Sphere":{"unit":"D","value":3.17},"Cylinder":{"unit":"D","value":4.94},"Axis":{"unit":"deg","value":89}}},"Median":{"Sphere":{"unit":"D","value":1.55},"Cylinder":{"unit":"D","value":5.11},"Axis":{"unit":"deg","value":114}},"TargetEye":"Bino"}},"PD":{"Distance":{"value":52.8,"unit":"mm"}}}