{"refraction":{"VD":{"unit":"mm","value":0},"R":{"List":{"1":{"Sphere":{"unit":"D","value":4.55},"Cylinder":{"unit":"D","value":4.28},"Axis":{"unit":"deg","value":60}},"2":{"Sphere":{"unit":"D","value":8.01},"Cylinder":{"unit":"D","value":7.65},"Axis":{"unit":"deg","value":91}},"3":{"Sphere":{"unit":"D","value":-7.89},"Cylinder":{"unit":"D","value":9.27},"Axis":{"unit":"deg","value":128}}},"Median":{"Sphere":{"unit":"D","value":4.55},"Cylinder":{"unit":"D","value":4.28},"Axis":{"unit":"deg","value":128}},"TargetEye":"Bino"},"L":{"List":{"1":{"Sphere":{"unit":"D","value":-6.94},"Cylinder":{"unit":"D","value":6.11},"Axis":{"unit":"deg","value":89}},"2":{"Sphere":{"unit":"D","value":9.9},"Cylinder":{"unit":"D","value":-5.85},"Axis":{"unit":"deg","value":27}},"3":{"Sphere":{"unit":"D","value":-5.27},"Cylinder":{"unit":"D","value":3.11},"Axis":{"unit":"deg","value":164}}},"Median":{"Sphere":{"unit":"D","value":-5.27},"Cylinder":{"unit":"D","value":3.11},"Axis":{"unit":"deg","value":89}},"TargetEye":"Bino"}},"PD":{"Distance":{"value":62.9,"unit":"mm"}}}